Joueur,Adversaire,Nombre de rencontres,Nombre de victoires,% Victoire,Nombre de rencontres (hard),Nombre de victoires (hard),% Victoire (hard),Nombre de rencontres (clay),Nombre de victoires (clay),% Victoire (clay),Nombre de rencontres (grass),Nombre de victoires (grass),% Victoire (grass),Nombre de rencontres (various),Nombre de victoires (various),% Victoire (various),player_key,Rang,player_bday,Nombre titres total,Victoire totale,Victoire Hard,Victoire Clay,Victoire Grass,Age,% victoire général,% victoire hard,% victoire clay,% victoire grass,matches_won_top100,% victoire contre top 100
L. Fernandez,A. Muhammad,1.0,1.0,100.0,1.0,1.0,100.0,0.0,0.0,0.0,0.0,0.0,0.0,0.0,0.0,0.0,1356.0,732.0,01.01.1970,1.0,36.0,36.0,0.0,0.0,54.0,23.52941176470588,40.0,0.0,0.0,0.0,0.0
L. Fernandez,D. Seguel,1.0,1.0,100.0,0.0,0.0,0.0,0.0,0.0,0.0,0.0,0.0,0.0,1.0,1.0,100.0,1356.0,732.0,01.01.1970,1.0,36.0,36.0,0.0,0.0,54.0,23.52941176470588,40.0,0.0,0.0,0.0,0.0
L. Fernandez,K. Baindl,1.0,1.0,100.0,0.0,0.0,0.0,0.0,0.0,0.0,1.0,1.0,100.0,0.0,0.0,0.0,1356.0,732.0,01.01.1970,1.0,36.0,36.0,0.0,0.0,54.0,23.52941176470588,40.0,0.0,0.0,0.0,0.0
L. Fernandez,Y. Wickmayer,1.0,1.0,100.0,0.0,0.0,0.0,0.0,0.0,0.0,0.0,0.0,0.0,1.0,1.0,100.0,1356.0,732.0,01.01.1970,1.0,36.0,36.0,0.0,0.0,54.0,23.52941176470588,40.0,0.0,0.0,0.0,0.0
L. Fernandez,A. Blinkova,1.0,1.0,100.0,1.0,1.0,100.0,0.0,0.0,0.0,0.0,0.0,0.0,0.0,0.0,0.0,1356.0,732.0,01.01.1970,1.0,36.0,36.0,0.0,0.0,54.0,23.52941176470588,40.0,0.0,0.0,0.0,0.0
L. Fernandez,A. Potapova,1.0,1.0,100.0,0.0,0.0,0.0,1.0,1.0,100.0,0.0,0.0,0.0,0.0,0.0,0.0,1356.0,732.0,01.01.1970,1.0,36.0,36.0,0.0,0.0,54.0,23.52941176470588,40.0,0.0,0.0,0.0,0.0
L. Fernandez,S. Kenin,1.0,0.0,0.0,1.0,0.0,0.0,0.0,0.0,0.0,0.0,0.0,0.0,0.0,0.0,0.0,1356.0,732.0,01.01.1970,1.0,36.0,36.0,0.0,0.0,54.0,23.52941176470588,40.0,0.0,0.0,0.0,0.0
L. Fernandez,A. Parks,1.0,0.0,0.0,1.0,0.0,0.0,0.0,0.0,0.0,0.0,0.0,0.0,0.0,0.0,0.0,1356.0,732.0,01.01.1970,1.0,36.0,36.0,0.0,0.0,54.0,23.52941176470588,40.0,0.0,0.0,0.0,0.0
L. Fernandez,O. Jabeur,2.0,0.0,0.0,0.0,0.0,0.0,2.0,0.0,0.0,0.0,0.0,0.0,0.0,0.0,0.0,1356.0,732.0,01.01.1970,1.0,36.0,36.0,0.0,0.0,54.0,23.52941176470588,40.0,0.0,0.0,0.0,0.0
L. Fernandez,C. Garcia,1.0,0.0,0.0,0.0,0.0,0.0,0.0,0.0,0.0,1.0,0.0,0.0,0.0,0.0,0.0,1356.0,732.0,01.01.1970,1.0,36.0,36.0,0.0,0.0,54.0,23.52941176470588,40.0,0.0,0.0,0.0,0.0
N. Hibino,M. Frech,1.0,1.0,100.0,1.0,1.0,100.0,0.0,0.0,0.0,0.0,0.0,0.0,0.0,0.0,0.0,465.0,49.0,28.11.1994,17.0,428.0,319.0,75.0,31.0,29.0,0.0,0.0,0.0,0.0,0.0,0.0
N. Hibino,M. Kostyuk,1.0,0.0,0.0,1.0,0.0,0.0,0.0,0.0,0.0,0.0,0.0,0.0,0.0,0.0,0.0,465.0,49.0,28.11.1994,17.0,428.0,319.0,75.0,31.0,29.0,0.0,0.0,0.0,0.0,0.0,0.0
N. Hibino,E. Arango,1.0,0.0,0.0,1.0,0.0,0.0,0.0,0.0,0.0,0.0,0.0,0.0,0.0,0.0,0.0,465.0,49.0,28.11.1994,17.0,428.0,319.0,75.0,31.0,29.0,0.0,0.0,0.0,0.0,0.0,0.0
Z. Bai,C. Paquet,1.0,1.0,100.0,1.0,1.0,100.0,0.0,0.0,0.0,0.0,0.0,0.0,0.0,0.0,0.0,9107.0,88.0,01.01.2002,15.0,142.0,127.0,11.0,4.0,22.0,50.0,50.0,0.0,0.0,0.0,0.0
G. Ruse,M. Kubka,1.0,1.0,100.0,1.0,1.0,100.0,0.0,0.0,0.0,0.0,0.0,0.0,0.0,0.0,0.0,1151.0,37.0,06.11.1997,4.0,207.0,99.0,78.0,23.0,26.0,36.84210526315789,41.17647058823529,0.0,0.0,0.0,0.0
G. Ruse,E. Mertens,1.0,0.0,0.0,1.0,0.0,0.0,0.0,0.0,0.0,0.0,0.0,0.0,0.0,0.0,0.0,1151.0,37.0,06.11.1997,4.0,207.0,99.0,78.0,23.0,26.0,36.84210526315789,41.17647058823529,0.0,0.0,0.0,0.0
F. Ferro,V. Azarenka,1.0,0.0,0.0,1.0,0.0,0.0,0.0,0.0,0.0,0.0,0.0,0.0,0.0,0.0,0.0,526.0,42.0,12.03.1997,6.0,182.0,82.0,94.0,6.0,27.0,52.94117647058824,52.94117647058824,0.0,0.0,0.0,0.0
C. Garcia,L. Fernandez,1.0,1.0,100.0,0.0,0.0,0.0,0.0,0.0,0.0,1.0,1.0,100.0,0.0,0.0,0.0,1148.0,2.0,16.10.1993,21.0,574.0,354.0,149.0,66.0,30.0,66.27906976744185,67.46987951807229,33.33333333333333,0.0,0.0,0.0
C. Garcia,A. Kalinina,1.0,1.0,100.0,1.0,1.0,100.0,0.0,0.0,0.0,0.0,0.0,0.0,0.0,0.0,0.0,1148.0,2.0,16.10.1993,21.0,574.0,354.0,149.0,66.0,30.0,66.27906976744185,67.46987951807229,33.33333333333333,0.0,0.0,0.0
C. Garcia,M. Keys,1.0,1.0,100.0,1.0,1.0,100.0,0.0,0.0,0.0,0.0,0.0,0.0,0.0,0.0,0.0,1148.0,2.0,16.10.1993,21.0,574.0,354.0,149.0,66.0,30.0,66.27906976744185,67.46987951807229,33.33333333333333,0.0,0.0,0.0
C. Garcia,J. Fourlis,1.0,1.0,100.0,0.0,0.0,0.0,0.0,0.0,0.0,1.0,1.0,100.0,0.0,0.0,0.0,1148.0,2.0,16.10.1993,21.0,574.0,354.0,149.0,66.0,30.0,66.27906976744185,67.46987951807229,33.33333333333333,0.0,0.0,0.0
C. Garcia,E. Cocciaretto,1.0,1.0,100.0,1.0,1.0,100.0,0.0,0.0,0.0,0.0,0.0,0.0,0.0,0.0,0.0,1148.0,2.0,16.10.1993,21.0,574.0,354.0,149.0,66.0,30.0,66.27906976744185,67.46987951807229,33.33333333333333,0.0,0.0,0.0
C. Garcia,C. Gauff,1.0,1.0,100.0,1.0,1.0,100.0,0.0,0.0,0.0,0.0,0.0,0.0,0.0,0.0,0.0,1148.0,2.0,16.10.1993,21.0,574.0,354.0,149.0,66.0,30.0,66.27906976744185,67.46987951807229,33.33333333333333,0.0,0.0,0.0
C. Garcia,S. Stephens,1.0,0.0,0.0,1.0,0.0,0.0,0.0,0.0,0.0,0.0,0.0,0.0,0.0,0.0,0.0,1148.0,2.0,16.10.1993,21.0,574.0,354.0,149.0,66.0,30.0,66.27906976744185,67.46987951807229,33.33333333333333,0.0,0.0,0.0
C. Garcia,S. Kenin,1.0,0.0,0.0,0.0,0.0,0.0,1.0,0.0,0.0,0.0,0.0,0.0,0.0,0.0,0.0,1148.0,2.0,16.10.1993,21.0,574.0,354.0,149.0,66.0,30.0,66.27906976744185,67.46987951807229,33.33333333333333,0.0,0.0,0.0
C. Garcia,B. Haddad Maia,1.0,0.0,0.0,1.0,0.0,0.0,0.0,0.0,0.0,0.0,0.0,0.0,0.0,0.0,0.0,1148.0,2.0,16.10.1993,21.0,574.0,354.0,149.0,66.0,30.0,66.27906976744185,67.46987951807229,33.33333333333333,0.0,0.0,0.0
C. Garcia,I. Swiatek,1.0,0.0,0.0,1.0,0.0,0.0,0.0,0.0,0.0,0.0,0.0,0.0,0.0,0.0,0.0,1148.0,2.0,16.10.1993,21.0,574.0,354.0,149.0,66.0,30.0,66.27906976744185,67.46987951807229,33.33333333333333,0.0,0.0,0.0
C. Garcia,J. Paolini,1.0,0.0,0.0,0.0,0.0,0.0,1.0,0.0,0.0,0.0,0.0,0.0,0.0,0.0,0.0,1148.0,2.0,16.10.1993,21.0,574.0,354.0,149.0,66.0,30.0,66.27906976744185,67.46987951807229,33.33333333333333,0.0,0.0,0.0
C. Garcia,M. Bouzkova,1.0,0.0,0.0,0.0,0.0,0.0,0.0,0.0,0.0,1.0,0.0,0.0,0.0,0.0,0.0,1148.0,2.0,16.10.1993,21.0,574.0,354.0,149.0,66.0,30.0,66.27906976744185,67.46987951807229,33.33333333333333,0.0,0.0,0.0
C. Garcia,D. Collins,1.0,0.0,0.0,1.0,0.0,0.0,0.0,0.0,0.0,0.0,0.0,0.0,0.0,0.0,0.0,1148.0,2.0,16.10.1993,21.0,574.0,354.0,149.0,66.0,30.0,66.27906976744185,67.46987951807229,33.33333333333333,0.0,0.0,0.0
M. Bellucci,A. Moro Canas,1.0,1.0,100.0,0.0,0.0,0.0,1.0,1.0,100.0,0.0,0.0,0.0,0.0,0.0,0.0,2112.0,153.0,01.06.2001,14.0,201.0,148.0,47.0,6.0,23.0,34.78260869565217,25.0,40.0,0.0,0.0,0.0
M. Boosie,M. Barry,1.0,0.0,0.0,0.0,0.0,0.0,0.0,0.0,0.0,0.0,0.0,0.0,1.0,0.0,0.0,66526.0,0.0,01.01.1970,4.0,4.0,4.0,4.0,4.0,54.0,56.09756097560976,54.285714285714285,66.66666666666666,0.0,0.0,0.0
T. Kokkinakis,D. E. Galan,1.0,1.0,100.0,1.0,1.0,100.0,0.0,0.0,0.0,0.0,0.0,0.0,0.0,0.0,0.0,426.0,15.0,10.04.1996,13.0,316.0,235.0,67.0,12.0,28.0,50.0,0.0,55.55555555555556,0.0,0.0,0.0
T. Kokkinakis,J. Sinner,1.0,0.0,0.0,1.0,0.0,0.0,0.0,0.0,0.0,0.0,0.0,0.0,0.0,0.0,0.0,426.0,15.0,10.04.1996,13.0,316.0,235.0,67.0,12.0,28.0,50.0,0.0,55.55555555555556,0.0,0.0,0.0
T. Kokkinakis,J. Draper,1.0,0.0,0.0,0.0,0.0,0.0,0.0,0.0,0.0,0.0,0.0,0.0,1.0,0.0,0.0,426.0,15.0,10.04.1996,13.0,316.0,235.0,67.0,12.0,28.0,50.0,0.0,55.55555555555556,0.0,0.0,0.0
D. Shapovalov,T. M. Etcheverry,1.0,1.0,100.0,0.0,0.0,0.0,1.0,1.0,100.0,0.0,0.0,0.0,0.0,0.0,0.0,431.0,12.0,15.04.1999,7.0,332.0,224.0,68.0,37.0,25.0,70.0,0.0,70.0,0.0,0.0,0.0
M. P. Perez Garcia,B. F. Maguina,1.0,1.0,100.0,0.0,0.0,0.0,0.0,0.0,0.0,0.0,0.0,0.0,1.0,1.0,100.0,136.0,118.0,10.01.1996,6.0,136.0,43.0,86.0,0.0,28.0,0.0,0.0,0.0,0.0,0.0,0.0
P. Kotov,P. Cachin,1.0,1.0,100.0,0.0,0.0,0.0,1.0,1.0,100.0,0.0,0.0,0.0,0.0,0.0,0.0,415.0,56.0,18.11.1998,4.0,197.0,108.0,86.0,3.0,25.0,50.0,0.0,50.0,0.0,0.0,0.0
P. Kotov,T. Griekspoor,1.0,1.0,100.0,1.0,1.0,100.0,0.0,0.0,0.0,0.0,0.0,0.0,0.0,0.0,0.0,415.0,56.0,18.11.1998,4.0,197.0,108.0,86.0,3.0,25.0,50.0,0.0,50.0,0.0,0.0,0.0
P. Kotov,F. Cobolli,1.0,1.0,100.0,0.0,0.0,0.0,1.0,1.0,100.0,0.0,0.0,0.0,0.0,0.0,0.0,415.0,56.0,18.11.1998,4.0,197.0,108.0,86.0,3.0,25.0,50.0,0.0,50.0,0.0,0.0,0.0
P. Kotov,L. Tu,1.0,0.0,0.0,0.0,0.0,0.0,0.0,0.0,0.0,1.0,0.0,0.0,0.0,0.0,0.0,415.0,56.0,18.11.1998,4.0,197.0,108.0,86.0,3.0,25.0,50.0,0.0,50.0,0.0,0.0,0.0
P. Kotov,U. Humbert,1.0,0.0,0.0,1.0,0.0,0.0,0.0,0.0,0.0,0.0,0.0,0.0,0.0,0.0,0.0,415.0,56.0,18.11.1998,4.0,197.0,108.0,86.0,3.0,25.0,50.0,0.0,50.0,0.0,0.0,0.0
P. Kotov,M. Krueger,1.0,0.0,0.0,1.0,0.0,0.0,0.0,0.0,0.0,0.0,0.0,0.0,0.0,0.0,0.0,415.0,56.0,18.11.1998,4.0,197.0,108.0,86.0,3.0,25.0,50.0,0.0,50.0,0.0,0.0,0.0
P. Kotov,E. Ruusuvuori,1.0,0.0,0.0,1.0,0.0,0.0,0.0,0.0,0.0,0.0,0.0,0.0,0.0,0.0,0.0,415.0,56.0,18.11.1998,4.0,197.0,108.0,86.0,3.0,25.0,50.0,0.0,50.0,0.0,0.0,0.0
F. Bagnis,J. M. Cerundolo,1.0,1.0,100.0,0.0,0.0,0.0,1.0,1.0,100.0,0.0,0.0,0.0,0.0,0.0,0.0,1089.0,56.0,27.02.1990,30.0,682.0,38.0,644.0,0.0,34.0,46.666666666666664,50.0,0.0,0.0,46.0,6.744868035190615
F. Bagnis,G. Zeppieri,1.0,1.0,100.0,0.0,0.0,0.0,1.0,1.0,100.0,0.0,0.0,0.0,0.0,0.0,0.0,1089.0,56.0,27.02.1990,30.0,682.0,38.0,644.0,0.0,34.0,46.666666666666664,50.0,0.0,0.0,46.0,6.744868035190615
F. Bagnis,J. Lehecka,1.0,0.0,0.0,1.0,0.0,0.0,0.0,0.0,0.0,0.0,0.0,0.0,0.0,0.0,0.0,1089.0,56.0,27.02.1990,30.0,682.0,38.0,644.0,0.0,34.0,46.666666666666664,50.0,0.0,0.0,46.0,6.744868035190615
D. Medvedev,T. Paul,1.0,1.0,100.0,1.0,1.0,100.0,0.0,0.0,0.0,0.0,0.0,0.0,0.0,0.0,0.0,1093.0,0.0,11.02.1996,23.0,462.0,353.0,59.0,49.0,28.0,20.0,0.0,33.33333333333333,0.0,61.0,13.203463203463203
D. Medvedev,G. Dimitrov,1.0,1.0,100.0,1.0,1.0,100.0,0.0,0.0,0.0,0.0,0.0,0.0,0.0,0.0,0.0,1093.0,0.0,11.02.1996,23.0,462.0,353.0,59.0,49.0,28.0,20.0,0.0,33.33333333333333,0.0,61.0,13.203463203463203
D. Medvedev,C. Eubanks,1.0,1.0,100.0,1.0,1.0,100.0,0.0,0.0,0.0,0.0,0.0,0.0,0.0,0.0,0.0,1093.0,0.0,11.02.1996,23.0,462.0,353.0,59.0,49.0,28.0,20.0,0.0,33.33333333333333,0.0,61.0,13.203463203463203
D. Medvedev,N. Jarry,1.0,1.0,100.0,1.0,1.0,100.0,0.0,0.0,0.0,0.0,0.0,0.0,0.0,0.0,0.0,1093.0,0.0,11.02.1996,23.0,462.0,353.0,59.0,49.0,28.0,20.0,0.0,33.33333333333333,0.0,61.0,13.203463203463203
D. Medvedev,F. Auger-Aliassime,1.0,1.0,100.0,1.0,1.0,100.0,0.0,0.0,0.0,0.0,0.0,0.0,0.0,0.0,0.0,1093.0,0.0,11.02.1996,23.0,462.0,353.0,59.0,49.0,28.0,20.0,0.0,33.33333333333333,0.0,61.0,13.203463203463203
D. Medvedev,R. Carballes Baena,1.0,1.0,100.0,1.0,1.0,100.0,0.0,0.0,0.0,0.0,0.0,0.0,0.0,0.0,0.0,1093.0,0.0,11.02.1996,23.0,462.0,353.0,59.0,49.0,28.0,20.0,0.0,33.33333333333333,0.0,61.0,13.203463203463203
D. Medvedev,A. Shevchenko,1.0,1.0,100.0,0.0,0.0,0.0,1.0,1.0,100.0,0.0,0.0,0.0,0.0,0.0,0.0,1093.0,0.0,11.02.1996,23.0,462.0,353.0,59.0,49.0,28.0,20.0,0.0,33.33333333333333,0.0,61.0,13.203463203463203
D. Medvedev,T. Atmane,1.0,1.0,100.0,1.0,1.0,100.0,0.0,0.0,0.0,0.0,0.0,0.0,0.0,0.0,0.0,1093.0,0.0,11.02.1996,23.0,462.0,353.0,59.0,49.0,28.0,20.0,0.0,33.33333333333333,0.0,61.0,13.203463203463203
D. Medvedev,Y. Hanfmann,1.0,1.0,100.0,0.0,0.0,0.0,1.0,1.0,100.0,0.0,0.0,0.0,0.0,0.0,0.0,1093.0,0.0,11.02.1996,23.0,462.0,353.0,59.0,49.0,28.0,20.0,0.0,33.33333333333333,0.0,61.0,13.203463203463203
D. Medvedev,A. Rublev,2.0,2.0,100.0,2.0,2.0,100.0,0.0,0.0,0.0,0.0,0.0,0.0,0.0,0.0,0.0,1093.0,0.0,11.02.1996,23.0,462.0,353.0,59.0,49.0,28.0,20.0,0.0,33.33333333333333,0.0,61.0,13.203463203463203
D. Medvedev,F. Tiafoe,1.0,1.0,100.0,1.0,1.0,100.0,0.0,0.0,0.0,0.0,0.0,0.0,0.0,0.0,0.0,1093.0,0.0,11.02.1996,23.0,462.0,353.0,59.0,49.0,28.0,20.0,0.0,33.33333333333333,0.0,61.0,13.203463203463203
D. Medvedev,A. Zverev,1.0,1.0,100.0,1.0,1.0,100.0,0.0,0.0,0.0,0.0,0.0,0.0,0.0,0.0,0.0,1093.0,0.0,11.02.1996,23.0,462.0,353.0,59.0,49.0,28.0,20.0,0.0,33.33333333333333,0.0,61.0,13.203463203463203
D. Medvedev,N. Borges,1.0,1.0,100.0,1.0,1.0,100.0,0.0,0.0,0.0,0.0,0.0,0.0,0.0,0.0,0.0,1093.0,0.0,11.02.1996,23.0,462.0,353.0,59.0,49.0,28.0,20.0,0.0,33.33333333333333,0.0,61.0,13.203463203463203
D. Medvedev,H. Rune,2.0,1.0,50.0,1.0,1.0,100.0,1.0,0.0,0.0,0.0,0.0,0.0,0.0,0.0,0.0,1093.0,0.0,11.02.1996,23.0,462.0,353.0,59.0,49.0,28.0,20.0,0.0,33.33333333333333,0.0,61.0,13.203463203463203
D. Medvedev,J. Sinner,3.0,1.0,33.33333333333333,3.0,1.0,33.33333333333333,0.0,0.0,0.0,0.0,0.0,0.0,0.0,0.0,0.0,1093.0,0.0,11.02.1996,23.0,462.0,353.0,59.0,49.0,28.0,20.0,0.0,33.33333333333333,0.0,61.0,13.203463203463203
D. Medvedev,C. Alcaraz,3.0,1.0,33.33333333333333,3.0,1.0,33.33333333333333,0.0,0.0,0.0,0.0,0.0,0.0,0.0,0.0,0.0,1093.0,0.0,11.02.1996,23.0,462.0,353.0,59.0,49.0,28.0,20.0,0.0,33.33333333333333,0.0,61.0,13.203463203463203
D. Medvedev,N. Djokovic,1.0,0.0,0.0,1.0,0.0,0.0,0.0,0.0,0.0,0.0,0.0,0.0,0.0,0.0,0.0,1093.0,0.0,11.02.1996,23.0,462.0,353.0,59.0,49.0,28.0,20.0,0.0,33.33333333333333,0.0,61.0,13.203463203463203
D. Medvedev,A. Karatsev,1.0,0.0,0.0,0.0,0.0,0.0,1.0,0.0,0.0,0.0,0.0,0.0,0.0,0.0,0.0,1093.0,0.0,11.02.1996,23.0,462.0,353.0,59.0,49.0,28.0,20.0,0.0,33.33333333333333,0.0,61.0,13.203463203463203
I. Shymanovich,R. Vicens Mas,1.0,0.0,0.0,0.0,0.0,0.0,1.0,0.0,0.0,0.0,0.0,0.0,0.0,0.0,0.0,223.0,71.0,30.06.1997,12.0,187.0,94.0,90.0,3.0,26.0,41.17647058823529,47.368421052631575,33.33333333333333,0.0,0.0,0.0
J. Fonseca,M. Navone,1.0,0.0,0.0,0.0,0.0,0.0,1.0,0.0,0.0,0.0,0.0,0.0,0.0,0.0,0.0,40058.0,242.0,21.08.2006,2.0,74.0,17.0,49.0,8.0,17.0,47.82608695652174,47.82608695652174,0.0,0.0,0.0,0.0
J. Fonseca,A. Moro Canas,1.0,0.0,0.0,0.0,0.0,0.0,0.0,0.0,0.0,1.0,0.0,0.0,0.0,0.0,0.0,40058.0,242.0,21.08.2006,2.0,74.0,17.0,49.0,8.0,17.0,47.82608695652174,47.82608695652174,0.0,0.0,0.0,0.0
Z. Bergs,D. Sweeny,1.0,0.0,0.0,1.0,0.0,0.0,0.0,0.0,0.0,0.0,0.0,0.0,0.0,0.0,0.0,1064.0,81.0,03.06.1999,10.0,205.0,123.0,63.0,16.0,25.0,30.76923076923077,30.76923076923077,0.0,0.0,0.0,0.0
Z. Bergs,A. Kovacevic,1.0,0.0,0.0,1.0,0.0,0.0,0.0,0.0,0.0,0.0,0.0,0.0,0.0,0.0,0.0,1064.0,81.0,03.06.1999,10.0,205.0,123.0,63.0,16.0,25.0,30.76923076923077,30.76923076923077,0.0,0.0,0.0,0.0
A. Vatutin,B. Bonzi,1.0,0.0,0.0,0.0,0.0,0.0,1.0,0.0,0.0,0.0,0.0,0.0,0.0,0.0,0.0,1878.0,172.0,27.10.1992,7.0,330.0,187.0,142.0,1.0,31.0,77.77777777777779,85.71428571428571,0.0,0.0,0.0,0.0
A. Pavlyuchenkova,M. Vondrousova,1.0,1.0,100.0,1.0,1.0,100.0,0.0,0.0,0.0,0.0,0.0,0.0,0.0,0.0,0.0,2694.0,11.0,03.07.1991,19.0,640.0,432.0,169.0,37.0,32.0,54.54545454545454,42.857142857142854,60.0,0.0,0.0,0.0
A. Pavlyuchenkova,E. Mertens,1.0,1.0,100.0,0.0,0.0,0.0,1.0,1.0,100.0,0.0,0.0,0.0,0.0,0.0,0.0,2694.0,11.0,03.07.1991,19.0,640.0,432.0,169.0,37.0,32.0,54.54545454545454,42.857142857142854,60.0,0.0,0.0,0.0
A. Pavlyuchenkova,L. Noskova,1.0,1.0,100.0,1.0,1.0,100.0,0.0,0.0,0.0,0.0,0.0,0.0,0.0,0.0,0.0,2694.0,11.0,03.07.1991,19.0,640.0,432.0,169.0,37.0,32.0,54.54545454545454,42.857142857142854,60.0,0.0,0.0,0.0
A. Pavlyuchenkova,Xin. Wang,1.0,1.0,100.0,1.0,1.0,100.0,0.0,0.0,0.0,0.0,0.0,0.0,0.0,0.0,0.0,2694.0,11.0,03.07.1991,19.0,640.0,432.0,169.0,37.0,32.0,54.54545454545454,42.857142857142854,60.0,0.0,0.0,0.0
A. Pavlyuchenkova,K. Muchova,1.0,0.0,0.0,0.0,0.0,0.0,1.0,0.0,0.0,0.0,0.0,0.0,0.0,0.0,0.0,2694.0,11.0,03.07.1991,19.0,640.0,432.0,169.0,37.0,32.0,54.54545454545454,42.857142857142854,60.0,0.0,0.0,0.0
A. Pavlyuchenkova,E. Svitolina,1.0,0.0,0.0,1.0,0.0,0.0,0.0,0.0,0.0,0.0,0.0,0.0,0.0,0.0,0.0,2694.0,11.0,03.07.1991,19.0,640.0,432.0,169.0,37.0,32.0,54.54545454545454,42.857142857142854,60.0,0.0,0.0,0.0
A. Pavlyuchenkova,A. Anisimova,1.0,0.0,0.0,1.0,0.0,0.0,0.0,0.0,0.0,0.0,0.0,0.0,0.0,0.0,0.0,2694.0,11.0,03.07.1991,19.0,640.0,432.0,169.0,37.0,32.0,54.54545454545454,42.857142857142854,60.0,0.0,0.0,0.0
G. Pella,T. Griekspoor,1.0,0.0,0.0,1.0,0.0,0.0,0.0,0.0,0.0,0.0,0.0,0.0,0.0,0.0,0.0,2829.0,25.0,17.05.1990,21.0,456.0,97.0,339.0,16.0,34.0,40.0,0.0,33.33333333333333,50.0,0.0,0.0
M. Brengle,B. Pera,1.0,0.0,0.0,1.0,0.0,0.0,0.0,0.0,0.0,0.0,0.0,0.0,0.0,0.0,0.0,2391.0,40.0,03.04.1990,20.0,440.0,302.0,92.0,41.0,34.0,41.17647058823529,28.57142857142857,62.5,0.0,45.0,10.227272727272728
L. Pouille,R. Gasquet,1.0,1.0,100.0,0.0,0.0,0.0,1.0,1.0,100.0,0.0,0.0,0.0,0.0,0.0,0.0,1774.0,0.0,23.02.1994,15.0,376.0,223.0,130.0,33.0,30.0,36.84210526315789,0.0,50.0,0.0,109.0,28.98936170212766
R. Bautista-Agut,D. E. Galan,1.0,1.0,100.0,0.0,0.0,0.0,1.0,1.0,100.0,0.0,0.0,0.0,0.0,0.0,0.0,2734.0,9.0,14.04.1988,14.0,565.0,355.0,156.0,51.0,36.0,60.0,50.0,61.19402985074627,0.0,0.0,0.0
L. Noskova,D. Kasatkina,1.0,1.0,100.0,1.0,1.0,100.0,0.0,0.0,0.0,0.0,0.0,0.0,0.0,0.0,0.0,447.0,29.0,17.11.2004,8.0,181.0,126.0,52.0,2.0,19.0,33.33333333333333,33.33333333333333,0.0,0.0,0.0,0.0
L. Noskova,A. Kalinskaya,1.0,1.0,100.0,1.0,1.0,100.0,0.0,0.0,0.0,0.0,0.0,0.0,0.0,0.0,0.0,447.0,29.0,17.11.2004,8.0,181.0,126.0,52.0,2.0,19.0,33.33333333333333,33.33333333333333,0.0,0.0,0.0,0.0
L. Noskova,C. Liu,1.0,1.0,100.0,1.0,1.0,100.0,0.0,0.0,0.0,0.0,0.0,0.0,0.0,0.0,0.0,447.0,29.0,17.11.2004,8.0,181.0,126.0,52.0,2.0,19.0,33.33333333333333,33.33333333333333,0.0,0.0,0.0,0.0
L. Noskova,I. Swiatek,1.0,1.0,100.0,1.0,1.0,100.0,0.0,0.0,0.0,0.0,0.0,0.0,0.0,0.0,0.0,447.0,29.0,17.11.2004,8.0,181.0,126.0,52.0,2.0,19.0,33.33333333333333,33.33333333333333,0.0,0.0,0.0,0.0
L. Noskova,A. Potapova,1.0,1.0,100.0,1.0,1.0,100.0,0.0,0.0,0.0,0.0,0.0,0.0,0.0,0.0,0.0,447.0,29.0,17.11.2004,8.0,181.0,126.0,52.0,2.0,19.0,33.33333333333333,33.33333333333333,0.0,0.0,0.0,0.0
L. Noskova,M. Andreeva,1.0,0.0,0.0,0.0,0.0,0.0,1.0,0.0,0.0,0.0,0.0,0.0,0.0,0.0,0.0,447.0,29.0,17.11.2004,8.0,181.0,126.0,52.0,2.0,19.0,33.33333333333333,33.33333333333333,0.0,0.0,0.0,0.0
L. Noskova,A. Pavlyuchenkova,1.0,0.0,0.0,1.0,0.0,0.0,0.0,0.0,0.0,0.0,0.0,0.0,0.0,0.0,0.0,447.0,29.0,17.11.2004,8.0,181.0,126.0,52.0,2.0,19.0,33.33333333333333,33.33333333333333,0.0,0.0,0.0,0.0
L. Noskova,A. Sabalenka,1.0,0.0,0.0,1.0,0.0,0.0,0.0,0.0,0.0,0.0,0.0,0.0,0.0,0.0,0.0,447.0,29.0,17.11.2004,8.0,181.0,126.0,52.0,2.0,19.0,33.33333333333333,33.33333333333333,0.0,0.0,0.0,0.0
B. Holt,J. Rodionov,1.0,0.0,0.0,0.0,0.0,0.0,1.0,0.0,0.0,0.0,0.0,0.0,0.0,0.0,0.0,8158.0,217.0,06.04.1998,8.0,159.0,155.0,3.0,1.0,26.0,0.0,0.0,0.0,0.0,0.0,0.0
M. Landaluce,D. Altmaier,1.0,0.0,0.0,0.0,0.0,0.0,1.0,0.0,0.0,0.0,0.0,0.0,0.0,0.0,0.0,39864.0,323.0,08.01.2006,2.0,55.0,30.0,18.0,7.0,18.0,48.837209302325576,48.837209302325576,0.0,0.0,0.0,0.0
Ar. Rodionova,G. Olmos,1.0,1.0,100.0,0.0,0.0,0.0,0.0,0.0,0.0,0.0,0.0,0.0,1.0,1.0,100.0,453.0,57.0,15.12.1989,16.0,521.0,398.0,51.0,69.0,34.0,41.66666666666667,42.857142857142854,40.0,0.0,0.0,0.0
Ar. Rodionova,A. Sharma,1.0,0.0,0.0,0.0,0.0,0.0,1.0,0.0,0.0,0.0,0.0,0.0,0.0,0.0,0.0,453.0,57.0,15.12.1989,16.0,521.0,398.0,51.0,69.0,34.0,41.66666666666667,42.857142857142854,40.0,0.0,0.0,0.0
Ar. Rodionova,M. Bassols,1.0,0.0,0.0,1.0,0.0,0.0,0.0,0.0,0.0,0.0,0.0,0.0,0.0,0.0,0.0,453.0,57.0,15.12.1989,16.0,521.0,398.0,51.0,69.0,34.0,41.66666666666667,42.857142857142854,40.0,0.0,0.0,0.0
G. Blancaneaux,R. Bonadio,1.0,1.0,100.0,0.0,0.0,0.0,1.0,1.0,100.0,0.0,0.0,0.0,0.0,0.0,0.0,409.0,0.0,08.08.1998,12.0,245.0,118.0,126.0,7.0,25.0,50.0,0.0,50.0,0.0,0.0,0.0
V. Kopriva,R. Safiullin,1.0,0.0,0.0,0.0,0.0,0.0,1.0,0.0,0.0,0.0,0.0,0.0,0.0,0.0,0.0,1083.0,127.0,15.06.1997,5.0,185.0,34.0,149.0,1.0,27.0,59.375,59.375,0.0,0.0,0.0,0.0
E. Bektas,E. Alexandrova,1.0,0.0,0.0,0.0,0.0,0.0,0.0,0.0,0.0,1.0,0.0,0.0,0.0,0.0,0.0,1796.0,0.0,30.03.1993,21.0,225.0,194.0,14.0,23.0,31.0,33.33333333333333,20.0,0.0,0.0,7.0,3.111111111111111
K. Sebov,R. Marino,1.0,0.0,0.0,1.0,0.0,0.0,0.0,0.0,0.0,0.0,0.0,0.0,0.0,0.0,0.0,6701.0,145.0,05.01.1999,5.0,142.0,131.0,7.0,3.0,25.0,53.84615384615385,60.0,0.0,50.0,0.0,0.0
N. Djokovic,D. Medvedev,1.0,1.0,100.0,1.0,1.0,100.0,0.0,0.0,0.0,0.0,0.0,0.0,0.0,0.0,0.0,1905.0,1.0,22.05.1987,99.0,1187.0,762.0,290.0,128.0,37.0,50.0,33.33333333333333,66.66666666666666,0.0,0.0,0.0
N. Djokovic,K. Khachanov,1.0,1.0,100.0,0.0,0.0,0.0,1.0,1.0,100.0,0.0,0.0,0.0,0.0,0.0,0.0,1905.0,1.0,22.05.1987,99.0,1187.0,762.0,290.0,128.0,37.0,50.0,33.33333333333333,66.66666666666666,0.0,0.0,0.0
N. Djokovic,A. Davidovich Fokina,1.0,1.0,100.0,0.0,0.0,0.0,1.0,1.0,100.0,0.0,0.0,0.0,0.0,0.0,0.0,1905.0,1.0,22.05.1987,99.0,1187.0,762.0,290.0,128.0,37.0,50.0,33.33333333333333,66.66666666666666,0.0,0.0,0.0
N. Djokovic,H. Hurkacz,1.0,1.0,100.0,1.0,1.0,100.0,0.0,0.0,0.0,0.0,0.0,0.0,0.0,0.0,0.0,1905.0,1.0,22.05.1987,99.0,1187.0,762.0,290.0,128.0,37.0,50.0,33.33333333333333,66.66666666666666,0.0,0.0,0.0
N. Djokovic,J. Thompson,1.0,1.0,100.0,0.0,0.0,0.0,0.0,0.0,0.0,1.0,1.0,100.0,0.0,0.0,0.0,1905.0,1.0,22.05.1987,99.0,1187.0,762.0,290.0,128.0,37.0,50.0,33.33333333333333,66.66666666666666,0.0,0.0,0.0
N. Djokovic,T. Fritz,1.0,1.0,100.0,1.0,1.0,100.0,0.0,0.0,0.0,0.0,0.0,0.0,0.0,0.0,0.0,1905.0,1.0,22.05.1987,99.0,1187.0,762.0,290.0,128.0,37.0,50.0,33.33333333333333,66.66666666666666,0.0,0.0,0.0
N. Djokovic,A. De Minaur,1.0,1.0,100.0,0.0,0.0,0.0,1.0,1.0,100.0,0.0,0.0,0.0,0.0,0.0,0.0,1905.0,1.0,22.05.1987,99.0,1187.0,762.0,290.0,128.0,37.0,50.0,33.33333333333333,66.66666666666666,0.0,0.0,0.0
N. Djokovic,S. Tsitsipas,1.0,1.0,100.0,1.0,1.0,100.0,0.0,0.0,0.0,0.0,0.0,0.0,0.0,0.0,0.0,1905.0,1.0,22.05.1987,99.0,1187.0,762.0,290.0,128.0,37.0,50.0,33.33333333333333,66.66666666666666,0.0,0.0,0.0
N. Djokovic,B. Shelton,1.0,1.0,100.0,1.0,1.0,100.0,0.0,0.0,0.0,0.0,0.0,0.0,0.0,0.0,0.0,1905.0,1.0,22.05.1987,99.0,1187.0,762.0,290.0,128.0,37.0,50.0,33.33333333333333,66.66666666666666,0.0,0.0,0.0
N. Djokovic,T. M. Etcheverry,1.0,1.0,100.0,1.0,1.0,100.0,0.0,0.0,0.0,0.0,0.0,0.0,0.0,0.0,0.0,1905.0,1.0,22.05.1987,99.0,1187.0,762.0,290.0,128.0,37.0,50.0,33.33333333333333,66.66666666666666,0.0,0.0,0.0
N. Djokovic,J. Sinner,3.0,2.0,66.66666666666666,2.0,1.0,50.0,0.0,0.0,0.0,1.0,1.0,100.0,0.0,0.0,0.0,1905.0,1.0,22.05.1987,99.0,1187.0,762.0,290.0,128.0,37.0,50.0,33.33333333333333,66.66666666666666,0.0,0.0,0.0
N. Djokovic,C. Alcaraz,2.0,1.0,50.0,0.0,0.0,0.0,1.0,1.0,100.0,1.0,0.0,0.0,0.0,0.0,0.0,1905.0,1.0,22.05.1987,99.0,1187.0,762.0,290.0,128.0,37.0,50.0,33.33333333333333,66.66666666666666,0.0,0.0,0.0
N. Djokovic,H. Rune,2.0,1.0,50.0,1.0,1.0,100.0,1.0,0.0,0.0,0.0,0.0,0.0,0.0,0.0,0.0,1905.0,1.0,22.05.1987,99.0,1187.0,762.0,290.0,128.0,37.0,50.0,33.33333333333333,66.66666666666666,0.0,0.0,0.0
N. Djokovic,L. Musetti,1.0,0.0,0.0,0.0,0.0,0.0,1.0,0.0,0.0,0.0,0.0,0.0,0.0,0.0,0.0,1905.0,1.0,22.05.1987,99.0,1187.0,762.0,290.0,128.0,37.0,50.0,33.33333333333333,66.66666666666666,0.0,0.0,0.0
S. Bejlek,A. Hartono,1.0,1.0,100.0,0.0,0.0,0.0,1.0,1.0,100.0,0.0,0.0,0.0,0.0,0.0,0.0,9393.0,129.0,31.01.2006,9.0,122.0,19.0,101.0,2.0,18.0,52.083333333333336,55.88235294117647,37.5,50.0,0.0,0.0
S. Bejlek,K. Birrell,1.0,1.0,100.0,0.0,0.0,0.0,1.0,1.0,100.0,0.0,0.0,0.0,0.0,0.0,0.0,9393.0,129.0,31.01.2006,9.0,122.0,19.0,101.0,2.0,18.0,52.083333333333336,55.88235294117647,37.5,50.0,0.0,0.0
S. Bejlek,K. Rakhimova,1.0,0.0,0.0,0.0,0.0,0.0,1.0,0.0,0.0,0.0,0.0,0.0,0.0,0.0,0.0,9393.0,129.0,31.01.2006,9.0,122.0,19.0,101.0,2.0,18.0,52.083333333333336,55.88235294117647,37.5,50.0,0.0,0.0
M. Cecchinato,B. Shelton,1.0,1.0,100.0,0.0,0.0,0.0,1.0,1.0,100.0,0.0,0.0,0.0,0.0,0.0,0.0,1095.0,20.0,30.09.1992,18.0,486.0,40.0,444.0,2.0,31.0,59.61538461538461,62.5,50.0,0.0,0.0,0.0
M. Cecchinato,T. Skatov,1.0,1.0,100.0,0.0,0.0,0.0,1.0,1.0,100.0,0.0,0.0,0.0,0.0,0.0,0.0,1095.0,20.0,30.09.1992,18.0,486.0,40.0,444.0,2.0,31.0,59.61538461538461,62.5,50.0,0.0,0.0,0.0
M. Cecchinato,Y. Hanfmann,1.0,0.0,0.0,0.0,0.0,0.0,1.0,0.0,0.0,0.0,0.0,0.0,0.0,0.0,0.0,1095.0,20.0,30.09.1992,18.0,486.0,40.0,444.0,2.0,31.0,59.61538461538461,62.5,50.0,0.0,0.0,0.0
C. Hemery,P. Llamas Ruiz,1.0,0.0,0.0,0.0,0.0,0.0,0.0,0.0,0.0,0.0,0.0,0.0,0.0,0.0,0.0,1206.0,157.0,28.01.1995,7.0,285.0,94.0,189.0,2.0,29.0,14.285714285714285,0.0,20.0,0.0,3.0,1.0526315789473684
N. D. Ionel,C. H. Tseng,1.0,0.0,0.0,0.0,0.0,0.0,0.0,0.0,0.0,0.0,0.0,0.0,1.0,0.0,0.0,564.0,229.0,12.10.2002,10.0,251.0,67.0,181.0,1.0,21.0,77.77777777777779,77.77777777777779,0.0,0.0,0.0,0.0
L. Klein,C. Ruud,1.0,0.0,0.0,1.0,0.0,0.0,0.0,0.0,0.0,0.0,0.0,0.0,0.0,0.0,0.0,1969.0,118.0,22.03.1998,5.0,195.0,84.0,97.0,10.0,26.0,0.0,0.0,0.0,0.0,0.0,0.0
A. Zakharova,K. Birrell,1.0,1.0,100.0,1.0,1.0,100.0,0.0,0.0,0.0,0.0,0.0,0.0,0.0,0.0,0.0,1794.0,96.0,18.01.2002,12.0,205.0,181.0,24.0,0.0,22.0,30.76923076923077,0.0,28.57142857142857,0.0,0.0,0.0
A. Zakharova,A. Korneeva,1.0,0.0,0.0,1.0,0.0,0.0,0.0,0.0,0.0,0.0,0.0,0.0,0.0,0.0,0.0,1794.0,96.0,18.01.2002,12.0,205.0,181.0,24.0,0.0,22.0,30.76923076923077,0.0,28.57142857142857,0.0,0.0,0.0
E. Arango,N. Hibino,1.0,1.0,100.0,1.0,1.0,100.0,0.0,0.0,0.0,0.0,0.0,0.0,0.0,0.0,0.0,1802.0,115.0,28.11.2000,2.0,128.0,50.0,66.0,7.0,23.0,33.33333333333333,0.0,33.33333333333333,0.0,0.0,0.0
E. Arango,L. Stefanini,1.0,1.0,100.0,1.0,1.0,100.0,0.0,0.0,0.0,0.0,0.0,0.0,0.0,0.0,0.0,1802.0,115.0,28.11.2000,2.0,128.0,50.0,66.0,7.0,23.0,33.33333333333333,0.0,33.33333333333333,0.0,0.0,0.0
E. Arango,G. Minnen,1.0,1.0,100.0,0.0,0.0,0.0,1.0,1.0,100.0,0.0,0.0,0.0,0.0,0.0,0.0,1802.0,115.0,28.11.2000,2.0,128.0,50.0,66.0,7.0,23.0,33.33333333333333,0.0,33.33333333333333,0.0,0.0,0.0
E. Arango,A. Parks,1.0,1.0,100.0,1.0,1.0,100.0,0.0,0.0,0.0,0.0,0.0,0.0,0.0,0.0,0.0,1802.0,115.0,28.11.2000,2.0,128.0,50.0,66.0,7.0,23.0,33.33333333333333,0.0,33.33333333333333,0.0,0.0,0.0
E. Arango,E. Andreeva,1.0,0.0,0.0,1.0,0.0,0.0,0.0,0.0,0.0,0.0,0.0,0.0,0.0,0.0,0.0,1802.0,115.0,28.11.2000,2.0,128.0,50.0,66.0,7.0,23.0,33.33333333333333,0.0,33.33333333333333,0.0,0.0,0.0
E. Arango,J. Riera,1.0,0.0,0.0,0.0,0.0,0.0,1.0,0.0,0.0,0.0,0.0,0.0,0.0,0.0,0.0,1802.0,115.0,28.11.2000,2.0,128.0,50.0,66.0,7.0,23.0,33.33333333333333,0.0,33.33333333333333,0.0,0.0,0.0
E. Arango,Y. Wang,1.0,0.0,0.0,1.0,0.0,0.0,0.0,0.0,0.0,0.0,0.0,0.0,0.0,0.0,0.0,1802.0,115.0,28.11.2000,2.0,128.0,50.0,66.0,7.0,23.0,33.33333333333333,0.0,33.33333333333333,0.0,0.0,0.0
E. Arango,M. Sakkari,1.0,0.0,0.0,1.0,0.0,0.0,0.0,0.0,0.0,0.0,0.0,0.0,0.0,0.0,0.0,1802.0,115.0,28.11.2000,2.0,128.0,50.0,66.0,7.0,23.0,33.33333333333333,0.0,33.33333333333333,0.0,0.0,0.0
C. Garin,M. Kecmanovic,1.0,0.0,0.0,1.0,0.0,0.0,0.0,0.0,0.0,0.0,0.0,0.0,0.0,0.0,0.0,2071.0,17.0,30.05.1996,13.0,347.0,79.0,249.0,16.0,28.0,46.15384615384615,54.54545454545454,0.0,0.0,0.0,0.0
Y. Hanfmann,T. Monteiro,1.0,1.0,100.0,0.0,0.0,0.0,1.0,1.0,100.0,0.0,0.0,0.0,0.0,0.0,0.0,1764.0,51.0,13.11.1991,12.0,296.0,80.0,197.0,18.0,32.0,68.96551724137932,0.0,68.96551724137932,0.0,119.0,40.2027027027027
Y. Hanfmann,M. Cecchinato,1.0,1.0,100.0,0.0,0.0,0.0,1.0,1.0,100.0,0.0,0.0,0.0,0.0,0.0,0.0,1764.0,51.0,13.11.1991,12.0,296.0,80.0,197.0,18.0,32.0,68.96551724137932,0.0,68.96551724137932,0.0,119.0,40.2027027027027
Y. Hanfmann,J. Duckworth,1.0,0.0,0.0,1.0,0.0,0.0,0.0,0.0,0.0,0.0,0.0,0.0,0.0,0.0,0.0,1764.0,51.0,13.11.1991,12.0,296.0,80.0,197.0,18.0,32.0,68.96551724137932,0.0,68.96551724137932,0.0,119.0,40.2027027027027
Y. Hanfmann,A. Rublev,1.0,0.0,0.0,0.0,0.0,0.0,0.0,0.0,0.0,1.0,0.0,0.0,0.0,0.0,0.0,1764.0,51.0,13.11.1991,12.0,296.0,80.0,197.0,18.0,32.0,68.96551724137932,0.0,68.96551724137932,0.0,119.0,40.2027027027027
Y. Hanfmann,D. Medvedev,1.0,0.0,0.0,0.0,0.0,0.0,1.0,0.0,0.0,0.0,0.0,0.0,0.0,0.0,0.0,1764.0,51.0,13.11.1991,12.0,296.0,80.0,197.0,18.0,32.0,68.96551724137932,0.0,68.96551724137932,0.0,119.0,40.2027027027027
Y. Hanfmann,J. Sinner,1.0,0.0,0.0,1.0,0.0,0.0,0.0,0.0,0.0,0.0,0.0,0.0,0.0,0.0,0.0,1764.0,51.0,13.11.1991,12.0,296.0,80.0,197.0,18.0,32.0,68.96551724137932,0.0,68.96551724137932,0.0,119.0,40.2027027027027
Y. Hanfmann,A. Fils,1.0,0.0,0.0,0.0,0.0,0.0,1.0,0.0,0.0,0.0,0.0,0.0,0.0,0.0,0.0,1764.0,51.0,13.11.1991,12.0,296.0,80.0,197.0,18.0,32.0,68.96551724137932,0.0,68.96551724137932,0.0,119.0,40.2027027027027
Y. Hanfmann,L. Darderi,1.0,0.0,0.0,0.0,0.0,0.0,1.0,0.0,0.0,0.0,0.0,0.0,0.0,0.0,0.0,1764.0,51.0,13.11.1991,12.0,296.0,80.0,197.0,18.0,32.0,68.96551724137932,0.0,68.96551724137932,0.0,119.0,40.2027027027027
K. Weedon,M. Capurro Taborda,1.0,0.0,0.0,0.0,0.0,0.0,0.0,0.0,0.0,0.0,0.0,0.0,1.0,0.0,0.0,1055.0,730.0,18.02.1989,0.0,37.0,27.0,6.0,0.0,35.0,13.333333333333334,13.333333333333334,0.0,0.0,0.0,0.0
E. Jacquemot,M. Linette,1.0,0.0,0.0,1.0,0.0,0.0,0.0,0.0,0.0,0.0,0.0,0.0,0.0,0.0,0.0,1823.0,144.0,03.05.2003,2.0,155.0,84.0,66.0,5.0,21.0,33.33333333333333,20.0,42.857142857142854,0.0,0.0,0.0
E. Jacquemot,J. Riera,1.0,0.0,0.0,1.0,0.0,0.0,0.0,0.0,0.0,0.0,0.0,0.0,0.0,0.0,0.0,1823.0,144.0,03.05.2003,2.0,155.0,84.0,66.0,5.0,21.0,33.33333333333333,20.0,42.857142857142854,0.0,0.0,0.0
M. Neuchrist,I. Gakhov,1.0,1.0,100.0,0.0,0.0,0.0,1.0,1.0,100.0,0.0,0.0,0.0,0.0,0.0,0.0,897.0,152.0,22.07.1991,10.0,326.0,234.0,92.0,0.0,32.0,65.0,65.0,0.0,0.0,0.0,0.0
L. Djere,M. Cilic,1.0,1.0,100.0,0.0,0.0,0.0,1.0,1.0,100.0,0.0,0.0,0.0,0.0,0.0,0.0,2386.0,33.0,02.06.1995,4.0,272.0,59.0,202.0,7.0,29.0,60.97560975609756,71.42857142857143,50.0,0.0,514.0,188.97058823529412
L. Djere,R. Hijikata,1.0,0.0,0.0,1.0,0.0,0.0,0.0,0.0,0.0,0.0,0.0,0.0,0.0,0.0,0.0,2386.0,33.0,02.06.1995,4.0,272.0,59.0,202.0,7.0,29.0,60.97560975609756,71.42857142857143,50.0,0.0,514.0,188.97058823529412
A. Michelsen,A. De Minaur,1.0,1.0,100.0,1.0,1.0,100.0,0.0,0.0,0.0,0.0,0.0,0.0,0.0,0.0,0.0,10884.0,0.0,25.08.2004,99.0,227.0,203.0,104.0,106.0,19.0,62.0,60.0,61.53846153846154,71.42857142857143,0.0,0.0
A. Michelsen,T. Griekspoor,1.0,0.0,0.0,1.0,0.0,0.0,0.0,0.0,0.0,0.0,0.0,0.0,0.0,0.0,0.0,10884.0,0.0,25.08.2004,99.0,227.0,203.0,104.0,106.0,19.0,62.0,60.0,61.53846153846154,71.42857142857143,0.0,0.0
S. Johnson,F. Tiafoe,1.0,0.0,0.0,0.0,0.0,0.0,1.0,0.0,0.0,0.0,0.0,0.0,0.0,0.0,0.0,2851.0,32.0,01.01.1970,17.0,473.0,347.0,70.0,55.0,54.0,66.66666666666666,0.0,0.0,0.0,0.0,0.0
C. Dolehide,H. Dart,1.0,1.0,100.0,1.0,1.0,100.0,0.0,0.0,0.0,0.0,0.0,0.0,0.0,0.0,0.0,482.0,0.0,05.09.1998,21.0,287.0,187.0,89.0,33.0,25.0,44.0,42.857142857142854,45.45454545454545,0.0,0.0,0.0
C. Dolehide,M. Sakkari,1.0,0.0,0.0,1.0,0.0,0.0,0.0,0.0,0.0,0.0,0.0,0.0,0.0,0.0,0.0,482.0,0.0,05.09.1998,21.0,287.0,187.0,89.0,33.0,25.0,44.0,42.857142857142854,45.45454545454545,0.0,0.0,0.0
L. Nardi,F. Cobolli,1.0,1.0,100.0,1.0,1.0,100.0,0.0,0.0,0.0,0.0,0.0,0.0,0.0,0.0,0.0,386.0,73.0,06.08.2003,10.0,159.0,93.0,65.0,1.0,20.0,47.368421052631575,16.666666666666664,53.125,0.0,0.0,0.0
L. Nardi,L. Musetti,1.0,0.0,0.0,0.0,0.0,0.0,1.0,0.0,0.0,0.0,0.0,0.0,0.0,0.0,0.0,386.0,73.0,06.08.2003,10.0,159.0,93.0,65.0,1.0,20.0,47.368421052631575,16.666666666666664,53.125,0.0,0.0,0.0
L. Nardi,A. Fils,1.0,0.0,0.0,1.0,0.0,0.0,0.0,0.0,0.0,0.0,0.0,0.0,0.0,0.0,0.0,386.0,73.0,06.08.2003,10.0,159.0,93.0,65.0,1.0,20.0,47.368421052631575,16.666666666666664,53.125,0.0,0.0,0.0
L. Nardi,D. Sweeny,1.0,0.0,0.0,1.0,0.0,0.0,0.0,0.0,0.0,0.0,0.0,0.0,0.0,0.0,0.0,386.0,73.0,06.08.2003,10.0,159.0,93.0,65.0,1.0,20.0,47.368421052631575,16.666666666666664,53.125,0.0,0.0,0.0
R. Marino,K. Sebov,1.0,1.0,100.0,1.0,1.0,100.0,0.0,0.0,0.0,0.0,0.0,0.0,0.0,0.0,0.0,479.0,0.0,16.12.1990,9.0,203.0,161.0,27.0,18.0,33.0,50.0,50.0,0.0,0.0,0.0,0.0
R. Marino,E. Navarro,1.0,0.0,0.0,1.0,0.0,0.0,0.0,0.0,0.0,0.0,0.0,0.0,0.0,0.0,0.0,479.0,0.0,16.12.1990,9.0,203.0,161.0,27.0,18.0,33.0,50.0,50.0,0.0,0.0,0.0,0.0
G. Mpetshi Perricard,E. Leshem,1.0,1.0,100.0,0.0,0.0,0.0,0.0,0.0,0.0,1.0,1.0,100.0,0.0,0.0,0.0,9222.0,66.0,08.07.2003,10.0,167.0,75.0,88.0,4.0,20.0,0.0,0.0,0.0,0.0,0.0,0.0
G. Mpetshi Perricard,G. Onclin,1.0,1.0,100.0,1.0,1.0,100.0,0.0,0.0,0.0,0.0,0.0,0.0,0.0,0.0,0.0,9222.0,66.0,08.07.2003,10.0,167.0,75.0,88.0,4.0,20.0,0.0,0.0,0.0,0.0,0.0,0.0
T. Preston,A. Eala,1.0,0.0,0.0,0.0,0.0,0.0,1.0,0.0,0.0,0.0,0.0,0.0,0.0,0.0,0.0,3324.0,142.0,27.10.2005,5.0,90.0,77.0,5.0,7.0,18.0,50.0,50.0,0.0,0.0,0.0,0.0
D. Yevseyev,Y. Watanuki,1.0,0.0,0.0,0.0,0.0,0.0,0.0,0.0,0.0,0.0,0.0,0.0,1.0,0.0,0.0,569.0,167.0,22.05.1993,4.0,301.0,199.0,102.0,0.0,31.0,44.827586206896555,44.827586206896555,0.0,0.0,0.0,0.0
J. Rodionov,B. Holt,1.0,1.0,100.0,0.0,0.0,0.0,1.0,1.0,100.0,0.0,0.0,0.0,0.0,0.0,0.0,416.0,115.0,16.05.1999,8.0,233.0,139.0,72.0,19.0,25.0,66.66666666666666,40.0,69.76744186046511,0.0,0.0,0.0
M. Navone,F. Cerundolo,1.0,1.0,100.0,0.0,0.0,0.0,1.0,1.0,100.0,0.0,0.0,0.0,0.0,0.0,0.0,949.0,31.0,27.02.2001,9.0,204.0,2.0,202.0,0.0,23.0,50.0,50.0,50.0,0.0,0.0,0.0
M. Navone,L. Darderi,1.0,1.0,100.0,0.0,0.0,0.0,1.0,1.0,100.0,0.0,0.0,0.0,0.0,0.0,0.0,949.0,31.0,27.02.2001,9.0,204.0,2.0,202.0,0.0,23.0,50.0,50.0,50.0,0.0,0.0,0.0
M. Navone,J. Fonseca,1.0,1.0,100.0,0.0,0.0,0.0,1.0,1.0,100.0,0.0,0.0,0.0,0.0,0.0,0.0,949.0,31.0,27.02.2001,9.0,204.0,2.0,202.0,0.0,23.0,50.0,50.0,50.0,0.0,0.0,0.0
M. Navone,M. Fucsovics,1.0,0.0,0.0,0.0,0.0,0.0,1.0,0.0,0.0,0.0,0.0,0.0,0.0,0.0,0.0,949.0,31.0,27.02.2001,9.0,204.0,2.0,202.0,0.0,23.0,50.0,50.0,50.0,0.0,0.0,0.0
A. Danilina,K. Juvan,1.0,0.0,0.0,0.0,0.0,0.0,0.0,0.0,0.0,0.0,0.0,0.0,1.0,0.0,0.0,1818.0,0.0,20.08.1995,25.0,218.0,114.0,99.0,10.0,28.0,20.0,0.0,20.0,0.0,0.0,0.0
N. Jarry,G. Dimitrov,1.0,1.0,100.0,0.0,0.0,0.0,1.0,1.0,100.0,0.0,0.0,0.0,0.0,0.0,0.0,400.0,16.0,11.10.1995,20.0,407.0,88.0,296.0,14.0,28.0,40.0,33.33333333333333,41.66666666666667,0.0,0.0,0.0
N. Jarry,J. Munar,1.0,1.0,100.0,0.0,0.0,0.0,1.0,1.0,100.0,0.0,0.0,0.0,0.0,0.0,0.0,400.0,16.0,11.10.1995,20.0,407.0,88.0,296.0,14.0,28.0,40.0,33.33333333333333,41.66666666666667,0.0,0.0,0.0
N. Jarry,J. P. Varillas,1.0,1.0,100.0,0.0,0.0,0.0,0.0,0.0,0.0,0.0,0.0,0.0,1.0,1.0,100.0,400.0,16.0,11.10.1995,20.0,407.0,88.0,296.0,14.0,28.0,40.0,33.33333333333333,41.66666666666667,0.0,0.0,0.0
N. Jarry,D. Medvedev,1.0,0.0,0.0,1.0,0.0,0.0,0.0,0.0,0.0,0.0,0.0,0.0,0.0,0.0,0.0,400.0,16.0,11.10.1995,20.0,407.0,88.0,296.0,14.0,28.0,40.0,33.33333333333333,41.66666666666667,0.0,0.0,0.0
N. Jarry,A. Zverev,1.0,0.0,0.0,1.0,0.0,0.0,0.0,0.0,0.0,0.0,0.0,0.0,0.0,0.0,0.0,400.0,16.0,11.10.1995,20.0,407.0,88.0,296.0,14.0,28.0,40.0,33.33333333333333,41.66666666666667,0.0,0.0,0.0
M. Bouzkova,S. Kenin,1.0,1.0,100.0,1.0,1.0,100.0,0.0,0.0,0.0,0.0,0.0,0.0,0.0,0.0,0.0,2820.0,0.0,21.07.1998,10.0,287.0,211.0,47.0,34.0,25.0,0.0,0.0,0.0,0.0,0.0,0.0
M. Bouzkova,E. Lys,1.0,1.0,100.0,1.0,1.0,100.0,0.0,0.0,0.0,0.0,0.0,0.0,0.0,0.0,0.0,2820.0,0.0,21.07.1998,10.0,287.0,211.0,47.0,34.0,25.0,0.0,0.0,0.0,0.0,0.0,0.0
M. Bouzkova,V. Kudermetova,1.0,1.0,100.0,0.0,0.0,0.0,1.0,1.0,100.0,0.0,0.0,0.0,0.0,0.0,0.0,2820.0,0.0,21.07.1998,10.0,287.0,211.0,47.0,34.0,25.0,0.0,0.0,0.0,0.0,0.0,0.0
M. Bouzkova,C. Garcia,1.0,1.0,100.0,0.0,0.0,0.0,0.0,0.0,0.0,1.0,1.0,100.0,0.0,0.0,0.0,2820.0,0.0,21.07.1998,10.0,287.0,211.0,47.0,34.0,25.0,0.0,0.0,0.0,0.0,0.0,0.0
M. Bouzkova,C. Bucsa,1.0,0.0,0.0,0.0,0.0,0.0,1.0,0.0,0.0,0.0,0.0,0.0,0.0,0.0,0.0,2820.0,0.0,21.07.1998,10.0,287.0,211.0,47.0,34.0,25.0,0.0,0.0,0.0,0.0,0.0,0.0
M. Bouzkova,K. Siniakova,1.0,0.0,0.0,1.0,0.0,0.0,0.0,0.0,0.0,0.0,0.0,0.0,0.0,0.0,0.0,2820.0,0.0,21.07.1998,10.0,287.0,211.0,47.0,34.0,25.0,0.0,0.0,0.0,0.0,0.0,0.0
M. Bouzkova,J. Pegula,1.0,0.0,0.0,0.0,0.0,0.0,1.0,0.0,0.0,0.0,0.0,0.0,0.0,0.0,0.0,2820.0,0.0,21.07.1998,10.0,287.0,211.0,47.0,34.0,25.0,0.0,0.0,0.0,0.0,0.0,0.0
M. Bouzkova,A. Sabalenka,1.0,0.0,0.0,1.0,0.0,0.0,0.0,0.0,0.0,0.0,0.0,0.0,0.0,0.0,0.0,2820.0,0.0,21.07.1998,10.0,287.0,211.0,47.0,34.0,25.0,0.0,0.0,0.0,0.0,0.0,0.0
Y. Wu,A. Zverev,1.0,0.0,0.0,0.0,0.0,0.0,1.0,0.0,0.0,0.0,0.0,0.0,0.0,0.0,0.0,1849.0,116.0,14.10.1999,8.0,124.0,95.0,22.0,7.0,24.0,58.333333333333336,47.368421052631575,68.75,0.0,0.0,0.0
B. Van De Zandschulp,M. Fucsovics,1.0,1.0,100.0,0.0,0.0,0.0,1.0,1.0,100.0,0.0,0.0,0.0,0.0,0.0,0.0,2972.0,35.0,04.10.1995,5.0,238.0,147.0,72.0,11.0,28.0,0.0,0.0,0.0,0.0,0.0,0.0
B. Van De Zandschulp,I. Ivashka,1.0,1.0,100.0,1.0,1.0,100.0,0.0,0.0,0.0,0.0,0.0,0.0,0.0,0.0,0.0,2972.0,35.0,04.10.1995,5.0,238.0,147.0,72.0,11.0,28.0,0.0,0.0,0.0,0.0,0.0,0.0
B. Van De Zandschulp,M. Ymer,1.0,1.0,100.0,1.0,1.0,100.0,0.0,0.0,0.0,0.0,0.0,0.0,0.0,0.0,0.0,2972.0,35.0,04.10.1995,5.0,238.0,147.0,72.0,11.0,28.0,0.0,0.0,0.0,0.0,0.0,0.0
B. Van De Zandschulp,M. Arnaldi,1.0,1.0,100.0,0.0,0.0,0.0,0.0,0.0,0.0,0.0,0.0,0.0,1.0,1.0,100.0,2972.0,35.0,04.10.1995,5.0,238.0,147.0,72.0,11.0,28.0,0.0,0.0,0.0,0.0,0.0,0.0
B. Van De Zandschulp,D. Evans,1.0,0.0,0.0,1.0,0.0,0.0,0.0,0.0,0.0,0.0,0.0,0.0,0.0,0.0,0.0,2972.0,35.0,04.10.1995,5.0,238.0,147.0,72.0,11.0,28.0,0.0,0.0,0.0,0.0,0.0,0.0
B. Van De Zandschulp,U. Humbert,1.0,0.0,0.0,1.0,0.0,0.0,0.0,0.0,0.0,0.0,0.0,0.0,0.0,0.0,0.0,2972.0,35.0,04.10.1995,5.0,238.0,147.0,72.0,11.0,28.0,0.0,0.0,0.0,0.0,0.0,0.0
B. Van De Zandschulp,F. Auger-Aliassime,1.0,0.0,0.0,0.0,0.0,0.0,1.0,0.0,0.0,0.0,0.0,0.0,0.0,0.0,0.0,2972.0,35.0,04.10.1995,5.0,238.0,147.0,72.0,11.0,28.0,0.0,0.0,0.0,0.0,0.0,0.0
I. Becroft,M. Jones,1.0,0.0,0.0,0.0,0.0,0.0,0.0,0.0,0.0,0.0,0.0,0.0,1.0,0.0,0.0,2467.0,0.0,29.10.2000,23.0,66.0,66.0,22.0,22.0,23.0,69.04761904761905,0.0,70.73170731707317,0.0,0.0,0.0
E. Perez,A. Li,1.0,0.0,0.0,1.0,0.0,0.0,0.0,0.0,0.0,0.0,0.0,0.0,0.0,0.0,0.0,1121.0,20.0,10.10.1995,11.0,241.0,168.0,46.0,27.0,28.0,50.0,50.0,50.0,50.0,43.0,17.842323651452283
A. Tabilo,Z. Zhang,1.0,1.0,100.0,0.0,0.0,0.0,1.0,1.0,100.0,0.0,0.0,0.0,0.0,0.0,0.0,2982.0,25.0,02.06.1997,8.0,239.0,63.0,163.0,5.0,27.0,0.0,0.0,0.0,0.0,0.0,0.0
A. Tabilo,T. Daniel,1.0,1.0,100.0,1.0,1.0,100.0,0.0,0.0,0.0,0.0,0.0,0.0,0.0,0.0,0.0,2982.0,25.0,02.06.1997,8.0,239.0,63.0,163.0,5.0,27.0,0.0,0.0,0.0,0.0,0.0,0.0
A. Tabilo,F. Tiafoe,1.0,0.0,0.0,1.0,0.0,0.0,0.0,0.0,0.0,0.0,0.0,0.0,0.0,0.0,0.0,2982.0,25.0,02.06.1997,8.0,239.0,63.0,163.0,5.0,27.0,0.0,0.0,0.0,0.0,0.0,0.0
A. Tabilo,A. Zverev,1.0,0.0,0.0,0.0,0.0,0.0,1.0,0.0,0.0,0.0,0.0,0.0,0.0,0.0,0.0,2982.0,25.0,02.06.1997,8.0,239.0,63.0,163.0,5.0,27.0,0.0,0.0,0.0,0.0,0.0,0.0
A. Tabilo,S. Baez,1.0,0.0,0.0,0.0,0.0,0.0,1.0,0.0,0.0,0.0,0.0,0.0,0.0,0.0,0.0,2982.0,25.0,02.06.1997,8.0,239.0,63.0,163.0,5.0,27.0,0.0,0.0,0.0,0.0,0.0,0.0
A. Tabilo,T. Fritz,1.0,0.0,0.0,1.0,0.0,0.0,0.0,0.0,0.0,0.0,0.0,0.0,0.0,0.0,0.0,2982.0,25.0,02.06.1997,8.0,239.0,63.0,163.0,5.0,27.0,0.0,0.0,0.0,0.0,0.0,0.0
R. Olivo,F. A. Gomez,1.0,0.0,0.0,0.0,0.0,0.0,1.0,0.0,0.0,0.0,0.0,0.0,0.0,0.0,0.0,1081.0,83.0,15.03.1992,13.0,489.0,59.0,426.0,4.0,32.0,0.0,0.0,0.0,0.0,0.0,0.0
D. Yastremska,A. Cornet,1.0,1.0,100.0,1.0,1.0,100.0,0.0,0.0,0.0,0.0,0.0,0.0,0.0,0.0,0.0,2813.0,0.0,15.05.2000,12.0,236.0,143.0,69.0,30.0,24.0,26.923076923076923,26.923076923076923,0.0,0.0,0.0,0.0
D. Yastremska,L. Siegemund,1.0,1.0,100.0,1.0,1.0,100.0,0.0,0.0,0.0,0.0,0.0,0.0,0.0,0.0,0.0,2813.0,0.0,15.05.2000,12.0,236.0,143.0,69.0,30.0,24.0,26.923076923076923,26.923076923076923,0.0,0.0,0.0,0.0
D. Yastremska,V. Azarenka,1.0,1.0,100.0,1.0,1.0,100.0,0.0,0.0,0.0,0.0,0.0,0.0,0.0,0.0,0.0,2813.0,0.0,15.05.2000,12.0,236.0,143.0,69.0,30.0,24.0,26.923076923076923,26.923076923076923,0.0,0.0,0.0,0.0
D. Yastremska,C. Alves,1.0,0.0,0.0,0.0,0.0,0.0,1.0,0.0,0.0,0.0,0.0,0.0,0.0,0.0,0.0,2813.0,0.0,15.05.2000,12.0,236.0,143.0,69.0,30.0,24.0,26.923076923076923,26.923076923076923,0.0,0.0,0.0,0.0
D. Yastremska,V. Kudermetova,1.0,0.0,0.0,1.0,0.0,0.0,0.0,0.0,0.0,0.0,0.0,0.0,0.0,0.0,0.0,2813.0,0.0,15.05.2000,12.0,236.0,143.0,69.0,30.0,24.0,26.923076923076923,26.923076923076923,0.0,0.0,0.0,0.0
J. Ponchet,L. Hovde,1.0,1.0,100.0,1.0,1.0,100.0,0.0,0.0,0.0,0.0,0.0,0.0,0.0,0.0,0.0,472.0,110.0,26.09.1996,13.0,256.0,206.0,41.0,9.0,27.0,60.60606060606061,65.0,53.84615384615385,0.0,0.0,0.0
J. Ponchet,E. Mandlik,1.0,0.0,0.0,0.0,0.0,0.0,1.0,0.0,0.0,0.0,0.0,0.0,0.0,0.0,0.0,472.0,110.0,26.09.1996,13.0,256.0,206.0,41.0,9.0,27.0,60.60606060606061,65.0,53.84615384615385,0.0,0.0,0.0
G. Onclin,G. Mpetshi Perricard,1.0,0.0,0.0,1.0,0.0,0.0,0.0,0.0,0.0,0.0,0.0,0.0,0.0,0.0,0.0,818.0,231.0,26.02.2001,10.0,187.0,108.0,77.0,2.0,23.0,0.0,0.0,0.0,0.0,0.0,0.0
A. Vukic,S. Korda,1.0,1.0,100.0,1.0,1.0,100.0,0.0,0.0,0.0,0.0,0.0,0.0,0.0,0.0,0.0,360.0,0.0,06.04.1996,6.0,219.0,155.0,55.0,15.0,28.0,56.25,0.0,56.25,0.0,0.0,0.0
A. Vukic,T. Daniel,1.0,0.0,0.0,1.0,0.0,0.0,0.0,0.0,0.0,0.0,0.0,0.0,0.0,0.0,0.0,360.0,0.0,06.04.1996,6.0,219.0,155.0,55.0,15.0,28.0,56.25,0.0,56.25,0.0,0.0,0.0
A. De Minaur,S. Ofner,1.0,1.0,100.0,1.0,1.0,100.0,0.0,0.0,0.0,0.0,0.0,0.0,0.0,0.0,0.0,1106.0,0.0,17.02.1999,13.0,349.0,223.0,66.0,57.0,25.0,47.82608695652174,50.0,40.0,0.0,24.0,6.876790830945559
A. De Minaur,A. Shevchenko,1.0,1.0,100.0,0.0,0.0,0.0,1.0,1.0,100.0,0.0,0.0,0.0,0.0,0.0,0.0,1106.0,0.0,17.02.1999,13.0,349.0,223.0,66.0,57.0,25.0,47.82608695652174,50.0,40.0,0.0,24.0,6.876790830945559
A. De Minaur,J.J. Wolf,1.0,1.0,100.0,1.0,1.0,100.0,0.0,0.0,0.0,0.0,0.0,0.0,0.0,0.0,0.0,1106.0,0.0,17.02.1999,13.0,349.0,223.0,66.0,57.0,25.0,47.82608695652174,50.0,40.0,0.0,24.0,6.876790830945559
A. De Minaur,F. Auger-Aliassime,1.0,1.0,100.0,0.0,0.0,0.0,1.0,1.0,100.0,0.0,0.0,0.0,0.0,0.0,0.0,1106.0,0.0,17.02.1999,13.0,349.0,223.0,66.0,57.0,25.0,47.82608695652174,50.0,40.0,0.0,24.0,6.876790830945559
A. De Minaur,J. Draper,1.0,1.0,100.0,1.0,1.0,100.0,0.0,0.0,0.0,0.0,0.0,0.0,0.0,0.0,0.0,1106.0,0.0,17.02.1999,13.0,349.0,223.0,66.0,57.0,25.0,47.82608695652174,50.0,40.0,0.0,24.0,6.876790830945559
A. De Minaur,J. Sinner,1.0,0.0,0.0,1.0,0.0,0.0,0.0,0.0,0.0,0.0,0.0,0.0,0.0,0.0,0.0,1106.0,0.0,17.02.1999,13.0,349.0,223.0,66.0,57.0,25.0,47.82608695652174,50.0,40.0,0.0,24.0,6.876790830945559
A. De Minaur,A. Rublev,1.0,0.0,0.0,1.0,0.0,0.0,0.0,0.0,0.0,0.0,0.0,0.0,0.0,0.0,0.0,1106.0,0.0,17.02.1999,13.0,349.0,223.0,66.0,57.0,25.0,47.82608695652174,50.0,40.0,0.0,24.0,6.876790830945559
A. De Minaur,A. Fils,1.0,0.0,0.0,0.0,0.0,0.0,1.0,0.0,0.0,0.0,0.0,0.0,0.0,0.0,0.0,1106.0,0.0,17.02.1999,13.0,349.0,223.0,66.0,57.0,25.0,47.82608695652174,50.0,40.0,0.0,24.0,6.876790830945559
A. De Minaur,N. Djokovic,1.0,0.0,0.0,0.0,0.0,0.0,1.0,0.0,0.0,0.0,0.0,0.0,0.0,0.0,0.0,1106.0,0.0,17.02.1999,13.0,349.0,223.0,66.0,57.0,25.0,47.82608695652174,50.0,40.0,0.0,24.0,6.876790830945559
A. De Minaur,R. Nadal,1.0,0.0,0.0,0.0,0.0,0.0,1.0,0.0,0.0,0.0,0.0,0.0,0.0,0.0,0.0,1106.0,0.0,17.02.1999,13.0,349.0,223.0,66.0,57.0,25.0,47.82608695652174,50.0,40.0,0.0,24.0,6.876790830945559
A. De Minaur,G. Dimitrov,1.0,0.0,0.0,1.0,0.0,0.0,0.0,0.0,0.0,0.0,0.0,0.0,0.0,0.0,0.0,1106.0,0.0,17.02.1999,13.0,349.0,223.0,66.0,57.0,25.0,47.82608695652174,50.0,40.0,0.0,24.0,6.876790830945559
A. De Minaur,A. Michelsen,1.0,0.0,0.0,1.0,0.0,0.0,0.0,0.0,0.0,0.0,0.0,0.0,0.0,0.0,0.0,1106.0,0.0,17.02.1999,13.0,349.0,223.0,66.0,57.0,25.0,47.82608695652174,50.0,40.0,0.0,24.0,6.876790830945559
G. A. Olivieri,J. Reis Da Silva,1.0,1.0,100.0,0.0,0.0,0.0,1.0,1.0,100.0,0.0,0.0,0.0,0.0,0.0,0.0,2407.0,173.0,04.08.1998,5.0,183.0,37.0,145.0,1.0,25.0,25.925925925925924,33.33333333333333,11.11111111111111,33.33333333333333,0.0,0.0
S. Ofner,M. Fucsovics,1.0,1.0,100.0,1.0,1.0,100.0,0.0,0.0,0.0,0.0,0.0,0.0,0.0,0.0,0.0,359.0,43.0,12.05.1996,5.0,236.0,101.0,112.0,22.0,28.0,31.818181818181817,50.0,30.0,0.0,0.0,0.0
S. Ofner,A. Zverev,1.0,0.0,0.0,0.0,0.0,0.0,1.0,0.0,0.0,0.0,0.0,0.0,0.0,0.0,0.0,359.0,43.0,12.05.1996,5.0,236.0,101.0,112.0,22.0,28.0,31.818181818181817,50.0,30.0,0.0,0.0,0.0
S. Ofner,A. Mannarino,1.0,0.0,0.0,1.0,0.0,0.0,0.0,0.0,0.0,0.0,0.0,0.0,0.0,0.0,0.0,359.0,43.0,12.05.1996,5.0,236.0,101.0,112.0,22.0,28.0,31.818181818181817,50.0,30.0,0.0,0.0,0.0
S. Ofner,A. De Minaur,1.0,0.0,0.0,1.0,0.0,0.0,0.0,0.0,0.0,0.0,0.0,0.0,0.0,0.0,0.0,359.0,43.0,12.05.1996,5.0,236.0,101.0,112.0,22.0,28.0,31.818181818181817,50.0,30.0,0.0,0.0,0.0
C. Ngounoue,A. Blinkova,1.0,1.0,100.0,1.0,1.0,100.0,0.0,0.0,0.0,0.0,0.0,0.0,0.0,0.0,0.0,2994.0,226.0,01.01.1970,7.0,108.0,64.0,36.0,8.0,54.0,33.33333333333333,33.33333333333333,0.0,0.0,0.0,0.0
D. Chiesa,N. Brancaccio,1.0,0.0,0.0,0.0,0.0,0.0,1.0,0.0,0.0,0.0,0.0,0.0,0.0,0.0,0.0,231.0,195.0,13.06.1996,1.0,97.0,15.0,81.0,1.0,28.0,35.714285714285715,25.0,40.0,0.0,0.0,0.0
K. Siniakova,L. Bronzetti,1.0,1.0,100.0,0.0,0.0,0.0,0.0,0.0,0.0,1.0,1.0,100.0,0.0,0.0,0.0,3006.0,1.0,10.05.1996,35.0,619.0,398.0,162.0,54.0,28.0,39.58333333333333,41.66666666666667,33.33333333333333,0.0,0.0,0.0
K. Siniakova,M. Bouzkova,1.0,1.0,100.0,1.0,1.0,100.0,0.0,0.0,0.0,0.0,0.0,0.0,0.0,0.0,0.0,3006.0,1.0,10.05.1996,35.0,619.0,398.0,162.0,54.0,28.0,39.58333333333333,41.66666666666667,33.33333333333333,0.0,0.0,0.0
K. Siniakova,E. Navarro,1.0,1.0,100.0,0.0,0.0,0.0,0.0,0.0,0.0,1.0,1.0,100.0,0.0,0.0,0.0,3006.0,1.0,10.05.1996,35.0,619.0,398.0,162.0,54.0,28.0,39.58333333333333,41.66666666666667,33.33333333333333,0.0,0.0,0.0
K. Siniakova,L. Samsonova,1.0,0.0,0.0,0.0,0.0,0.0,0.0,0.0,0.0,1.0,0.0,0.0,0.0,0.0,0.0,3006.0,1.0,10.05.1996,35.0,619.0,398.0,162.0,54.0,28.0,39.58333333333333,41.66666666666667,33.33333333333333,0.0,0.0,0.0
M. Timofeeva,M. Chwalinska,1.0,1.0,100.0,0.0,0.0,0.0,1.0,1.0,100.0,0.0,0.0,0.0,0.0,0.0,0.0,12869.0,101.0,18.11.2003,11.0,173.0,135.0,38.0,0.0,20.0,54.54545454545454,42.10526315789473,71.42857142857143,71.42857142857143,0.0,0.0
M. Timofeeva,T. Korpatsch,1.0,1.0,100.0,1.0,1.0,100.0,0.0,0.0,0.0,0.0,0.0,0.0,0.0,0.0,0.0,12869.0,101.0,18.11.2003,11.0,173.0,135.0,38.0,0.0,20.0,54.54545454545454,42.10526315789473,71.42857142857143,71.42857142857143,0.0,0.0
M. Timofeeva,T. Babos,1.0,0.0,0.0,1.0,0.0,0.0,0.0,0.0,0.0,0.0,0.0,0.0,0.0,0.0,0.0,12869.0,101.0,18.11.2003,11.0,173.0,135.0,38.0,0.0,20.0,54.54545454545454,42.10526315789473,71.42857142857143,71.42857142857143,0.0,0.0
N. Khirin,L. Chirico,1.0,0.0,0.0,1.0,0.0,0.0,0.0,0.0,0.0,0.0,0.0,0.0,0.0,0.0,0.0,70.0,490.0,16.01.2001,5.0,89.0,38.0,45.0,0.0,23.0,64.0,60.0,65.0,0.0,10.0,11.235955056179774
J. Kubler,A. Karatsev,1.0,1.0,100.0,1.0,1.0,100.0,0.0,0.0,0.0,0.0,0.0,0.0,0.0,0.0,0.0,364.0,33.0,19.05.1993,19.0,329.0,144.0,153.0,31.0,31.0,36.36363636363637,33.33333333333333,37.5,0.0,0.0,0.0
J. Kubler,F. Tiafoe,1.0,0.0,0.0,1.0,0.0,0.0,0.0,0.0,0.0,0.0,0.0,0.0,0.0,0.0,0.0,364.0,33.0,19.05.1993,19.0,329.0,144.0,153.0,31.0,31.0,36.36363636363637,33.33333333333333,37.5,0.0,0.0,0.0
J. Kubler,F. Auger-Aliassime,1.0,0.0,0.0,1.0,0.0,0.0,0.0,0.0,0.0,0.0,0.0,0.0,0.0,0.0,0.0,364.0,33.0,19.05.1993,19.0,329.0,144.0,153.0,31.0,31.0,36.36363636363637,33.33333333333333,37.5,0.0,0.0,0.0
T. Monteiro,S. Baez,1.0,0.0,0.0,0.0,0.0,0.0,1.0,0.0,0.0,0.0,0.0,0.0,0.0,0.0,0.0,1074.0,71.0,31.05.1994,9.0,403.0,65.0,326.0,8.0,30.0,57.89473684210527,50.0,71.42857142857143,0.0,0.0,0.0
T. Monteiro,Y. Hanfmann,1.0,0.0,0.0,0.0,0.0,0.0,1.0,0.0,0.0,0.0,0.0,0.0,0.0,0.0,0.0,1074.0,71.0,31.05.1994,9.0,403.0,65.0,326.0,8.0,30.0,57.89473684210527,50.0,71.42857142857143,0.0,0.0,0.0
F. Gaio,F. Comesana,1.0,0.0,0.0,1.0,0.0,0.0,0.0,0.0,0.0,0.0,0.0,0.0,0.0,0.0,0.0,1734.0,137.0,05.03.1992,13.0,430.0,131.0,294.0,5.0,32.0,36.36363636363637,50.0,28.57142857142857,50.0,0.0,0.0
A. Konjuh,M. Sherif,1.0,0.0,0.0,0.0,0.0,0.0,1.0,0.0,0.0,0.0,0.0,0.0,0.0,0.0,0.0,1824.0,44.0,27.12.1997,5.0,234.0,136.0,58.0,34.0,26.0,0.0,0.0,0.0,0.0,105.0,44.871794871794876
D. Saville,A. Kalinina,1.0,0.0,0.0,1.0,0.0,0.0,0.0,0.0,0.0,0.0,0.0,0.0,0.0,0.0,0.0,1153.0,25.0,05.03.1994,7.0,341.0,231.0,82.0,25.0,30.0,59.523809523809526,64.1025641025641,0.0,0.0,0.0,0.0
R. Zarazua,M. I. Higuita Barraza,1.0,1.0,100.0,0.0,0.0,0.0,1.0,1.0,100.0,0.0,0.0,0.0,0.0,0.0,0.0,1805.0,102.0,30.09.1997,6.0,231.0,90.0,123.0,6.0,26.0,0.0,0.0,0.0,0.0,0.0,0.0
R. Zarazua,L. Chirico,1.0,0.0,0.0,1.0,0.0,0.0,0.0,0.0,0.0,0.0,0.0,0.0,0.0,0.0,0.0,1805.0,102.0,30.09.1997,6.0,231.0,90.0,123.0,6.0,26.0,0.0,0.0,0.0,0.0,0.0,0.0
A. Korneeva,A. Zakharova,1.0,1.0,100.0,1.0,1.0,100.0,0.0,0.0,0.0,0.0,0.0,0.0,0.0,0.0,0.0,14547.0,1.0,23.06.2007,19.0,102.0,74.0,36.0,16.0,17.0,42.857142857142854,42.857142857142854,0.0,0.0,0.0,0.0
C. Norrie,H. Dellien,1.0,1.0,100.0,0.0,0.0,0.0,1.0,1.0,100.0,0.0,0.0,0.0,0.0,0.0,0.0,1103.0,12.0,23.08.1995,12.0,361.0,253.0,75.0,28.0,28.0,58.333333333333336,58.333333333333336,0.0,0.0,0.0,0.0
C. Norrie,J. Brooksby,1.0,1.0,100.0,1.0,1.0,100.0,0.0,0.0,0.0,0.0,0.0,0.0,0.0,0.0,0.0,1103.0,12.0,23.08.1995,12.0,361.0,253.0,75.0,28.0,28.0,58.333333333333336,58.333333333333336,0.0,0.0,0.0,0.0
C. Norrie,M. Polmans,1.0,1.0,100.0,1.0,1.0,100.0,0.0,0.0,0.0,0.0,0.0,0.0,0.0,0.0,0.0,1103.0,12.0,23.08.1995,12.0,361.0,253.0,75.0,28.0,28.0,58.333333333333336,58.333333333333336,0.0,0.0,0.0,0.0
C. Norrie,R. Gasquet,1.0,0.0,0.0,1.0,0.0,0.0,0.0,0.0,0.0,0.0,0.0,0.0,0.0,0.0,0.0,1103.0,12.0,23.08.1995,12.0,361.0,253.0,75.0,28.0,28.0,58.333333333333336,58.333333333333336,0.0,0.0,0.0,0.0
E. Rybakina,Y. Putintseva,1.0,1.0,100.0,0.0,0.0,0.0,1.0,1.0,100.0,0.0,0.0,0.0,0.0,0.0,0.0,2172.0,0.0,17.06.1999,12.0,285.0,181.0,74.0,31.0,25.0,33.33333333333333,33.33333333333333,0.0,0.0,261.0,91.57894736842105
E. Rybakina,V. Azarenka,1.0,1.0,100.0,1.0,1.0,100.0,0.0,0.0,0.0,0.0,0.0,0.0,0.0,0.0,0.0,2172.0,0.0,17.06.1999,12.0,285.0,181.0,74.0,31.0,25.0,33.33333333333333,33.33333333333333,0.0,0.0,261.0,91.57894736842105
E. Rybakina,P. Badosa,1.0,1.0,100.0,1.0,1.0,100.0,0.0,0.0,0.0,0.0,0.0,0.0,0.0,0.0,0.0,2172.0,0.0,17.06.1999,12.0,285.0,181.0,74.0,31.0,25.0,33.33333333333333,33.33333333333333,0.0,0.0,261.0,91.57894736842105
E. Rybakina,I. Swiatek,3.0,3.0,100.0,2.0,2.0,100.0,1.0,1.0,100.0,0.0,0.0,0.0,0.0,0.0,0.0,2172.0,0.0,17.06.1999,12.0,285.0,181.0,74.0,31.0,25.0,33.33333333333333,33.33333333333333,0.0,0.0,261.0,91.57894736842105
E. Rybakina,M. Sakkari,1.0,1.0,100.0,1.0,1.0,100.0,0.0,0.0,0.0,0.0,0.0,0.0,0.0,0.0,0.0,2172.0,0.0,17.06.1999,12.0,285.0,181.0,74.0,31.0,25.0,33.33333333333333,33.33333333333333,0.0,0.0,261.0,91.57894736842105
E. Rybakina,A. Sabalenka,1.0,1.0,100.0,1.0,1.0,100.0,0.0,0.0,0.0,0.0,0.0,0.0,0.0,0.0,0.0,2172.0,0.0,17.06.1999,12.0,285.0,181.0,74.0,31.0,25.0,33.33333333333333,33.33333333333333,0.0,0.0,261.0,91.57894736842105
E. Rybakina,S. Stephens,1.0,1.0,100.0,1.0,1.0,100.0,0.0,0.0,0.0,0.0,0.0,0.0,0.0,0.0,0.0,2172.0,0.0,17.06.1999,12.0,285.0,181.0,74.0,31.0,25.0,33.33333333333333,33.33333333333333,0.0,0.0,261.0,91.57894736842105
E. Rybakina,J. Ostapenko,1.0,1.0,100.0,1.0,1.0,100.0,0.0,0.0,0.0,0.0,0.0,0.0,0.0,0.0,0.0,2172.0,0.0,17.06.1999,12.0,285.0,181.0,74.0,31.0,25.0,33.33333333333333,33.33333333333333,0.0,0.0,261.0,91.57894736842105
E. Rybakina,K. Boulter,1.0,1.0,100.0,0.0,0.0,0.0,0.0,0.0,0.0,1.0,1.0,100.0,0.0,0.0,0.0,2172.0,0.0,17.06.1999,12.0,285.0,181.0,74.0,31.0,25.0,33.33333333333333,33.33333333333333,0.0,0.0,261.0,91.57894736842105
E. Rybakina,V. Kudermetova,1.0,1.0,100.0,0.0,0.0,0.0,1.0,1.0,100.0,0.0,0.0,0.0,0.0,0.0,0.0,2172.0,0.0,17.06.1999,12.0,285.0,181.0,74.0,31.0,25.0,33.33333333333333,33.33333333333333,0.0,0.0,261.0,91.57894736842105
E. Rybakina,J. Pegula,2.0,1.0,50.0,2.0,1.0,50.0,0.0,0.0,0.0,0.0,0.0,0.0,0.0,0.0,0.0,2172.0,0.0,17.06.1999,12.0,285.0,181.0,74.0,31.0,25.0,33.33333333333333,33.33333333333333,0.0,0.0,261.0,91.57894736842105
E. Rybakina,P. Kvitova,1.0,0.0,0.0,1.0,0.0,0.0,0.0,0.0,0.0,0.0,0.0,0.0,0.0,0.0,0.0,2172.0,0.0,17.06.1999,12.0,285.0,181.0,74.0,31.0,25.0,33.33333333333333,33.33333333333333,0.0,0.0,261.0,91.57894736842105
E. Rybakina,B. Haddad Maia,1.0,0.0,0.0,0.0,0.0,0.0,1.0,0.0,0.0,0.0,0.0,0.0,0.0,0.0,0.0,2172.0,0.0,17.06.1999,12.0,285.0,181.0,74.0,31.0,25.0,33.33333333333333,33.33333333333333,0.0,0.0,261.0,91.57894736842105
E. Rybakina,D. Collins,1.0,0.0,0.0,1.0,0.0,0.0,0.0,0.0,0.0,0.0,0.0,0.0,0.0,0.0,0.0,2172.0,0.0,17.06.1999,12.0,285.0,181.0,74.0,31.0,25.0,33.33333333333333,33.33333333333333,0.0,0.0,261.0,91.57894736842105
N. Brancaccio,D. Chiesa,1.0,1.0,100.0,0.0,0.0,0.0,1.0,1.0,100.0,0.0,0.0,0.0,0.0,0.0,0.0,222.0,206.0,24.06.2000,5.0,181.0,19.0,161.0,1.0,24.0,0.0,0.0,0.0,0.0,0.0,0.0
H. Medjedovic,A. Fils,1.0,1.0,100.0,1.0,1.0,100.0,0.0,0.0,0.0,0.0,0.0,0.0,0.0,0.0,0.0,2677.0,113.0,18.07.2003,9.0,132.0,44.0,81.0,6.0,20.0,54.385964912280706,42.857142857142854,67.74193548387096,25.0,0.0,0.0
H. Medjedovic,L. Neumayer,1.0,1.0,100.0,0.0,0.0,0.0,1.0,1.0,100.0,0.0,0.0,0.0,0.0,0.0,0.0,2677.0,113.0,18.07.2003,9.0,132.0,44.0,81.0,6.0,20.0,54.385964912280706,42.857142857142854,67.74193548387096,25.0,0.0,0.0
A. Rinderknech,J. Bradshaw,1.0,1.0,100.0,1.0,1.0,100.0,0.0,0.0,0.0,0.0,0.0,0.0,0.0,0.0,0.0,1902.0,44.0,23.07.1995,9.0,228.0,152.0,62.0,12.0,28.0,10.0,0.0,20.0,0.0,0.0,0.0
A. Rinderknech,L. Tu,1.0,1.0,100.0,1.0,1.0,100.0,0.0,0.0,0.0,0.0,0.0,0.0,0.0,0.0,0.0,1902.0,44.0,23.07.1995,9.0,228.0,152.0,62.0,12.0,28.0,10.0,0.0,20.0,0.0,0.0,0.0
A. Rinderknech,J. Lehecka,1.0,0.0,0.0,1.0,0.0,0.0,0.0,0.0,0.0,0.0,0.0,0.0,0.0,0.0,0.0,1902.0,44.0,23.07.1995,9.0,228.0,152.0,62.0,12.0,28.0,10.0,0.0,20.0,0.0,0.0,0.0
A. Rinderknech,A. Mannarino,1.0,0.0,0.0,1.0,0.0,0.0,0.0,0.0,0.0,0.0,0.0,0.0,0.0,0.0,0.0,1902.0,44.0,23.07.1995,9.0,228.0,152.0,62.0,12.0,28.0,10.0,0.0,20.0,0.0,0.0,0.0
A. Rinderknech,Y. Watanuki,1.0,0.0,0.0,1.0,0.0,0.0,0.0,0.0,0.0,0.0,0.0,0.0,0.0,0.0,0.0,1902.0,44.0,23.07.1995,9.0,228.0,152.0,62.0,12.0,28.0,10.0,0.0,20.0,0.0,0.0,0.0
L. Jeanjean,K. Swan,1.0,0.0,0.0,1.0,0.0,0.0,0.0,0.0,0.0,0.0,0.0,0.0,0.0,0.0,0.0,9118.0,0.0,14.08.1995,7.0,167.0,89.0,77.0,7.0,28.0,50.0,50.0,0.0,0.0,0.0,0.0
K. Muchova,M. Vondrousova,1.0,1.0,100.0,1.0,1.0,100.0,0.0,0.0,0.0,0.0,0.0,0.0,0.0,0.0,0.0,2807.0,0.0,21.08.1996,4.0,166.0,103.0,51.0,16.0,27.0,36.84210526315789,33.33333333333333,40.0,0.0,0.0,0.0
K. Muchova,Xin. Wang,1.0,1.0,100.0,1.0,1.0,100.0,0.0,0.0,0.0,0.0,0.0,0.0,0.0,0.0,0.0,2807.0,0.0,21.08.1996,4.0,166.0,103.0,51.0,16.0,27.0,36.84210526315789,33.33333333333333,40.0,0.0,0.0,0.0
K. Muchova,M. Frech,1.0,1.0,100.0,1.0,1.0,100.0,0.0,0.0,0.0,0.0,0.0,0.0,0.0,0.0,0.0,2807.0,0.0,21.08.1996,4.0,166.0,103.0,51.0,16.0,27.0,36.84210526315789,33.33333333333333,40.0,0.0,0.0,0.0
K. Muchova,M. Sakkari,1.0,1.0,100.0,1.0,1.0,100.0,0.0,0.0,0.0,0.0,0.0,0.0,0.0,0.0,0.0,2807.0,0.0,21.08.1996,4.0,166.0,103.0,51.0,16.0,27.0,36.84210526315789,33.33333333333333,40.0,0.0,0.0,0.0
K. Muchova,A. Pavlyuchenkova,1.0,1.0,100.0,0.0,0.0,0.0,1.0,1.0,100.0,0.0,0.0,0.0,0.0,0.0,0.0,2807.0,0.0,21.08.1996,4.0,166.0,103.0,51.0,16.0,27.0,36.84210526315789,33.33333333333333,40.0,0.0,0.0,0.0
K. Muchova,A. Sabalenka,1.0,1.0,100.0,0.0,0.0,0.0,1.0,1.0,100.0,0.0,0.0,0.0,0.0,0.0,0.0,2807.0,0.0,21.08.1996,4.0,166.0,103.0,51.0,16.0,27.0,36.84210526315789,33.33333333333333,40.0,0.0,0.0,0.0
K. Muchova,P. Badosa,1.0,0.0,0.0,0.0,0.0,0.0,1.0,0.0,0.0,0.0,0.0,0.0,0.0,0.0,0.0,2807.0,0.0,21.08.1996,4.0,166.0,103.0,51.0,16.0,27.0,36.84210526315789,33.33333333333333,40.0,0.0,0.0,0.0
K. Muchova,I. Swiatek,1.0,0.0,0.0,0.0,0.0,0.0,1.0,0.0,0.0,0.0,0.0,0.0,0.0,0.0,0.0,2807.0,0.0,21.08.1996,4.0,166.0,103.0,51.0,16.0,27.0,36.84210526315789,33.33333333333333,40.0,0.0,0.0,0.0
M. Stakusic,M. Trevisan,1.0,1.0,100.0,0.0,0.0,0.0,0.0,0.0,0.0,0.0,0.0,0.0,1.0,1.0,100.0,81.0,183.0,27.11.2004,4.0,74.0,50.0,21.0,0.0,19.0,61.53846153846154,50.0,66.66666666666666,0.0,0.0,0.0
M. Stakusic,F. Stollar,1.0,1.0,100.0,0.0,0.0,0.0,1.0,1.0,100.0,0.0,0.0,0.0,0.0,0.0,0.0,81.0,183.0,27.11.2004,4.0,74.0,50.0,21.0,0.0,19.0,61.53846153846154,50.0,66.66666666666666,0.0,0.0,0.0
M. Stakusic,R. Masarova,1.0,1.0,100.0,0.0,0.0,0.0,0.0,0.0,0.0,0.0,0.0,0.0,1.0,1.0,100.0,81.0,183.0,27.11.2004,4.0,74.0,50.0,21.0,0.0,19.0,61.53846153846154,50.0,66.66666666666666,0.0,0.0,0.0
T. Droguet,K. Coppejans,1.0,1.0,100.0,1.0,1.0,100.0,0.0,0.0,0.0,0.0,0.0,0.0,0.0,0.0,0.0,8926.0,132.0,15.06.2001,11.0,217.0,76.0,138.0,3.0,23.0,53.333333333333336,33.33333333333333,50.0,80.0,0.0,0.0
L. Samsonova,B. Krejcikova,1.0,1.0,100.0,1.0,1.0,100.0,0.0,0.0,0.0,0.0,0.0,0.0,0.0,0.0,0.0,2815.0,0.0,10.03.2008,63.0,231.0,154.0,102.0,78.0,16.0,35.8974358974359,35.8974358974359,0.0,0.0,0.0,0.0
L. Samsonova,K. Siniakova,1.0,0.0,0.0,0.0,0.0,0.0,0.0,0.0,0.0,1.0,0.0,0.0,0.0,0.0,0.0,2815.0,0.0,10.03.2008,63.0,231.0,154.0,102.0,78.0,16.0,35.8974358974359,35.8974358974359,0.0,0.0,0.0,0.0
L. Samsonova,I. Begu,1.0,0.0,0.0,0.0,0.0,0.0,1.0,0.0,0.0,0.0,0.0,0.0,0.0,0.0,0.0,2815.0,0.0,10.03.2008,63.0,231.0,154.0,102.0,78.0,16.0,35.8974358974359,35.8974358974359,0.0,0.0,0.0,0.0
L. Samsonova,B. Bencic,1.0,0.0,0.0,1.0,0.0,0.0,0.0,0.0,0.0,0.0,0.0,0.0,0.0,0.0,0.0,2815.0,0.0,10.03.2008,63.0,231.0,154.0,102.0,78.0,16.0,35.8974358974359,35.8974358974359,0.0,0.0,0.0,0.0
T. Fritz,F. Cerundolo,1.0,1.0,100.0,0.0,0.0,0.0,1.0,1.0,100.0,0.0,0.0,0.0,0.0,0.0,0.0,2832.0,9.0,28.10.1997,13.0,424.0,318.0,66.0,36.0,26.0,40.0,41.37931034482759,0.0,0.0,0.0,0.0
T. Fritz,U. Humbert,1.0,1.0,100.0,1.0,1.0,100.0,0.0,0.0,0.0,0.0,0.0,0.0,0.0,0.0,0.0,2832.0,9.0,28.10.1997,13.0,424.0,318.0,66.0,36.0,26.0,40.0,41.37931034482759,0.0,0.0,0.0,0.0
T. Fritz,J.J. Wolf,1.0,1.0,100.0,1.0,1.0,100.0,0.0,0.0,0.0,0.0,0.0,0.0,0.0,0.0,0.0,2832.0,9.0,28.10.1997,13.0,424.0,318.0,66.0,36.0,26.0,40.0,41.37931034482759,0.0,0.0,0.0,0.0
T. Fritz,V. Orlov,1.0,1.0,100.0,0.0,0.0,0.0,0.0,0.0,0.0,0.0,0.0,0.0,1.0,1.0,100.0,2832.0,9.0,28.10.1997,13.0,424.0,318.0,66.0,36.0,26.0,40.0,41.37931034482759,0.0,0.0,0.0,0.0
T. Fritz,S. Tsitsipas,1.0,1.0,100.0,1.0,1.0,100.0,0.0,0.0,0.0,0.0,0.0,0.0,0.0,0.0,0.0,2832.0,9.0,28.10.1997,13.0,424.0,318.0,66.0,36.0,26.0,40.0,41.37931034482759,0.0,0.0,0.0,0.0
T. Fritz,A. Tabilo,1.0,1.0,100.0,1.0,1.0,100.0,0.0,0.0,0.0,0.0,0.0,0.0,0.0,0.0,0.0,2832.0,9.0,28.10.1997,13.0,424.0,318.0,66.0,36.0,26.0,40.0,41.37931034482759,0.0,0.0,0.0,0.0
T. Fritz,G. Dimitrov,2.0,1.0,50.0,0.0,0.0,0.0,2.0,1.0,50.0,0.0,0.0,0.0,0.0,0.0,0.0,2832.0,9.0,28.10.1997,13.0,424.0,318.0,66.0,36.0,26.0,40.0,41.37931034482759,0.0,0.0,0.0,0.0
T. Fritz,J. Sinner,1.0,0.0,0.0,1.0,0.0,0.0,0.0,0.0,0.0,0.0,0.0,0.0,0.0,0.0,0.0,2832.0,9.0,28.10.1997,13.0,424.0,318.0,66.0,36.0,26.0,40.0,41.37931034482759,0.0,0.0,0.0,0.0
T. Fritz,N. Djokovic,1.0,0.0,0.0,1.0,0.0,0.0,0.0,0.0,0.0,0.0,0.0,0.0,0.0,0.0,0.0,2832.0,9.0,28.10.1997,13.0,424.0,318.0,66.0,36.0,26.0,40.0,41.37931034482759,0.0,0.0,0.0,0.0
T. Fritz,C. Alcaraz,1.0,0.0,0.0,1.0,0.0,0.0,0.0,0.0,0.0,0.0,0.0,0.0,0.0,0.0,0.0,2832.0,9.0,28.10.1997,13.0,424.0,318.0,66.0,36.0,26.0,40.0,41.37931034482759,0.0,0.0,0.0,0.0
T. Fritz,A. Rublev,1.0,0.0,0.0,0.0,0.0,0.0,1.0,0.0,0.0,0.0,0.0,0.0,0.0,0.0,0.0,2832.0,9.0,28.10.1997,13.0,424.0,318.0,66.0,36.0,26.0,40.0,41.37931034482759,0.0,0.0,0.0,0.0
T. Fritz,H. Rune,1.0,0.0,0.0,1.0,0.0,0.0,0.0,0.0,0.0,0.0,0.0,0.0,0.0,0.0,0.0,2832.0,9.0,28.10.1997,13.0,424.0,318.0,66.0,36.0,26.0,40.0,41.37931034482759,0.0,0.0,0.0,0.0
T. Fritz,M. Fucsovics,1.0,0.0,0.0,0.0,0.0,0.0,0.0,0.0,0.0,1.0,0.0,0.0,0.0,0.0,0.0,2832.0,9.0,28.10.1997,13.0,424.0,318.0,66.0,36.0,26.0,40.0,41.37931034482759,0.0,0.0,0.0,0.0
T. Fritz,T. Griekspoor,1.0,0.0,0.0,1.0,0.0,0.0,0.0,0.0,0.0,0.0,0.0,0.0,0.0,0.0,0.0,2832.0,9.0,28.10.1997,13.0,424.0,318.0,66.0,36.0,26.0,40.0,41.37931034482759,0.0,0.0,0.0,0.0
B. Hassan,D. Stricker,1.0,0.0,0.0,1.0,0.0,0.0,0.0,0.0,0.0,0.0,0.0,0.0,0.0,0.0,0.0,1896.0,149.0,04.02.1995,3.0,221.0,69.0,145.0,1.0,29.0,50.0,50.0,0.0,0.0,228.0,103.16742081447966
L. Chirico,N. Khirin,1.0,1.0,100.0,1.0,1.0,100.0,0.0,0.0,0.0,0.0,0.0,0.0,0.0,0.0,0.0,456.0,68.0,16.05.1996,3.0,212.0,110.0,95.0,5.0,28.0,38.46153846153847,25.0,44.44444444444444,0.0,0.0,0.0
L. Chirico,R. Zarazua,1.0,1.0,100.0,1.0,1.0,100.0,0.0,0.0,0.0,0.0,0.0,0.0,0.0,0.0,0.0,456.0,68.0,16.05.1996,3.0,212.0,110.0,95.0,5.0,28.0,38.46153846153847,25.0,44.44444444444444,0.0,0.0,0.0
L. van Assche,K. Khachanov,1.0,0.0,0.0,1.0,0.0,0.0,0.0,0.0,0.0,0.0,0.0,0.0,0.0,0.0,0.0,1066.0,90.0,11.05.2004,6.0,149.0,62.0,82.0,4.0,20.0,36.84210526315789,36.84210526315789,0.0,0.0,0.0,0.0
L. van Assche,A. Zverev,1.0,0.0,0.0,0.0,0.0,0.0,1.0,0.0,0.0,0.0,0.0,0.0,0.0,0.0,0.0,1066.0,90.0,11.05.2004,6.0,149.0,62.0,82.0,4.0,20.0,36.84210526315789,36.84210526315789,0.0,0.0,0.0,0.0
L. van Assche,A. Fils,1.0,0.0,0.0,1.0,0.0,0.0,0.0,0.0,0.0,0.0,0.0,0.0,0.0,0.0,0.0,1066.0,90.0,11.05.2004,6.0,149.0,62.0,82.0,4.0,20.0,36.84210526315789,36.84210526315789,0.0,0.0,0.0,0.0
V. Gracheva,S. Errani,1.0,1.0,100.0,0.0,0.0,0.0,0.0,0.0,0.0,1.0,1.0,100.0,0.0,0.0,0.0,1913.0,43.0,02.08.2000,2.0,161.0,85.0,67.0,8.0,23.0,0.0,0.0,0.0,0.0,637.0,395.65217391304344
V. Gracheva,T. Maria,1.0,1.0,100.0,1.0,1.0,100.0,0.0,0.0,0.0,0.0,0.0,0.0,0.0,0.0,0.0,1913.0,43.0,02.08.2000,2.0,161.0,85.0,67.0,8.0,23.0,0.0,0.0,0.0,0.0,637.0,395.65217391304344
V. Gracheva,K. Volynets,1.0,1.0,100.0,1.0,1.0,100.0,0.0,0.0,0.0,0.0,0.0,0.0,0.0,0.0,0.0,1913.0,43.0,02.08.2000,2.0,161.0,85.0,67.0,8.0,23.0,0.0,0.0,0.0,0.0,637.0,395.65217391304344
V. Gracheva,S. Stephens,2.0,1.0,50.0,2.0,1.0,50.0,0.0,0.0,0.0,0.0,0.0,0.0,0.0,0.0,0.0,1913.0,43.0,02.08.2000,2.0,161.0,85.0,67.0,8.0,23.0,0.0,0.0,0.0,0.0,637.0,395.65217391304344
V. Gracheva,L. Bronzetti,1.0,0.0,0.0,0.0,0.0,0.0,0.0,0.0,0.0,1.0,0.0,0.0,0.0,0.0,0.0,1913.0,43.0,02.08.2000,2.0,161.0,85.0,67.0,8.0,23.0,0.0,0.0,0.0,0.0,637.0,395.65217391304344
V. Gracheva,D. Vekic,1.0,0.0,0.0,0.0,0.0,0.0,0.0,0.0,0.0,1.0,0.0,0.0,0.0,0.0,0.0,1913.0,43.0,02.08.2000,2.0,161.0,85.0,67.0,8.0,23.0,0.0,0.0,0.0,0.0,637.0,395.65217391304344
D. Ajdukovic,B. Nakashima,1.0,0.0,0.0,0.0,0.0,0.0,1.0,0.0,0.0,0.0,0.0,0.0,0.0,0.0,0.0,392.0,136.0,05.02.2001,7.0,171.0,33.0,134.0,2.0,23.0,56.25,0.0,57.446808510638306,0.0,0.0,0.0
A. Rus,L. Fruhvirtova,2.0,1.0,50.0,2.0,1.0,50.0,0.0,0.0,0.0,0.0,0.0,0.0,0.0,0.0,0.0,508.0,50.0,13.12.1990,21.0,476.0,182.0,262.0,29.0,33.0,42.857142857142854,0.0,40.0,0.0,0.0,0.0
A. Rus,O. Dodin,1.0,0.0,0.0,1.0,0.0,0.0,0.0,0.0,0.0,0.0,0.0,0.0,0.0,0.0,0.0,508.0,50.0,13.12.1990,21.0,476.0,182.0,262.0,29.0,33.0,42.857142857142854,0.0,40.0,0.0,0.0,0.0
L. Sonego,D. Thiem,1.0,1.0,100.0,1.0,1.0,100.0,0.0,0.0,0.0,0.0,0.0,0.0,0.0,0.0,0.0,2843.0,27.0,11.05.1995,12.0,348.0,137.0,181.0,21.0,29.0,59.25925925925925,25.0,65.21739130434783,0.0,0.0,0.0
L. Sonego,M. Giron,1.0,1.0,100.0,1.0,1.0,100.0,0.0,0.0,0.0,0.0,0.0,0.0,0.0,0.0,0.0,2843.0,27.0,11.05.1995,12.0,348.0,137.0,181.0,21.0,29.0,59.25925925925925,25.0,65.21739130434783,0.0,0.0,0.0
L. Sonego,C. Alcaraz,1.0,0.0,0.0,1.0,0.0,0.0,0.0,0.0,0.0,0.0,0.0,0.0,0.0,0.0,0.0,2843.0,27.0,11.05.1995,12.0,348.0,137.0,181.0,21.0,29.0,59.25925925925925,25.0,65.21739130434783,0.0,0.0,0.0
L. Sonego,K. Khachanov,1.0,0.0,0.0,0.0,0.0,0.0,1.0,0.0,0.0,0.0,0.0,0.0,0.0,0.0,0.0,2843.0,27.0,11.05.1995,12.0,348.0,137.0,181.0,21.0,29.0,59.25925925925925,25.0,65.21739130434783,0.0,0.0,0.0
L. Sonego,F. Cerundolo,1.0,0.0,0.0,1.0,0.0,0.0,0.0,0.0,0.0,0.0,0.0,0.0,0.0,0.0,0.0,2843.0,27.0,11.05.1995,12.0,348.0,137.0,181.0,21.0,29.0,59.25925925925925,25.0,65.21739130434783,0.0,0.0,0.0
L. Sonego,A. Zverev,1.0,0.0,0.0,1.0,0.0,0.0,0.0,0.0,0.0,0.0,0.0,0.0,0.0,0.0,0.0,2843.0,27.0,11.05.1995,12.0,348.0,137.0,181.0,21.0,29.0,59.25925925925925,25.0,65.21739130434783,0.0,0.0,0.0
L. Sonego,S. Tsitsipas,1.0,0.0,0.0,0.0,0.0,0.0,1.0,0.0,0.0,0.0,0.0,0.0,0.0,0.0,0.0,2843.0,27.0,11.05.1995,12.0,348.0,137.0,181.0,21.0,29.0,59.25925925925925,25.0,65.21739130434783,0.0,0.0,0.0
F. Cobolli,C. Lestienne,1.0,1.0,100.0,1.0,1.0,100.0,0.0,0.0,0.0,0.0,0.0,0.0,0.0,0.0,0.0,372.0,53.0,06.05.2002,6.0,210.0,55.0,153.0,2.0,22.0,0.0,0.0,0.0,0.0,0.0,0.0
F. Cobolli,M. Marterer,1.0,1.0,100.0,0.0,0.0,0.0,1.0,1.0,100.0,0.0,0.0,0.0,0.0,0.0,0.0,372.0,53.0,06.05.2002,6.0,210.0,55.0,153.0,2.0,22.0,0.0,0.0,0.0,0.0,0.0,0.0
F. Cobolli,C. Alcaraz,1.0,0.0,0.0,0.0,0.0,0.0,1.0,0.0,0.0,0.0,0.0,0.0,0.0,0.0,0.0,372.0,53.0,06.05.2002,6.0,210.0,55.0,153.0,2.0,22.0,0.0,0.0,0.0,0.0,0.0,0.0
F. Cobolli,L. Nardi,1.0,0.0,0.0,1.0,0.0,0.0,0.0,0.0,0.0,0.0,0.0,0.0,0.0,0.0,0.0,372.0,53.0,06.05.2002,6.0,210.0,55.0,153.0,2.0,22.0,0.0,0.0,0.0,0.0,0.0,0.0
F. Cobolli,K. Khachanov,1.0,0.0,0.0,0.0,0.0,0.0,1.0,0.0,0.0,0.0,0.0,0.0,0.0,0.0,0.0,372.0,53.0,06.05.2002,6.0,210.0,55.0,153.0,2.0,22.0,0.0,0.0,0.0,0.0,0.0,0.0
F. Cobolli,A. Fils,1.0,0.0,0.0,1.0,0.0,0.0,0.0,0.0,0.0,0.0,0.0,0.0,0.0,0.0,0.0,372.0,53.0,06.05.2002,6.0,210.0,55.0,153.0,2.0,22.0,0.0,0.0,0.0,0.0,0.0,0.0
F. Cobolli,P. Kotov,1.0,0.0,0.0,0.0,0.0,0.0,1.0,0.0,0.0,0.0,0.0,0.0,0.0,0.0,0.0,372.0,53.0,06.05.2002,6.0,210.0,55.0,153.0,2.0,22.0,0.0,0.0,0.0,0.0,0.0,0.0
A. Celikbilek,A. Ayeni,1.0,1.0,100.0,0.0,0.0,0.0,0.0,0.0,0.0,1.0,1.0,100.0,0.0,0.0,0.0,383.0,162.0,07.09.1996,5.0,193.0,160.0,19.0,7.0,27.0,33.33333333333333,0.0,40.0,0.0,0.0,0.0
C. Ilkel,M. Purcell,1.0,1.0,100.0,1.0,1.0,100.0,0.0,0.0,0.0,0.0,0.0,0.0,0.0,0.0,0.0,1736.0,144.0,21.08.1995,1.0,216.0,188.0,22.0,1.0,28.0,0.0,0.0,0.0,0.0,172.0,79.62962962962963
B. Pera,M. Brengle,1.0,1.0,100.0,1.0,1.0,100.0,0.0,0.0,0.0,0.0,0.0,0.0,0.0,0.0,0.0,518.0,44.0,03.12.1994,5.0,247.0,132.0,98.0,12.0,29.0,8.333333333333332,9.090909090909092,0.0,0.0,0.0,0.0
B. Pera,L. Siegemund,1.0,1.0,100.0,1.0,1.0,100.0,0.0,0.0,0.0,0.0,0.0,0.0,0.0,0.0,0.0,518.0,44.0,03.12.1994,5.0,247.0,132.0,98.0,12.0,29.0,8.333333333333332,9.090909090909092,0.0,0.0,0.0,0.0
B. Pera,L. Tsurenko,1.0,0.0,0.0,0.0,0.0,0.0,1.0,0.0,0.0,0.0,0.0,0.0,0.0,0.0,0.0,518.0,44.0,03.12.1994,5.0,247.0,132.0,98.0,12.0,29.0,8.333333333333332,9.090909090909092,0.0,0.0,0.0,0.0
B. Pera,O. Jabeur,1.0,0.0,0.0,0.0,0.0,0.0,1.0,0.0,0.0,0.0,0.0,0.0,0.0,0.0,0.0,518.0,44.0,03.12.1994,5.0,247.0,132.0,98.0,12.0,29.0,8.333333333333332,9.090909090909092,0.0,0.0,0.0,0.0
B. Pera,C. Burel,1.0,0.0,0.0,0.0,0.0,0.0,1.0,0.0,0.0,0.0,0.0,0.0,0.0,0.0,0.0,518.0,44.0,03.12.1994,5.0,247.0,132.0,98.0,12.0,29.0,8.333333333333332,9.090909090909092,0.0,0.0,0.0,0.0
C. Giorgi,N. Parrizas-Diaz,1.0,1.0,100.0,1.0,1.0,100.0,0.0,0.0,0.0,0.0,0.0,0.0,0.0,0.0,0.0,2812.0,26.0,30.12.1991,5.0,305.0,187.0,58.0,55.0,32.0,53.84615384615385,53.84615384615385,0.0,0.0,0.0,0.0
C. Giorgi,I. Swiatek,1.0,0.0,0.0,1.0,0.0,0.0,0.0,0.0,0.0,0.0,0.0,0.0,0.0,0.0,0.0,2812.0,26.0,30.12.1991,5.0,305.0,187.0,58.0,55.0,32.0,53.84615384615385,53.84615384615385,0.0,0.0,0.0,0.0
C. Giorgi,V. Azarenka,1.0,0.0,0.0,1.0,0.0,0.0,0.0,0.0,0.0,0.0,0.0,0.0,0.0,0.0,0.0,2812.0,26.0,30.12.1991,5.0,305.0,187.0,58.0,55.0,32.0,53.84615384615385,53.84615384615385,0.0,0.0,0.0,0.0
G. Monfils,A. Bublik,1.0,1.0,100.0,1.0,1.0,100.0,0.0,0.0,0.0,0.0,0.0,0.0,0.0,0.0,0.0,2845.0,7.0,01.09.1986,14.0,597.0,399.0,153.0,44.0,37.0,53.333333333333336,62.5,40.0,0.0,0.0,0.0
G. Monfils,J. Sinner,1.0,0.0,0.0,1.0,0.0,0.0,0.0,0.0,0.0,0.0,0.0,0.0,0.0,0.0,0.0,2845.0,7.0,01.09.1986,14.0,597.0,399.0,153.0,44.0,37.0,53.333333333333336,62.5,40.0,0.0,0.0,0.0
G. Monfils,U. Humbert,1.0,0.0,0.0,1.0,0.0,0.0,0.0,0.0,0.0,0.0,0.0,0.0,0.0,0.0,0.0,2845.0,7.0,01.09.1986,14.0,597.0,399.0,153.0,44.0,37.0,53.333333333333336,62.5,40.0,0.0,0.0,0.0
M. Zanevska,B. Strycova,1.0,0.0,0.0,0.0,0.0,0.0,1.0,0.0,0.0,0.0,0.0,0.0,0.0,0.0,0.0,1157.0,81.0,24.08.1993,17.0,342.0,161.0,165.0,15.0,30.0,0.0,0.0,0.0,0.0,0.0,0.0
A. Murray,J. Lehecka,1.0,1.0,100.0,1.0,1.0,100.0,0.0,0.0,0.0,0.0,0.0,0.0,0.0,0.0,0.0,2836.0,1.0,15.05.1987,52.0,861.0,585.0,127.0,142.0,37.0,27.27272727272727,20.0,40.0,0.0,0.0,0.0
A. Murray,J. Draper,1.0,0.0,0.0,1.0,0.0,0.0,0.0,0.0,0.0,0.0,0.0,0.0,0.0,0.0,0.0,2836.0,1.0,15.05.1987,52.0,861.0,585.0,127.0,142.0,37.0,27.27272727272727,20.0,40.0,0.0,0.0,0.0
B. Gojo,M. Ymer,1.0,0.0,0.0,1.0,0.0,0.0,0.0,0.0,0.0,0.0,0.0,0.0,0.0,0.0,0.0,377.0,73.0,27.02.1998,1.0,172.0,129.0,27.0,9.0,26.0,71.05263157894737,66.66666666666666,72.41379310344827,0.0,0.0,0.0
P. Kaukovalta,M. Raonic,1.0,0.0,0.0,0.0,0.0,0.0,0.0,0.0,0.0,0.0,0.0,0.0,1.0,0.0,0.0,53289.0,619.0,01.12.1998,2.0,36.0,20.0,15.0,0.0,25.0,45.45454545454545,45.45454545454545,0.0,0.0,0.0,0.0
R. Bhosale,X. Jiang,1.0,0.0,0.0,0.0,0.0,0.0,0.0,0.0,0.0,0.0,0.0,0.0,1.0,0.0,0.0,5646.0,0.0,27.03.1996,22.0,205.0,179.0,24.0,8.0,28.0,73.33333333333333,73.33333333333333,0.0,0.0,0.0,0.0
R. Bhosale,M. Hontama,1.0,0.0,0.0,0.0,0.0,0.0,0.0,0.0,0.0,0.0,0.0,0.0,1.0,0.0,0.0,5646.0,0.0,27.03.1996,22.0,205.0,179.0,24.0,8.0,28.0,73.33333333333333,73.33333333333333,0.0,0.0,0.0,0.0
R. Safiullin,V. Kopriva,1.0,1.0,100.0,0.0,0.0,0.0,1.0,1.0,100.0,0.0,0.0,0.0,0.0,0.0,0.0,1057.0,39.0,07.08.1997,5.0,185.0,143.0,31.0,11.0,26.0,0.0,0.0,0.0,0.0,0.0,0.0
R. Safiullin,J. Sinner,1.0,0.0,0.0,0.0,0.0,0.0,0.0,0.0,0.0,1.0,0.0,0.0,0.0,0.0,0.0,1057.0,39.0,07.08.1997,5.0,185.0,143.0,31.0,11.0,26.0,0.0,0.0,0.0,0.0,0.0,0.0
R. Safiullin,L. Harris,1.0,0.0,0.0,0.0,0.0,0.0,0.0,0.0,0.0,1.0,0.0,0.0,0.0,0.0,0.0,1057.0,39.0,07.08.1997,5.0,185.0,143.0,31.0,11.0,26.0,0.0,0.0,0.0,0.0,0.0,0.0
R. Safiullin,M. Ymer,1.0,0.0,0.0,1.0,0.0,0.0,0.0,0.0,0.0,0.0,0.0,0.0,0.0,0.0,0.0,1057.0,39.0,07.08.1997,5.0,185.0,143.0,31.0,11.0,26.0,0.0,0.0,0.0,0.0,0.0,0.0
M. Raonic,S. Nagal,1.0,1.0,100.0,1.0,1.0,100.0,0.0,0.0,0.0,0.0,0.0,0.0,0.0,0.0,0.0,6651.0,3.0,27.12.1990,8.0,440.0,309.0,71.0,58.0,33.0,37.5,33.33333333333333,33.33333333333333,50.0,0.0,0.0
M. Raonic,P. Kaukovalta,1.0,1.0,100.0,0.0,0.0,0.0,0.0,0.0,0.0,0.0,0.0,0.0,1.0,1.0,100.0,6651.0,3.0,27.12.1990,8.0,440.0,309.0,71.0,58.0,33.0,37.5,33.33333333333333,33.33333333333333,50.0,0.0,0.0
A. Rai,T. Daniel,1.0,1.0,100.0,1.0,1.0,100.0,0.0,0.0,0.0,0.0,0.0,0.0,0.0,0.0,0.0,3224.0,230.0,18.01.1999,16.0,214.0,186.0,10.0,16.0,25.0,56.25,57.89473684210527,57.14285714285714,0.0,0.0,0.0
R. Kingsley,O. Kalashnikova,1.0,1.0,100.0,1.0,1.0,100.0,0.0,0.0,0.0,0.0,0.0,0.0,0.0,0.0,0.0,9157.0,0.0,23.07.1998,5.0,65.0,49.0,19.0,3.0,25.0,0.0,0.0,0.0,0.0,0.0,0.0
P. Martinez,M. Huesler,1.0,1.0,100.0,1.0,1.0,100.0,0.0,0.0,0.0,0.0,0.0,0.0,0.0,0.0,0.0,1775.0,49.0,26.04.1997,15.0,442.0,92.0,343.0,5.0,27.0,50.0,50.0,0.0,0.0,163.0,36.87782805429865
P. Martinez,F. Diaz Acosta,1.0,1.0,100.0,0.0,0.0,0.0,1.0,1.0,100.0,0.0,0.0,0.0,0.0,0.0,0.0,1775.0,49.0,26.04.1997,15.0,442.0,92.0,343.0,5.0,27.0,50.0,50.0,0.0,0.0,163.0,36.87782805429865
P. Martinez,G. Barrere,1.0,0.0,0.0,0.0,0.0,0.0,1.0,0.0,0.0,0.0,0.0,0.0,0.0,0.0,0.0,1775.0,49.0,26.04.1997,15.0,442.0,92.0,343.0,5.0,27.0,50.0,50.0,0.0,0.0,163.0,36.87782805429865
P. Martinez,H. Hurkacz,1.0,0.0,0.0,0.0,0.0,0.0,1.0,0.0,0.0,0.0,0.0,0.0,0.0,0.0,0.0,1775.0,49.0,26.04.1997,15.0,442.0,92.0,343.0,5.0,27.0,50.0,50.0,0.0,0.0,163.0,36.87782805429865
L. Tanasie,K. Zavatska,1.0,0.0,0.0,1.0,0.0,0.0,0.0,0.0,0.0,0.0,0.0,0.0,0.0,0.0,0.0,13031.0,663.0,01.01.1970,1.0,79.0,6.0,73.0,0.0,54.0,33.33333333333333,0.0,50.0,0.0,0.0,0.0
F. Coria,A. Ramos,1.0,1.0,100.0,0.0,0.0,0.0,1.0,1.0,100.0,0.0,0.0,0.0,0.0,0.0,0.0,433.0,63.0,09.03.1992,9.0,358.0,21.0,335.0,0.0,32.0,55.172413793103445,0.0,57.14285714285714,0.0,0.0,0.0
F. Coria,D. Altmaier,1.0,1.0,100.0,0.0,0.0,0.0,1.0,1.0,100.0,0.0,0.0,0.0,0.0,0.0,0.0,433.0,63.0,09.03.1992,9.0,358.0,21.0,335.0,0.0,32.0,55.172413793103445,0.0,57.14285714285714,0.0,0.0,0.0
F. Coria,F. Cerundolo,1.0,0.0,0.0,0.0,0.0,0.0,1.0,0.0,0.0,0.0,0.0,0.0,0.0,0.0,0.0,433.0,63.0,09.03.1992,9.0,358.0,21.0,335.0,0.0,32.0,55.172413793103445,0.0,57.14285714285714,0.0,0.0,0.0
F. Coria,M. Giron,1.0,0.0,0.0,1.0,0.0,0.0,0.0,0.0,0.0,0.0,0.0,0.0,0.0,0.0,0.0,433.0,63.0,09.03.1992,9.0,358.0,21.0,335.0,0.0,32.0,55.172413793103445,0.0,57.14285714285714,0.0,0.0,0.0
A. Potapova,S. Errani,1.0,1.0,100.0,1.0,1.0,100.0,0.0,0.0,0.0,0.0,0.0,0.0,0.0,0.0,0.0,457.0,27.0,30.03.2001,6.0,269.0,150.0,95.0,23.0,23.0,0.0,0.0,0.0,0.0,0.0,0.0
A. Potapova,C. Naef,1.0,1.0,100.0,1.0,1.0,100.0,0.0,0.0,0.0,0.0,0.0,0.0,0.0,0.0,0.0,457.0,27.0,30.03.2001,6.0,269.0,150.0,95.0,23.0,23.0,0.0,0.0,0.0,0.0,0.0,0.0
A. Potapova,J. Paolini,1.0,1.0,100.0,1.0,1.0,100.0,0.0,0.0,0.0,0.0,0.0,0.0,0.0,0.0,0.0,457.0,27.0,30.03.2001,6.0,269.0,150.0,95.0,23.0,23.0,0.0,0.0,0.0,0.0,0.0,0.0
A. Potapova,O. Jabeur,1.0,1.0,100.0,1.0,1.0,100.0,0.0,0.0,0.0,0.0,0.0,0.0,0.0,0.0,0.0,457.0,27.0,30.03.2001,6.0,269.0,150.0,95.0,23.0,23.0,0.0,0.0,0.0,0.0,0.0,0.0
A. Potapova,E. Cocciaretto,1.0,1.0,100.0,1.0,1.0,100.0,0.0,0.0,0.0,0.0,0.0,0.0,0.0,0.0,0.0,457.0,27.0,30.03.2001,6.0,269.0,150.0,95.0,23.0,23.0,0.0,0.0,0.0,0.0,0.0,0.0
A. Potapova,L. Fernandez,1.0,0.0,0.0,0.0,0.0,0.0,1.0,0.0,0.0,0.0,0.0,0.0,0.0,0.0,0.0,457.0,27.0,30.03.2001,6.0,269.0,150.0,95.0,23.0,23.0,0.0,0.0,0.0,0.0,0.0,0.0
A. Potapova,L. Noskova,1.0,0.0,0.0,1.0,0.0,0.0,0.0,0.0,0.0,0.0,0.0,0.0,0.0,0.0,0.0,457.0,27.0,30.03.2001,6.0,269.0,150.0,95.0,23.0,23.0,0.0,0.0,0.0,0.0,0.0,0.0
A. Potapova,J. Pegula,1.0,0.0,0.0,1.0,0.0,0.0,0.0,0.0,0.0,0.0,0.0,0.0,0.0,0.0,0.0,457.0,27.0,30.03.2001,6.0,269.0,150.0,95.0,23.0,23.0,0.0,0.0,0.0,0.0,0.0,0.0
A. Potapova,A. Sabalenka,1.0,0.0,0.0,0.0,0.0,0.0,1.0,0.0,0.0,0.0,0.0,0.0,0.0,0.0,0.0,457.0,27.0,30.03.2001,6.0,269.0,150.0,95.0,23.0,23.0,0.0,0.0,0.0,0.0,0.0,0.0
K. Kanepi,I. Burillo Escorihuela,1.0,0.0,0.0,0.0,0.0,0.0,1.0,0.0,0.0,0.0,0.0,0.0,0.0,0.0,0.0,2005.0,19.0,10.06.1985,12.0,419.0,229.0,158.0,31.0,39.0,38.46153846153847,28.57142857142857,50.0,0.0,3.0,0.7159904534606205
K. Kanepi,M. Vondrousova,1.0,0.0,0.0,1.0,0.0,0.0,0.0,0.0,0.0,0.0,0.0,0.0,0.0,0.0,0.0,2005.0,19.0,10.06.1985,12.0,419.0,229.0,158.0,31.0,39.0,38.46153846153847,28.57142857142857,50.0,0.0,3.0,0.7159904534606205
O. Dodin,A. Rus,1.0,1.0,100.0,1.0,1.0,100.0,0.0,0.0,0.0,0.0,0.0,0.0,0.0,0.0,0.0,523.0,0.0,24.10.1996,14.0,298.0,203.0,76.0,24.0,27.0,40.74074074074074,43.47826086956522,25.0,0.0,0.0,0.0
O. Dodin,E. Avanesyan,1.0,1.0,100.0,1.0,1.0,100.0,0.0,0.0,0.0,0.0,0.0,0.0,0.0,0.0,0.0,523.0,0.0,24.10.1996,14.0,298.0,203.0,76.0,24.0,27.0,40.74074074074074,43.47826086956522,25.0,0.0,0.0,0.0
D. Papamichail,S. Hosogi,1.0,1.0,100.0,1.0,1.0,100.0,0.0,0.0,0.0,0.0,0.0,0.0,0.0,0.0,0.0,1111.0,94.0,09.02.1993,9.0,238.0,96.0,125.0,3.0,31.0,63.63636363636363,67.85714285714286,40.0,0.0,0.0,0.0
J. Sinner,A. Rublev,1.0,1.0,100.0,1.0,1.0,100.0,0.0,0.0,0.0,0.0,0.0,0.0,0.0,0.0,0.0,2072.0,2.0,16.08.2001,20.0,305.0,201.0,79.0,15.0,22.0,33.33333333333333,42.857142857142854,0.0,0.0,0.0,0.0
J. Sinner,T. Kokkinakis,1.0,1.0,100.0,1.0,1.0,100.0,0.0,0.0,0.0,0.0,0.0,0.0,0.0,0.0,0.0,2072.0,2.0,16.08.2001,20.0,305.0,201.0,79.0,15.0,22.0,33.33333333333333,42.857142857142854,0.0,0.0,0.0,0.0
J. Sinner,G. Monfils,1.0,1.0,100.0,1.0,1.0,100.0,0.0,0.0,0.0,0.0,0.0,0.0,0.0,0.0,0.0,2072.0,2.0,16.08.2001,20.0,305.0,201.0,79.0,15.0,22.0,33.33333333333333,42.857142857142854,0.0,0.0,0.0,0.0
J. Sinner,T. Machac,1.0,1.0,100.0,1.0,1.0,100.0,0.0,0.0,0.0,0.0,0.0,0.0,0.0,0.0,0.0,2072.0,2.0,16.08.2001,20.0,305.0,201.0,79.0,15.0,22.0,33.33333333333333,42.857142857142854,0.0,0.0,0.0,0.0
J. Sinner,T. Fritz,1.0,1.0,100.0,1.0,1.0,100.0,0.0,0.0,0.0,0.0,0.0,0.0,0.0,0.0,0.0,2072.0,2.0,16.08.2001,20.0,305.0,201.0,79.0,15.0,22.0,33.33333333333333,42.857142857142854,0.0,0.0,0.0,0.0
J. Sinner,A. De Minaur,1.0,1.0,100.0,1.0,1.0,100.0,0.0,0.0,0.0,0.0,0.0,0.0,0.0,0.0,0.0,2072.0,2.0,16.08.2001,20.0,305.0,201.0,79.0,15.0,22.0,33.33333333333333,42.857142857142854,0.0,0.0,0.0,0.0
J. Sinner,T. M. Etcheverry,1.0,1.0,100.0,1.0,1.0,100.0,0.0,0.0,0.0,0.0,0.0,0.0,0.0,0.0,0.0,2072.0,2.0,16.08.2001,20.0,305.0,201.0,79.0,15.0,22.0,33.33333333333333,42.857142857142854,0.0,0.0,0.0,0.0
J. Sinner,Y. Hanfmann,1.0,1.0,100.0,1.0,1.0,100.0,0.0,0.0,0.0,0.0,0.0,0.0,0.0,0.0,0.0,2072.0,2.0,16.08.2001,20.0,305.0,201.0,79.0,15.0,22.0,33.33333333333333,42.857142857142854,0.0,0.0,0.0,0.0
J. Sinner,R. Safiullin,1.0,1.0,100.0,0.0,0.0,0.0,0.0,0.0,0.0,1.0,1.0,100.0,0.0,0.0,0.0,2072.0,2.0,16.08.2001,20.0,305.0,201.0,79.0,15.0,22.0,33.33333333333333,42.857142857142854,0.0,0.0,0.0,0.0
J. Sinner,G. Dimitrov,1.0,1.0,100.0,1.0,1.0,100.0,0.0,0.0,0.0,0.0,0.0,0.0,0.0,0.0,0.0,2072.0,2.0,16.08.2001,20.0,305.0,201.0,79.0,15.0,22.0,33.33333333333333,42.857142857142854,0.0,0.0,0.0,0.0
J. Sinner,M. Fucsovics,1.0,1.0,100.0,1.0,1.0,100.0,0.0,0.0,0.0,0.0,0.0,0.0,0.0,0.0,0.0,2072.0,2.0,16.08.2001,20.0,305.0,201.0,79.0,15.0,22.0,33.33333333333333,42.857142857142854,0.0,0.0,0.0,0.0
J. Sinner,M. McDonald,1.0,1.0,100.0,1.0,1.0,100.0,0.0,0.0,0.0,0.0,0.0,0.0,0.0,0.0,0.0,2072.0,2.0,16.08.2001,20.0,305.0,201.0,79.0,15.0,22.0,33.33333333333333,42.857142857142854,0.0,0.0,0.0,0.0
J. Sinner,B. Shelton,1.0,1.0,100.0,1.0,1.0,100.0,0.0,0.0,0.0,0.0,0.0,0.0,0.0,0.0,0.0,2072.0,2.0,16.08.2001,20.0,305.0,201.0,79.0,15.0,22.0,33.33333333333333,42.857142857142854,0.0,0.0,0.0,0.0
J. Sinner,D. Medvedev,3.0,2.0,66.66666666666666,3.0,2.0,66.66666666666666,0.0,0.0,0.0,0.0,0.0,0.0,0.0,0.0,0.0,2072.0,2.0,16.08.2001,20.0,305.0,201.0,79.0,15.0,22.0,33.33333333333333,42.857142857142854,0.0,0.0,0.0,0.0
J. Sinner,N. Djokovic,3.0,1.0,33.33333333333333,2.0,1.0,50.0,0.0,0.0,0.0,1.0,0.0,0.0,0.0,0.0,0.0,2072.0,2.0,16.08.2001,20.0,305.0,201.0,79.0,15.0,22.0,33.33333333333333,42.857142857142854,0.0,0.0,0.0,0.0
J. Sinner,A. Bublik,1.0,0.0,0.0,0.0,0.0,0.0,0.0,0.0,0.0,1.0,0.0,0.0,0.0,0.0,0.0,2072.0,2.0,16.08.2001,20.0,305.0,201.0,79.0,15.0,22.0,33.33333333333333,42.857142857142854,0.0,0.0,0.0,0.0
J. Sinner,A. Zverev,1.0,0.0,0.0,1.0,0.0,0.0,0.0,0.0,0.0,0.0,0.0,0.0,0.0,0.0,0.0,2072.0,2.0,16.08.2001,20.0,305.0,201.0,79.0,15.0,22.0,33.33333333333333,42.857142857142854,0.0,0.0,0.0,0.0
J. Sinner,C. Alcaraz,2.0,0.0,0.0,2.0,0.0,0.0,0.0,0.0,0.0,0.0,0.0,0.0,0.0,0.0,0.0,2072.0,2.0,16.08.2001,20.0,305.0,201.0,79.0,15.0,22.0,33.33333333333333,42.857142857142854,0.0,0.0,0.0,0.0
J. Sinner,D. Altmaier,1.0,0.0,0.0,0.0,0.0,0.0,1.0,0.0,0.0,0.0,0.0,0.0,0.0,0.0,0.0,2072.0,2.0,16.08.2001,20.0,305.0,201.0,79.0,15.0,22.0,33.33333333333333,42.857142857142854,0.0,0.0,0.0,0.0
D. King,S. Kirchheimer,1.0,1.0,100.0,1.0,1.0,100.0,0.0,0.0,0.0,0.0,0.0,0.0,0.0,0.0,0.0,2926.0,0.0,26.04.1992,20.0,376.0,292.0,74.0,8.0,32.0,0.0,0.0,0.0,0.0,0.0,0.0
B. Krejcikova,D. Kasatkina,1.0,1.0,100.0,1.0,1.0,100.0,0.0,0.0,0.0,0.0,0.0,0.0,0.0,0.0,0.0,2801.0,1.0,18.12.1995,33.0,498.0,303.0,154.0,37.0,28.0,48.275862068965516,0.0,51.85185185185185,0.0,0.0,0.0
B. Krejcikova,S. Kenin,1.0,1.0,100.0,1.0,1.0,100.0,0.0,0.0,0.0,0.0,0.0,0.0,0.0,0.0,0.0,2801.0,1.0,18.12.1995,33.0,498.0,303.0,154.0,37.0,28.0,48.275862068965516,0.0,51.85185185185185,0.0,0.0,0.0
B. Krejcikova,A. Kalinina,2.0,2.0,100.0,2.0,2.0,100.0,0.0,0.0,0.0,0.0,0.0,0.0,0.0,0.0,0.0,2801.0,1.0,18.12.1995,33.0,498.0,303.0,154.0,37.0,28.0,48.275862068965516,0.0,51.85185185185185,0.0,0.0,0.0
B. Krejcikova,J. Ostapenko,1.0,0.0,0.0,0.0,0.0,0.0,0.0,0.0,0.0,1.0,0.0,0.0,0.0,0.0,0.0,2801.0,1.0,18.12.1995,33.0,498.0,303.0,154.0,37.0,28.0,48.275862068965516,0.0,51.85185185185185,0.0,0.0,0.0
B. Krejcikova,V. Azarenka,1.0,0.0,0.0,1.0,0.0,0.0,0.0,0.0,0.0,0.0,0.0,0.0,0.0,0.0,0.0,2801.0,1.0,18.12.1995,33.0,498.0,303.0,154.0,37.0,28.0,48.275862068965516,0.0,51.85185185185185,0.0,0.0,0.0
B. Krejcikova,L. Samsonova,1.0,0.0,0.0,1.0,0.0,0.0,0.0,0.0,0.0,0.0,0.0,0.0,0.0,0.0,0.0,2801.0,1.0,18.12.1995,33.0,498.0,303.0,154.0,37.0,28.0,48.275862068965516,0.0,51.85185185185185,0.0,0.0,0.0
B. Krejcikova,A. Sabalenka,1.0,0.0,0.0,0.0,0.0,0.0,1.0,0.0,0.0,0.0,0.0,0.0,0.0,0.0,0.0,2801.0,1.0,18.12.1995,33.0,498.0,303.0,154.0,37.0,28.0,48.275862068965516,0.0,51.85185185185185,0.0,0.0,0.0
S. Alam,M. Mirdzhaliev,1.0,1.0,100.0,0.0,0.0,0.0,0.0,0.0,0.0,0.0,0.0,0.0,1.0,1.0,100.0,34810.0,1849.0,01.01.1970,0.0,14.0,12.0,0.0,0.0,54.0,14.285714285714285,16.666666666666664,0.0,0.0,0.0,0.0
M. Doi,A. Hartono,1.0,0.0,0.0,1.0,0.0,0.0,0.0,0.0,0.0,0.0,0.0,0.0,0.0,0.0,0.0,2680.0,40.0,29.04.1991,12.0,386.0,272.0,80.0,34.0,33.0,62.06896551724138,62.857142857142854,61.111111111111114,66.66666666666666,0.0,0.0
A. Eala,T. Preston,1.0,1.0,100.0,0.0,0.0,0.0,1.0,1.0,100.0,0.0,0.0,0.0,0.0,0.0,0.0,3490.0,0.0,23.05.2005,15.0,184.0,159.0,28.0,9.0,19.0,57.14285714285714,57.14285714285714,0.0,0.0,0.0,0.0
A. Eala,J. Riera,1.0,0.0,0.0,0.0,0.0,0.0,1.0,0.0,0.0,0.0,0.0,0.0,0.0,0.0,0.0,3490.0,0.0,23.05.2005,15.0,184.0,159.0,28.0,9.0,19.0,57.14285714285714,57.14285714285714,0.0,0.0,0.0,0.0
A. Eala,E. Mertens,1.0,0.0,0.0,1.0,0.0,0.0,0.0,0.0,0.0,0.0,0.0,0.0,0.0,0.0,0.0,3490.0,0.0,23.05.2005,15.0,184.0,159.0,28.0,9.0,19.0,57.14285714285714,57.14285714285714,0.0,0.0,0.0,0.0
E. Alexandrova,B. Andreescu,1.0,1.0,100.0,1.0,1.0,100.0,0.0,0.0,0.0,0.0,0.0,0.0,0.0,0.0,0.0,2392.0,18.0,15.11.1994,11.0,347.0,233.0,77.0,37.0,29.0,27.27272727272727,20.0,33.33333333333333,0.0,233.0,67.14697406340058
E. Alexandrova,M. Frech,1.0,1.0,100.0,1.0,1.0,100.0,0.0,0.0,0.0,0.0,0.0,0.0,0.0,0.0,0.0,2392.0,18.0,15.11.1994,11.0,347.0,233.0,77.0,37.0,29.0,27.27272727272727,20.0,33.33333333333333,0.0,233.0,67.14697406340058
E. Alexandrova,P. M. Tig,1.0,1.0,100.0,1.0,1.0,100.0,0.0,0.0,0.0,0.0,0.0,0.0,0.0,0.0,0.0,2392.0,18.0,15.11.1994,11.0,347.0,233.0,77.0,37.0,29.0,27.27272727272727,20.0,33.33333333333333,0.0,233.0,67.14697406340058
E. Alexandrova,K. Birrell,1.0,1.0,100.0,0.0,0.0,0.0,0.0,0.0,0.0,1.0,1.0,100.0,0.0,0.0,0.0,2392.0,18.0,15.11.1994,11.0,347.0,233.0,77.0,37.0,29.0,27.27272727272727,20.0,33.33333333333333,0.0,233.0,67.14697406340058
E. Alexandrova,J. Pegula,1.0,1.0,100.0,1.0,1.0,100.0,0.0,0.0,0.0,0.0,0.0,0.0,0.0,0.0,0.0,2392.0,18.0,15.11.1994,11.0,347.0,233.0,77.0,37.0,29.0,27.27272727272727,20.0,33.33333333333333,0.0,233.0,67.14697406340058
E. Alexandrova,A. Sasnovich,1.0,1.0,100.0,0.0,0.0,0.0,0.0,0.0,0.0,1.0,1.0,100.0,0.0,0.0,0.0,2392.0,18.0,15.11.1994,11.0,347.0,233.0,77.0,37.0,29.0,27.27272727272727,20.0,33.33333333333333,0.0,233.0,67.14697406340058
E. Alexandrova,C. Gauff,1.0,1.0,100.0,0.0,0.0,0.0,0.0,0.0,0.0,1.0,1.0,100.0,0.0,0.0,0.0,2392.0,18.0,15.11.1994,11.0,347.0,233.0,77.0,37.0,29.0,27.27272727272727,20.0,33.33333333333333,0.0,233.0,67.14697406340058
E. Alexandrova,E. Bektas,1.0,1.0,100.0,0.0,0.0,0.0,0.0,0.0,0.0,1.0,1.0,100.0,0.0,0.0,0.0,2392.0,18.0,15.11.1994,11.0,347.0,233.0,77.0,37.0,29.0,27.27272727272727,20.0,33.33333333333333,0.0,233.0,67.14697406340058
E. Alexandrova,B. Bencic,1.0,0.0,0.0,0.0,0.0,0.0,1.0,0.0,0.0,0.0,0.0,0.0,0.0,0.0,0.0,2392.0,18.0,15.11.1994,11.0,347.0,233.0,77.0,37.0,29.0,27.27272727272727,20.0,33.33333333333333,0.0,233.0,67.14697406340058
E. Alexandrova,P. Kvitova,1.0,0.0,0.0,1.0,0.0,0.0,0.0,0.0,0.0,0.0,0.0,0.0,0.0,0.0,0.0,2392.0,18.0,15.11.1994,11.0,347.0,233.0,77.0,37.0,29.0,27.27272727272727,20.0,33.33333333333333,0.0,233.0,67.14697406340058
E. Alexandrova,S. Cirstea,1.0,0.0,0.0,1.0,0.0,0.0,0.0,0.0,0.0,0.0,0.0,0.0,0.0,0.0,0.0,2392.0,18.0,15.11.1994,11.0,347.0,233.0,77.0,37.0,29.0,27.27272727272727,20.0,33.33333333333333,0.0,233.0,67.14697406340058
E. Alexandrova,M. Sakkari,1.0,0.0,0.0,1.0,0.0,0.0,0.0,0.0,0.0,0.0,0.0,0.0,0.0,0.0,0.0,2392.0,18.0,15.11.1994,11.0,347.0,233.0,77.0,37.0,29.0,27.27272727272727,20.0,33.33333333333333,0.0,233.0,67.14697406340058
E. Alexandrova,D. Vekic,1.0,0.0,0.0,0.0,0.0,0.0,1.0,0.0,0.0,0.0,0.0,0.0,0.0,0.0,0.0,2392.0,18.0,15.11.1994,11.0,347.0,233.0,77.0,37.0,29.0,27.27272727272727,20.0,33.33333333333333,0.0,233.0,67.14697406340058
E. Alexandrova,D. Collins,1.0,0.0,0.0,1.0,0.0,0.0,0.0,0.0,0.0,0.0,0.0,0.0,0.0,0.0,0.0,2392.0,18.0,15.11.1994,11.0,347.0,233.0,77.0,37.0,29.0,27.27272727272727,20.0,33.33333333333333,0.0,233.0,67.14697406340058
M. Mmoh,A. Muller,1.0,1.0,100.0,0.0,0.0,0.0,0.0,0.0,0.0,0.0,0.0,0.0,0.0,0.0,0.0,439.0,103.0,10.01.1998,12.0,280.0,246.0,25.0,9.0,26.0,44.44444444444444,57.14285714285714,0.0,0.0,0.0,0.0
M. Mmoh,J. Draper,1.0,0.0,0.0,1.0,0.0,0.0,0.0,0.0,0.0,0.0,0.0,0.0,0.0,0.0,0.0,439.0,103.0,10.01.1998,12.0,280.0,246.0,25.0,9.0,26.0,44.44444444444444,57.14285714285714,0.0,0.0,0.0,0.0
T. Machac,M. Fucsovics,1.0,1.0,100.0,1.0,1.0,100.0,0.0,0.0,0.0,0.0,0.0,0.0,0.0,0.0,0.0,2981.0,0.0,13.10.2000,10.0,216.0,146.0,59.0,8.0,23.0,33.33333333333333,50.0,0.0,0.0,0.0,0.0
T. Machac,M. Arnaldi,1.0,1.0,100.0,1.0,1.0,100.0,0.0,0.0,0.0,0.0,0.0,0.0,0.0,0.0,0.0,2981.0,0.0,13.10.2000,10.0,216.0,146.0,59.0,8.0,23.0,33.33333333333333,50.0,0.0,0.0,0.0,0.0
T. Machac,J. Thompson,2.0,1.0,50.0,1.0,0.0,0.0,0.0,0.0,0.0,0.0,0.0,0.0,1.0,1.0,100.0,2981.0,0.0,13.10.2000,10.0,216.0,146.0,59.0,8.0,23.0,33.33333333333333,50.0,0.0,0.0,0.0,0.0
T. Machac,J. Sinner,1.0,0.0,0.0,1.0,0.0,0.0,0.0,0.0,0.0,0.0,0.0,0.0,0.0,0.0,0.0,2981.0,0.0,13.10.2000,10.0,216.0,146.0,59.0,8.0,23.0,33.33333333333333,50.0,0.0,0.0,0.0,0.0
M. Haliak,O. Jasika,1.0,0.0,0.0,1.0,0.0,0.0,0.0,0.0,0.0,0.0,0.0,0.0,0.0,0.0,0.0,896.0,383.0,14.08.1998,4.0,99.0,47.0,52.0,0.0,25.0,66.07142857142857,64.58333333333334,75.0,0.0,0.0,0.0
A. Hartono,I. Khromacheva,1.0,1.0,100.0,1.0,1.0,100.0,0.0,0.0,0.0,0.0,0.0,0.0,0.0,0.0,0.0,1134.0,136.0,21.04.1996,14.0,239.0,194.0,42.0,3.0,28.0,50.0,50.0,50.0,50.0,0.0,0.0
A. Hartono,L. Pigossi,1.0,1.0,100.0,1.0,1.0,100.0,0.0,0.0,0.0,0.0,0.0,0.0,0.0,0.0,0.0,1134.0,136.0,21.04.1996,14.0,239.0,194.0,42.0,3.0,28.0,50.0,50.0,50.0,50.0,0.0,0.0
A. Hartono,M. Doi,1.0,1.0,100.0,1.0,1.0,100.0,0.0,0.0,0.0,0.0,0.0,0.0,0.0,0.0,0.0,1134.0,136.0,21.04.1996,14.0,239.0,194.0,42.0,3.0,28.0,50.0,50.0,50.0,50.0,0.0,0.0
A. Hartono,S. Bejlek,1.0,0.0,0.0,0.0,0.0,0.0,1.0,0.0,0.0,0.0,0.0,0.0,0.0,0.0,0.0,1134.0,136.0,21.04.1996,14.0,239.0,194.0,42.0,3.0,28.0,50.0,50.0,50.0,50.0,0.0,0.0
A. Ramos,F. Coria,1.0,0.0,0.0,0.0,0.0,0.0,1.0,0.0,0.0,0.0,0.0,0.0,0.0,0.0,0.0,1090.0,23.0,17.01.1988,11.0,552.0,98.0,444.0,9.0,36.0,0.0,0.0,0.0,0.0,57.0,10.326086956521738
E. Ruusuvuori,P. Kotov,1.0,1.0,100.0,1.0,1.0,100.0,0.0,0.0,0.0,0.0,0.0,0.0,0.0,0.0,0.0,1770.0,0.0,02.04.1999,13.0,250.0,185.0,42.0,16.0,25.0,29.03225806451613,0.0,30.0,0.0,377.0,150.8
E. Ruusuvuori,C. O&apos;Connell,1.0,0.0,0.0,1.0,0.0,0.0,0.0,0.0,0.0,0.0,0.0,0.0,0.0,0.0,0.0,1770.0,0.0,02.04.1999,13.0,250.0,185.0,42.0,16.0,25.0,29.03225806451613,0.0,30.0,0.0,377.0,150.8
J. Draper,J-L. Struff,1.0,1.0,100.0,1.0,1.0,100.0,0.0,0.0,0.0,0.0,0.0,0.0,0.0,0.0,0.0,7011.0,40.0,22.12.2001,11.0,176.0,145.0,16.0,14.0,22.0,0.0,0.0,0.0,0.0,0.0,0.0
J. Draper,M. Mmoh,1.0,1.0,100.0,1.0,1.0,100.0,0.0,0.0,0.0,0.0,0.0,0.0,0.0,0.0,0.0,7011.0,40.0,22.12.2001,11.0,176.0,145.0,16.0,14.0,22.0,0.0,0.0,0.0,0.0,0.0,0.0
J. Draper,T. Kokkinakis,1.0,1.0,100.0,0.0,0.0,0.0,0.0,0.0,0.0,0.0,0.0,0.0,1.0,1.0,100.0,7011.0,40.0,22.12.2001,11.0,176.0,145.0,16.0,14.0,22.0,0.0,0.0,0.0,0.0,0.0,0.0
J. Draper,A. Murray,1.0,1.0,100.0,1.0,1.0,100.0,0.0,0.0,0.0,0.0,0.0,0.0,0.0,0.0,0.0,7011.0,40.0,22.12.2001,11.0,176.0,145.0,16.0,14.0,22.0,0.0,0.0,0.0,0.0,0.0,0.0
J. Draper,Y. Shimizu,1.0,1.0,100.0,1.0,1.0,100.0,0.0,0.0,0.0,0.0,0.0,0.0,0.0,0.0,0.0,7011.0,40.0,22.12.2001,11.0,176.0,145.0,16.0,14.0,22.0,0.0,0.0,0.0,0.0,0.0,0.0
J. Draper,S. Baez,1.0,1.0,100.0,1.0,1.0,100.0,0.0,0.0,0.0,0.0,0.0,0.0,0.0,0.0,0.0,7011.0,40.0,22.12.2001,11.0,176.0,145.0,16.0,14.0,22.0,0.0,0.0,0.0,0.0,0.0,0.0
J. Draper,T. Griekspoor,1.0,0.0,0.0,1.0,0.0,0.0,0.0,0.0,0.0,0.0,0.0,0.0,0.0,0.0,0.0,7011.0,40.0,22.12.2001,11.0,176.0,145.0,16.0,14.0,22.0,0.0,0.0,0.0,0.0,0.0,0.0
J. Draper,A. De Minaur,1.0,0.0,0.0,1.0,0.0,0.0,0.0,0.0,0.0,0.0,0.0,0.0,0.0,0.0,0.0,7011.0,40.0,22.12.2001,11.0,176.0,145.0,16.0,14.0,22.0,0.0,0.0,0.0,0.0,0.0,0.0
J. McCabe,J. Duckworth,1.0,0.0,0.0,1.0,0.0,0.0,0.0,0.0,0.0,0.0,0.0,0.0,0.0,0.0,0.0,1882.0,272.0,05.07.2003,0.0,117.0,90.0,21.0,6.0,20.0,64.70588235294117,64.70588235294117,0.0,0.0,0.0,0.0
D. Parry,Q. Zheng,1.0,0.0,0.0,0.0,0.0,0.0,1.0,0.0,0.0,0.0,0.0,0.0,0.0,0.0,0.0,1833.0,0.0,01.09.2002,13.0,204.0,48.0,144.0,16.0,21.0,33.33333333333333,0.0,50.0,0.0,0.0,0.0
A. Vavassori,M. Giron,1.0,0.0,0.0,0.0,0.0,0.0,0.0,0.0,0.0,1.0,0.0,0.0,0.0,0.0,0.0,418.0,0.0,05.05.1995,23.0,420.0,139.0,272.0,15.0,29.0,53.333333333333336,0.0,57.14285714285714,0.0,0.0,0.0
A. Vavassori,H. Mayot,1.0,0.0,0.0,0.0,0.0,0.0,1.0,0.0,0.0,0.0,0.0,0.0,0.0,0.0,0.0,418.0,0.0,05.05.1995,23.0,420.0,139.0,272.0,15.0,29.0,53.333333333333336,0.0,57.14285714285714,0.0,0.0,0.0
P. M. Tig,E. Alexandrova,1.0,0.0,0.0,1.0,0.0,0.0,0.0,0.0,0.0,0.0,0.0,0.0,0.0,0.0,0.0,3128.0,56.0,27.07.1994,6.0,193.0,91.0,100.0,2.0,29.0,20.0,0.0,50.0,0.0,0.0,0.0
T. M. Etcheverry,B. Coric,1.0,1.0,100.0,0.0,0.0,0.0,1.0,1.0,100.0,0.0,0.0,0.0,0.0,0.0,0.0,1777.0,29.0,18.07.1999,7.0,258.0,22.0,233.0,2.0,24.0,50.0,50.0,50.0,50.0,464.0,179.84496124031008
T. M. Etcheverry,R. Carballes Baena,1.0,1.0,100.0,0.0,0.0,0.0,1.0,1.0,100.0,0.0,0.0,0.0,0.0,0.0,0.0,1777.0,29.0,18.07.1999,7.0,258.0,22.0,233.0,2.0,24.0,50.0,50.0,50.0,50.0,464.0,179.84496124031008
T. M. Etcheverry,J. Sinner,1.0,0.0,0.0,1.0,0.0,0.0,0.0,0.0,0.0,0.0,0.0,0.0,0.0,0.0,0.0,1777.0,29.0,18.07.1999,7.0,258.0,22.0,233.0,2.0,24.0,50.0,50.0,50.0,50.0,464.0,179.84496124031008
T. M. Etcheverry,A. Zverev,1.0,0.0,0.0,0.0,0.0,0.0,1.0,0.0,0.0,0.0,0.0,0.0,0.0,0.0,0.0,1777.0,29.0,18.07.1999,7.0,258.0,22.0,233.0,2.0,24.0,50.0,50.0,50.0,50.0,464.0,179.84496124031008
T. M. Etcheverry,N. Djokovic,1.0,0.0,0.0,1.0,0.0,0.0,0.0,0.0,0.0,0.0,0.0,0.0,0.0,0.0,0.0,1777.0,29.0,18.07.1999,7.0,258.0,22.0,233.0,2.0,24.0,50.0,50.0,50.0,50.0,464.0,179.84496124031008
T. M. Etcheverry,D. Shapovalov,1.0,0.0,0.0,0.0,0.0,0.0,1.0,0.0,0.0,0.0,0.0,0.0,0.0,0.0,0.0,1777.0,29.0,18.07.1999,7.0,258.0,22.0,233.0,2.0,24.0,50.0,50.0,50.0,50.0,464.0,179.84496124031008
T. M. Etcheverry,A. Davidovich Fokina,1.0,0.0,0.0,1.0,0.0,0.0,0.0,0.0,0.0,0.0,0.0,0.0,0.0,0.0,0.0,1777.0,29.0,18.07.1999,7.0,258.0,22.0,233.0,2.0,24.0,50.0,50.0,50.0,50.0,464.0,179.84496124031008
O. Jabeur,L. Fernandez,2.0,2.0,100.0,0.0,0.0,0.0,2.0,2.0,100.0,0.0,0.0,0.0,0.0,0.0,0.0,1911.0,2.0,28.08.1994,11.0,389.0,209.0,108.0,66.0,29.0,33.33333333333333,0.0,33.33333333333333,0.0,243.0,62.46786632390745
O. Jabeur,B. Pera,1.0,1.0,100.0,0.0,0.0,0.0,1.0,1.0,100.0,0.0,0.0,0.0,0.0,0.0,0.0,1911.0,2.0,28.08.1994,11.0,389.0,209.0,108.0,66.0,29.0,33.33333333333333,0.0,33.33333333333333,0.0,243.0,62.46786632390745
O. Jabeur,M. Frech,1.0,1.0,100.0,0.0,0.0,0.0,0.0,0.0,0.0,1.0,1.0,100.0,0.0,0.0,0.0,1911.0,2.0,28.08.1994,11.0,389.0,209.0,108.0,66.0,29.0,33.33333333333333,0.0,33.33333333333333,0.0,243.0,62.46786632390745
O. Jabeur,E. Raducanu,1.0,1.0,100.0,1.0,1.0,100.0,0.0,0.0,0.0,0.0,0.0,0.0,0.0,0.0,0.0,1911.0,2.0,28.08.1994,11.0,389.0,209.0,108.0,66.0,29.0,33.33333333333333,0.0,33.33333333333333,0.0,243.0,62.46786632390745
O. Jabeur,M. Vondrousova,3.0,1.0,33.33333333333333,2.0,1.0,50.0,0.0,0.0,0.0,1.0,0.0,0.0,0.0,0.0,0.0,1911.0,2.0,28.08.1994,11.0,389.0,209.0,108.0,66.0,29.0,33.33333333333333,0.0,33.33333333333333,0.0,243.0,62.46786632390745
O. Jabeur,S. Kenin,1.0,0.0,0.0,0.0,0.0,0.0,1.0,0.0,0.0,0.0,0.0,0.0,0.0,0.0,0.0,1911.0,2.0,28.08.1994,11.0,389.0,209.0,108.0,66.0,29.0,33.33333333333333,0.0,33.33333333333333,0.0,243.0,62.46786632390745
O. Jabeur,B. Haddad Maia,1.0,0.0,0.0,0.0,0.0,0.0,1.0,0.0,0.0,0.0,0.0,0.0,0.0,0.0,0.0,1911.0,2.0,28.08.1994,11.0,389.0,209.0,108.0,66.0,29.0,33.33333333333333,0.0,33.33333333333333,0.0,243.0,62.46786632390745
O. Jabeur,E. Avanesyan,1.0,0.0,0.0,1.0,0.0,0.0,0.0,0.0,0.0,0.0,0.0,0.0,0.0,0.0,0.0,1911.0,2.0,28.08.1994,11.0,389.0,209.0,108.0,66.0,29.0,33.33333333333333,0.0,33.33333333333333,0.0,243.0,62.46786632390745
O. Jabeur,I. Swiatek,1.0,0.0,0.0,1.0,0.0,0.0,0.0,0.0,0.0,0.0,0.0,0.0,0.0,0.0,0.0,1911.0,2.0,28.08.1994,11.0,389.0,209.0,108.0,66.0,29.0,33.33333333333333,0.0,33.33333333333333,0.0,243.0,62.46786632390745
O. Jabeur,M. Keys,1.0,0.0,0.0,0.0,0.0,0.0,1.0,0.0,0.0,0.0,0.0,0.0,0.0,0.0,0.0,1911.0,2.0,28.08.1994,11.0,389.0,209.0,108.0,66.0,29.0,33.33333333333333,0.0,33.33333333333333,0.0,243.0,62.46786632390745
O. Jabeur,L. Tsurenko,1.0,0.0,0.0,1.0,0.0,0.0,0.0,0.0,0.0,0.0,0.0,0.0,0.0,0.0,0.0,1911.0,2.0,28.08.1994,11.0,389.0,209.0,108.0,66.0,29.0,33.33333333333333,0.0,33.33333333333333,0.0,243.0,62.46786632390745
O. Jabeur,A. Potapova,1.0,0.0,0.0,1.0,0.0,0.0,0.0,0.0,0.0,0.0,0.0,0.0,0.0,0.0,0.0,1911.0,2.0,28.08.1994,11.0,389.0,209.0,108.0,66.0,29.0,33.33333333333333,0.0,33.33333333333333,0.0,243.0,62.46786632390745
O. Jabeur,C. Gauff,1.0,0.0,0.0,1.0,0.0,0.0,0.0,0.0,0.0,0.0,0.0,0.0,0.0,0.0,0.0,1911.0,2.0,28.08.1994,11.0,389.0,209.0,108.0,66.0,29.0,33.33333333333333,0.0,33.33333333333333,0.0,243.0,62.46786632390745
O. Jabeur,K. Volynets,1.0,0.0,0.0,1.0,0.0,0.0,0.0,0.0,0.0,0.0,0.0,0.0,0.0,0.0,0.0,1911.0,2.0,28.08.1994,11.0,389.0,209.0,108.0,66.0,29.0,33.33333333333333,0.0,33.33333333333333,0.0,243.0,62.46786632390745
A. Cornet,D. Yastremska,1.0,0.0,0.0,1.0,0.0,0.0,0.0,0.0,0.0,0.0,0.0,0.0,0.0,0.0,0.0,2689.0,16.0,22.01.1990,9.0,584.0,344.0,188.0,49.0,34.0,61.76470588235294,60.526315789473685,62.5,66.66666666666666,0.0,0.0
A. Cornet,E. Avanesyan,1.0,0.0,0.0,1.0,0.0,0.0,0.0,0.0,0.0,0.0,0.0,0.0,0.0,0.0,0.0,2689.0,16.0,22.01.1990,9.0,584.0,344.0,188.0,49.0,34.0,61.76470588235294,60.526315789473685,62.5,66.66666666666666,0.0,0.0
C. Tauson,N. Podoroska,1.0,1.0,100.0,1.0,1.0,100.0,0.0,0.0,0.0,0.0,0.0,0.0,0.0,0.0,0.0,3007.0,0.0,21.12.2002,14.0,202.0,140.0,48.0,5.0,21.0,56.52173913043478,55.00000000000001,66.66666666666666,0.0,0.0,0.0
C. Tauson,E. Avanesyan,1.0,0.0,0.0,0.0,0.0,0.0,1.0,0.0,0.0,0.0,0.0,0.0,0.0,0.0,0.0,3007.0,0.0,21.12.2002,14.0,202.0,140.0,48.0,5.0,21.0,56.52173913043478,55.00000000000001,66.66666666666666,0.0,0.0,0.0
M. Huesler,M. Cressy,1.0,1.0,100.0,0.0,0.0,0.0,0.0,0.0,0.0,1.0,1.0,100.0,0.0,0.0,0.0,1746.0,56.0,24.06.1996,12.0,262.0,146.0,92.0,18.0,28.0,0.0,0.0,0.0,0.0,0.0,0.0
M. Huesler,P. Martinez,1.0,0.0,0.0,1.0,0.0,0.0,0.0,0.0,0.0,0.0,0.0,0.0,0.0,0.0,0.0,1746.0,56.0,24.06.1996,12.0,262.0,146.0,92.0,18.0,28.0,0.0,0.0,0.0,0.0,0.0,0.0
T. Babos,E. Yashina,1.0,1.0,100.0,0.0,0.0,0.0,1.0,1.0,100.0,0.0,0.0,0.0,0.0,0.0,0.0,211.0,3.0,10.05.1993,41.0,734.0,476.0,188.0,69.0,31.0,26.666666666666668,37.5,14.285714285714285,0.0,0.0,0.0
T. Babos,M. Timofeeva,1.0,1.0,100.0,1.0,1.0,100.0,0.0,0.0,0.0,0.0,0.0,0.0,0.0,0.0,0.0,211.0,3.0,10.05.1993,41.0,734.0,476.0,188.0,69.0,31.0,26.666666666666668,37.5,14.285714285714285,0.0,0.0,0.0
T. Babos,N. Bains,1.0,1.0,100.0,0.0,0.0,0.0,1.0,1.0,100.0,0.0,0.0,0.0,0.0,0.0,0.0,211.0,3.0,10.05.1993,41.0,734.0,476.0,188.0,69.0,31.0,26.666666666666668,37.5,14.285714285714285,0.0,0.0,0.0
T. Babos,N. Parrizas-Diaz,1.0,1.0,100.0,0.0,0.0,0.0,1.0,1.0,100.0,0.0,0.0,0.0,0.0,0.0,0.0,211.0,3.0,10.05.1993,41.0,734.0,476.0,188.0,69.0,31.0,26.666666666666668,37.5,14.285714285714285,0.0,0.0,0.0
T. Babos,E. Makarova,1.0,1.0,100.0,1.0,1.0,100.0,0.0,0.0,0.0,0.0,0.0,0.0,0.0,0.0,0.0,211.0,3.0,10.05.1993,41.0,734.0,476.0,188.0,69.0,31.0,26.666666666666668,37.5,14.285714285714285,0.0,0.0,0.0
T. Babos,A. Bondar,1.0,0.0,0.0,0.0,0.0,0.0,1.0,0.0,0.0,0.0,0.0,0.0,0.0,0.0,0.0,211.0,3.0,10.05.1993,41.0,734.0,476.0,188.0,69.0,31.0,26.666666666666668,37.5,14.285714285714285,0.0,0.0,0.0
H. Hurkacz,A. Rublev,1.0,1.0,100.0,1.0,1.0,100.0,0.0,0.0,0.0,0.0,0.0,0.0,0.0,0.0,0.0,2841.0,0.0,11.02.1997,18.0,368.0,259.0,78.0,34.0,27.0,0.0,0.0,0.0,0.0,0.0,0.0
H. Hurkacz,P. Martinez,1.0,1.0,100.0,0.0,0.0,0.0,1.0,1.0,100.0,0.0,0.0,0.0,0.0,0.0,0.0,2841.0,0.0,11.02.1997,18.0,368.0,259.0,78.0,34.0,27.0,0.0,0.0,0.0,0.0,0.0,0.0
H. Hurkacz,T. Griekspoor,1.0,1.0,100.0,1.0,1.0,100.0,0.0,0.0,0.0,0.0,0.0,0.0,0.0,0.0,0.0,2841.0,0.0,11.02.1997,18.0,368.0,259.0,78.0,34.0,27.0,0.0,0.0,0.0,0.0,0.0,0.0
H. Hurkacz,F. Marozsan,1.0,1.0,100.0,1.0,1.0,100.0,0.0,0.0,0.0,0.0,0.0,0.0,0.0,0.0,0.0,2841.0,0.0,11.02.1997,18.0,368.0,259.0,78.0,34.0,27.0,0.0,0.0,0.0,0.0,0.0,0.0
H. Hurkacz,A. Popyrin,1.0,1.0,100.0,1.0,1.0,100.0,0.0,0.0,0.0,0.0,0.0,0.0,0.0,0.0,0.0,2841.0,0.0,11.02.1997,18.0,368.0,259.0,78.0,34.0,27.0,0.0,0.0,0.0,0.0,0.0,0.0
H. Hurkacz,S. Tsitsipas,1.0,1.0,100.0,1.0,1.0,100.0,0.0,0.0,0.0,0.0,0.0,0.0,0.0,0.0,0.0,2841.0,0.0,11.02.1997,18.0,368.0,259.0,78.0,34.0,27.0,0.0,0.0,0.0,0.0,0.0,0.0
H. Hurkacz,J.J. Wolf,1.0,0.0,0.0,0.0,0.0,0.0,1.0,0.0,0.0,0.0,0.0,0.0,0.0,0.0,0.0,2841.0,0.0,11.02.1997,18.0,368.0,259.0,78.0,34.0,27.0,0.0,0.0,0.0,0.0,0.0,0.0
H. Hurkacz,N. Djokovic,1.0,0.0,0.0,1.0,0.0,0.0,0.0,0.0,0.0,0.0,0.0,0.0,0.0,0.0,0.0,2841.0,0.0,11.02.1997,18.0,368.0,259.0,78.0,34.0,27.0,0.0,0.0,0.0,0.0,0.0,0.0
H. Hurkacz,B. Zapata Miralles,1.0,0.0,0.0,0.0,0.0,0.0,1.0,0.0,0.0,0.0,0.0,0.0,0.0,0.0,0.0,2841.0,0.0,11.02.1997,18.0,368.0,259.0,78.0,34.0,27.0,0.0,0.0,0.0,0.0,0.0,0.0
H. Hurkacz,U. Humbert,1.0,0.0,0.0,1.0,0.0,0.0,0.0,0.0,0.0,0.0,0.0,0.0,0.0,0.0,0.0,2841.0,0.0,11.02.1997,18.0,368.0,259.0,78.0,34.0,27.0,0.0,0.0,0.0,0.0,0.0,0.0
H. Hurkacz,S. Korda,1.0,0.0,0.0,1.0,0.0,0.0,0.0,0.0,0.0,0.0,0.0,0.0,0.0,0.0,0.0,2841.0,0.0,11.02.1997,18.0,368.0,259.0,78.0,34.0,27.0,0.0,0.0,0.0,0.0,0.0,0.0
H. Hurkacz,T. Paul,1.0,0.0,0.0,0.0,0.0,0.0,1.0,0.0,0.0,0.0,0.0,0.0,0.0,0.0,0.0,2841.0,0.0,11.02.1997,18.0,368.0,259.0,78.0,34.0,27.0,0.0,0.0,0.0,0.0,0.0,0.0
A. Kovacevic,Z. Bergs,1.0,1.0,100.0,1.0,1.0,100.0,0.0,0.0,0.0,0.0,0.0,0.0,0.0,0.0,0.0,2978.0,88.0,29.08.1998,4.0,174.0,159.0,12.0,3.0,25.0,60.0,60.0,0.0,0.0,0.0,0.0
A. Kovacevic,M. Krueger,1.0,1.0,100.0,0.0,0.0,0.0,1.0,1.0,100.0,0.0,0.0,0.0,0.0,0.0,0.0,2978.0,88.0,29.08.1998,4.0,174.0,159.0,12.0,3.0,25.0,60.0,60.0,0.0,0.0,0.0,0.0
J. Burrage,D. Kasatkina,1.0,0.0,0.0,0.0,0.0,0.0,0.0,0.0,0.0,1.0,0.0,0.0,0.0,0.0,0.0,1437.0,0.0,28.05.1999,8.0,170.0,142.0,9.0,23.0,25.0,0.0,0.0,0.0,0.0,81.0,47.647058823529406
V. Orlov,T. Fritz,1.0,0.0,0.0,0.0,0.0,0.0,0.0,0.0,0.0,0.0,0.0,0.0,1.0,0.0,0.0,932.0,273.0,17.05.1995,14.0,265.0,135.0,128.0,0.0,29.0,25.0,26.666666666666668,0.0,0.0,0.0,0.0
A. Hesse,R. Masarova,1.0,0.0,0.0,0.0,0.0,0.0,1.0,0.0,0.0,0.0,0.0,0.0,0.0,0.0,0.0,2990.0,125.0,16.01.1993,6.0,270.0,154.0,113.0,3.0,31.0,36.734693877551024,36.734693877551024,0.0,0.0,0.0,0.0
A. Zverev,J. Sinner,1.0,1.0,100.0,1.0,1.0,100.0,0.0,0.0,0.0,0.0,0.0,0.0,0.0,0.0,0.0,1980.0,3.0,20.04.1997,26.0,577.0,337.0,199.0,40.0,27.0,53.84615384615385,60.0,52.38095238095239,0.0,0.0,0.0
A. Zverev,S. Ofner,1.0,1.0,100.0,0.0,0.0,0.0,1.0,1.0,100.0,0.0,0.0,0.0,0.0,0.0,0.0,1980.0,3.0,20.04.1997,26.0,577.0,337.0,199.0,40.0,27.0,53.84615384615385,60.0,52.38095238095239,0.0,0.0,0.0
A. Zverev,A. Mannarino,1.0,1.0,100.0,1.0,1.0,100.0,0.0,0.0,0.0,0.0,0.0,0.0,0.0,0.0,0.0,1980.0,3.0,20.04.1997,26.0,577.0,337.0,199.0,40.0,27.0,53.84615384615385,60.0,52.38095238095239,0.0,0.0,0.0
A. Zverev,N. Jarry,1.0,1.0,100.0,1.0,1.0,100.0,0.0,0.0,0.0,0.0,0.0,0.0,0.0,0.0,0.0,1980.0,3.0,20.04.1997,26.0,577.0,337.0,199.0,40.0,27.0,53.84615384615385,60.0,52.38095238095239,0.0,0.0,0.0
A. Zverev,Y. Wu,1.0,1.0,100.0,0.0,0.0,0.0,1.0,1.0,100.0,0.0,0.0,0.0,0.0,0.0,0.0,1980.0,3.0,20.04.1997,26.0,577.0,337.0,199.0,40.0,27.0,53.84615384615385,60.0,52.38095238095239,0.0,0.0,0.0
A. Zverev,A. Tabilo,1.0,1.0,100.0,0.0,0.0,0.0,1.0,1.0,100.0,0.0,0.0,0.0,0.0,0.0,0.0,1980.0,3.0,20.04.1997,26.0,577.0,337.0,199.0,40.0,27.0,53.84615384615385,60.0,52.38095238095239,0.0,0.0,0.0
A. Zverev,L. van Assche,1.0,1.0,100.0,0.0,0.0,0.0,1.0,1.0,100.0,0.0,0.0,0.0,0.0,0.0,0.0,1980.0,3.0,20.04.1997,26.0,577.0,337.0,199.0,40.0,27.0,53.84615384615385,60.0,52.38095238095239,0.0,0.0,0.0
A. Zverev,L. Sonego,1.0,1.0,100.0,1.0,1.0,100.0,0.0,0.0,0.0,0.0,0.0,0.0,0.0,0.0,0.0,1980.0,3.0,20.04.1997,26.0,577.0,337.0,199.0,40.0,27.0,53.84615384615385,60.0,52.38095238095239,0.0,0.0,0.0
A. Zverev,T. M. Etcheverry,1.0,1.0,100.0,0.0,0.0,0.0,1.0,1.0,100.0,0.0,0.0,0.0,0.0,0.0,0.0,1980.0,3.0,20.04.1997,26.0,577.0,337.0,199.0,40.0,27.0,53.84615384615385,60.0,52.38095238095239,0.0,0.0,0.0
A. Zverev,C. Alcaraz,3.0,2.0,66.66666666666666,3.0,2.0,66.66666666666666,0.0,0.0,0.0,0.0,0.0,0.0,0.0,0.0,0.0,1980.0,3.0,20.04.1997,26.0,577.0,337.0,199.0,40.0,27.0,53.84615384615385,60.0,52.38095238095239,0.0,0.0,0.0
A. Zverev,G. Dimitrov,2.0,1.0,50.0,1.0,0.0,0.0,1.0,1.0,100.0,0.0,0.0,0.0,0.0,0.0,0.0,1980.0,3.0,20.04.1997,26.0,577.0,337.0,199.0,40.0,27.0,53.84615384615385,60.0,52.38095238095239,0.0,0.0,0.0
A. Zverev,D. Medvedev,1.0,0.0,0.0,1.0,0.0,0.0,0.0,0.0,0.0,0.0,0.0,0.0,0.0,0.0,0.0,1980.0,3.0,20.04.1997,26.0,577.0,337.0,199.0,40.0,27.0,53.84615384615385,60.0,52.38095238095239,0.0,0.0,0.0
A. Zverev,A. Rublev,1.0,0.0,0.0,1.0,0.0,0.0,0.0,0.0,0.0,0.0,0.0,0.0,0.0,0.0,0.0,1980.0,3.0,20.04.1997,26.0,577.0,337.0,199.0,40.0,27.0,53.84615384615385,60.0,52.38095238095239,0.0,0.0,0.0
R. Albot,J.J. Wolf,1.0,0.0,0.0,1.0,0.0,0.0,0.0,0.0,0.0,0.0,0.0,0.0,0.0,0.0,0.0,363.0,46.0,11.11.1989,23.0,620.0,368.0,221.0,29.0,34.0,0.0,0.0,0.0,0.0,35.0,5.64516129032258
R. Albot,J. Lehecka,1.0,0.0,0.0,0.0,0.0,0.0,1.0,0.0,0.0,0.0,0.0,0.0,0.0,0.0,0.0,363.0,46.0,11.11.1989,23.0,620.0,368.0,221.0,29.0,34.0,0.0,0.0,0.0,0.0,35.0,5.64516129032258
A. Fils,Y. Hanfmann,1.0,1.0,100.0,0.0,0.0,0.0,1.0,1.0,100.0,0.0,0.0,0.0,0.0,0.0,0.0,1759.0,36.0,12.06.2004,6.0,162.0,64.0,92.0,6.0,20.0,61.111111111111114,60.0,61.224489795918366,0.0,0.0,0.0
A. Fils,L. Nardi,1.0,1.0,100.0,1.0,1.0,100.0,0.0,0.0,0.0,0.0,0.0,0.0,0.0,0.0,0.0,1759.0,36.0,12.06.2004,6.0,162.0,64.0,92.0,6.0,20.0,61.111111111111114,60.0,61.224489795918366,0.0,0.0,0.0
A. Fils,L. van Assche,1.0,1.0,100.0,1.0,1.0,100.0,0.0,0.0,0.0,0.0,0.0,0.0,0.0,0.0,0.0,1759.0,36.0,12.06.2004,6.0,162.0,64.0,92.0,6.0,20.0,61.111111111111114,60.0,61.224489795918366,0.0,0.0,0.0
A. Fils,L. Harris,1.0,1.0,100.0,0.0,0.0,0.0,0.0,0.0,0.0,1.0,1.0,100.0,0.0,0.0,0.0,1759.0,36.0,12.06.2004,6.0,162.0,64.0,92.0,6.0,20.0,61.111111111111114,60.0,61.224489795918366,0.0,0.0,0.0
A. Fils,A. De Minaur,1.0,1.0,100.0,0.0,0.0,0.0,1.0,1.0,100.0,0.0,0.0,0.0,0.0,0.0,0.0,1759.0,36.0,12.06.2004,6.0,162.0,64.0,92.0,6.0,20.0,61.111111111111114,60.0,61.224489795918366,0.0,0.0,0.0
A. Fils,F. Cobolli,1.0,1.0,100.0,1.0,1.0,100.0,0.0,0.0,0.0,0.0,0.0,0.0,0.0,0.0,0.0,1759.0,36.0,12.06.2004,6.0,162.0,64.0,92.0,6.0,20.0,61.111111111111114,60.0,61.224489795918366,0.0,0.0,0.0
A. Fils,M. Arnaldi,3.0,0.0,0.0,1.0,0.0,0.0,2.0,0.0,0.0,0.0,0.0,0.0,0.0,0.0,0.0,1759.0,36.0,12.06.2004,6.0,162.0,64.0,92.0,6.0,20.0,61.111111111111114,60.0,61.224489795918366,0.0,0.0,0.0
A. Fils,H. Medjedovic,1.0,0.0,0.0,1.0,0.0,0.0,0.0,0.0,0.0,0.0,0.0,0.0,0.0,0.0,0.0,1759.0,36.0,12.06.2004,6.0,162.0,64.0,92.0,6.0,20.0,61.111111111111114,60.0,61.224489795918366,0.0,0.0,0.0
S. C. Hong,S. Kwon,1.0,1.0,100.0,1.0,1.0,100.0,0.0,0.0,0.0,0.0,0.0,0.0,0.0,0.0,0.0,8431.0,191.0,30.06.1997,12.0,162.0,129.0,32.0,0.0,26.0,37.5,42.857142857142854,0.0,0.0,0.0,0.0
S. C. Hong,S. Nagal,1.0,1.0,100.0,1.0,1.0,100.0,0.0,0.0,0.0,0.0,0.0,0.0,0.0,0.0,0.0,8431.0,191.0,30.06.1997,12.0,162.0,129.0,32.0,0.0,26.0,37.5,42.857142857142854,0.0,0.0,0.0,0.0
K. Swan,L. Jeanjean,1.0,1.0,100.0,1.0,1.0,100.0,0.0,0.0,0.0,0.0,0.0,0.0,0.0,0.0,0.0,1129.0,0.0,24.03.1999,9.0,123.0,98.0,8.0,23.0,25.0,50.0,50.0,50.0,50.0,37.0,30.081300813008134
O. Jasika,M. Haliak,1.0,1.0,100.0,1.0,1.0,100.0,0.0,0.0,0.0,0.0,0.0,0.0,0.0,0.0,0.0,1261.0,206.0,18.05.1997,10.0,205.0,194.0,7.0,4.0,27.0,50.0,50.0,50.0,50.0,0.0,0.0
O. Jasika,D. Svrcina,1.0,1.0,100.0,1.0,1.0,100.0,0.0,0.0,0.0,0.0,0.0,0.0,0.0,0.0,0.0,1261.0,206.0,18.05.1997,10.0,205.0,194.0,7.0,4.0,27.0,50.0,50.0,50.0,50.0,0.0,0.0
M. Kukushkin,T. Atmane,1.0,0.0,0.0,1.0,0.0,0.0,0.0,0.0,0.0,0.0,0.0,0.0,0.0,0.0,0.0,2970.0,0.0,26.12.1987,17.0,518.0,355.0,137.0,30.0,36.0,25.0,25.0,0.0,0.0,0.0,0.0
O. Kalashnikova,R. Kingsley,1.0,0.0,0.0,1.0,0.0,0.0,0.0,0.0,0.0,0.0,0.0,0.0,0.0,0.0,0.0,4172.0,42.0,05.09.1990,11.0,238.0,144.0,64.0,23.0,33.0,58.333333333333336,71.42857142857143,40.0,0.0,0.0,0.0
K. Anderson,U. Humbert,1.0,0.0,0.0,0.0,0.0,0.0,0.0,0.0,0.0,1.0,0.0,0.0,0.0,0.0,0.0,2837.0,6.0,18.05.1986,11.0,493.0,340.0,88.0,65.0,38.0,64.70588235294117,55.55555555555556,66.66666666666666,80.0,0.0,0.0
E. Raducanu,B. Haddad Maia,1.0,1.0,100.0,1.0,1.0,100.0,0.0,0.0,0.0,0.0,0.0,0.0,0.0,0.0,0.0,2996.0,19.0,13.11.2002,1.0,67.0,46.0,8.0,10.0,21.0,50.0,50.0,50.0,0.0,0.0,0.0
E. Raducanu,B. Andreescu,1.0,0.0,0.0,1.0,0.0,0.0,0.0,0.0,0.0,0.0,0.0,0.0,0.0,0.0,0.0,2996.0,19.0,13.11.2002,1.0,67.0,46.0,8.0,10.0,21.0,50.0,50.0,50.0,0.0,0.0,0.0
E. Raducanu,O. Jabeur,1.0,0.0,0.0,1.0,0.0,0.0,0.0,0.0,0.0,0.0,0.0,0.0,0.0,0.0,0.0,2996.0,19.0,13.11.2002,1.0,67.0,46.0,8.0,10.0,21.0,50.0,50.0,50.0,0.0,0.0,0.0
M. Polmans,C. Norrie,1.0,0.0,0.0,1.0,0.0,0.0,0.0,0.0,0.0,0.0,0.0,0.0,0.0,0.0,0.0,2735.0,70.0,02.05.1997,12.0,331.0,241.0,76.0,14.0,27.0,72.88135593220339,0.0,74.13793103448276,0.0,0.0,0.0
S. J. Jang,L. Zhu,1.0,0.0,0.0,1.0,0.0,0.0,0.0,0.0,0.0,0.0,0.0,0.0,0.0,0.0,0.0,1803.0,116.0,13.03.1995,16.0,302.0,192.0,91.0,13.0,29.0,0.0,0.0,0.0,0.0,0.0,0.0
L. Davis,E. Cocciaretto,1.0,1.0,100.0,1.0,1.0,100.0,0.0,0.0,0.0,0.0,0.0,0.0,0.0,0.0,0.0,2389.0,48.0,09.10.1993,6.0,353.0,231.0,82.0,40.0,30.0,53.84615384615385,66.66666666666666,66.66666666666666,0.0,0.0,0.0
H. Gaston,J-L. Struff,1.0,1.0,100.0,1.0,1.0,100.0,0.0,0.0,0.0,0.0,0.0,0.0,0.0,0.0,0.0,1102.0,0.0,26.09.2000,10.0,227.0,105.0,116.0,12.0,23.0,0.0,0.0,0.0,0.0,0.0,0.0
H. Gaston,F. Fognini,1.0,0.0,0.0,0.0,0.0,0.0,1.0,0.0,0.0,0.0,0.0,0.0,0.0,0.0,0.0,1102.0,0.0,26.09.2000,10.0,227.0,105.0,116.0,12.0,23.0,0.0,0.0,0.0,0.0,0.0,0.0
H. Gaston,F. Meligeni Alves,1.0,0.0,0.0,0.0,0.0,0.0,1.0,0.0,0.0,0.0,0.0,0.0,0.0,0.0,0.0,1102.0,0.0,26.09.2000,10.0,227.0,105.0,116.0,12.0,23.0,0.0,0.0,0.0,0.0,0.0,0.0
Wu Tung-Lin,A. Shevchenko,1.0,1.0,100.0,1.0,1.0,100.0,0.0,0.0,0.0,0.0,0.0,0.0,0.0,0.0,0.0,1062.0,184.0,12.05.1998,4.0,172.0,138.0,27.0,3.0,26.0,0.0,0.0,0.0,0.0,0.0,0.0
M. Bulgaru,R. Masarova,1.0,0.0,0.0,1.0,0.0,0.0,0.0,0.0,0.0,0.0,0.0,0.0,0.0,0.0,0.0,173.0,194.0,08.10.1998,3.0,157.0,35.0,122.0,0.0,25.0,52.83018867924528,50.0,53.333333333333336,0.0,0.0,0.0
J. P. Varillas,S. Baez,1.0,0.0,0.0,0.0,0.0,0.0,1.0,0.0,0.0,0.0,0.0,0.0,0.0,0.0,0.0,391.0,83.0,06.10.1995,8.0,238.0,14.0,213.0,0.0,28.0,63.888888888888886,33.33333333333333,66.66666666666666,0.0,0.0,0.0
J. P. Varillas,N. Jarry,1.0,0.0,0.0,0.0,0.0,0.0,0.0,0.0,0.0,0.0,0.0,0.0,1.0,0.0,0.0,391.0,83.0,06.10.1995,8.0,238.0,14.0,213.0,0.0,28.0,63.888888888888886,33.33333333333333,66.66666666666666,0.0,0.0,0.0
A. Li,E. Perez,1.0,1.0,100.0,1.0,1.0,100.0,0.0,0.0,0.0,0.0,0.0,0.0,0.0,0.0,0.0,2997.0,47.0,26.06.2000,2.0,158.0,110.0,37.0,10.0,24.0,50.0,50.0,50.0,50.0,0.0,0.0
A. Robbe,S. Kraus,1.0,0.0,0.0,1.0,0.0,0.0,0.0,0.0,0.0,0.0,0.0,0.0,0.0,0.0,0.0,91.0,223.0,10.05.2000,8.0,179.0,122.0,57.0,0.0,24.0,16.666666666666664,33.33333333333333,0.0,0.0,358.0,200.0
D. Semenistaja,L. Hovde,1.0,1.0,100.0,1.0,1.0,100.0,0.0,0.0,0.0,0.0,0.0,0.0,0.0,0.0,0.0,157.0,118.0,16.09.2002,26.0,235.0,117.0,112.0,2.0,21.0,66.66666666666666,0.0,66.66666666666666,66.66666666666666,0.0,0.0
D. Semenistaja,H. Dart,1.0,0.0,0.0,1.0,0.0,0.0,0.0,0.0,0.0,0.0,0.0,0.0,0.0,0.0,0.0,157.0,118.0,16.09.2002,26.0,235.0,117.0,112.0,2.0,21.0,66.66666666666666,0.0,66.66666666666666,66.66666666666666,0.0,0.0
R. Sramkova,J. Ostapenko,1.0,0.0,0.0,0.0,0.0,0.0,1.0,0.0,0.0,0.0,0.0,0.0,0.0,0.0,0.0,449.0,112.0,19.10.1996,7.0,209.0,89.0,109.0,8.0,27.0,52.0,52.0,0.0,0.0,0.0,0.0
E. Yashina,T. Babos,1.0,0.0,0.0,0.0,0.0,0.0,1.0,0.0,0.0,0.0,0.0,0.0,0.0,0.0,0.0,1987.0,140.0,06.08.1993,11.0,213.0,177.0,32.0,2.0,30.0,62.857142857142854,50.0,65.51724137931035,50.0,0.0,0.0
M. Jones,I. Becroft,1.0,1.0,100.0,0.0,0.0,0.0,0.0,0.0,0.0,0.0,0.0,0.0,1.0,1.0,100.0,680.0,0.0,01.01.1970,9.0,140.0,122.0,20.0,3.0,54.0,83.33333333333334,83.33333333333334,0.0,0.0,0.0,0.0
A. Kontaveit,Q. Zheng,1.0,0.0,0.0,1.0,0.0,0.0,0.0,0.0,0.0,0.0,0.0,0.0,0.0,0.0,0.0,2388.0,0.0,24.12.1995,12.0,333.0,208.0,78.0,42.0,28.0,0.0,0.0,0.0,0.0,187.0,56.15615615615616
C. O&apos;Connell,T. Seyboth Wild,1.0,1.0,100.0,1.0,1.0,100.0,0.0,0.0,0.0,0.0,0.0,0.0,0.0,0.0,0.0,421.0,67.0,03.06.1994,5.0,211.0,130.0,68.0,13.0,30.0,33.33333333333333,0.0,33.33333333333333,0.0,0.0,0.0
C. O&apos;Connell,U. Humbert,1.0,1.0,100.0,0.0,0.0,0.0,1.0,1.0,100.0,0.0,0.0,0.0,0.0,0.0,0.0,421.0,67.0,03.06.1994,5.0,211.0,130.0,68.0,13.0,30.0,33.33333333333333,0.0,33.33333333333333,0.0,0.0,0.0
C. O&apos;Connell,E. Ruusuvuori,1.0,1.0,100.0,1.0,1.0,100.0,0.0,0.0,0.0,0.0,0.0,0.0,0.0,0.0,0.0,421.0,67.0,03.06.1994,5.0,211.0,130.0,68.0,13.0,30.0,33.33333333333333,0.0,33.33333333333333,0.0,0.0,0.0
C. O&apos;Connell,T. Daniel,1.0,1.0,100.0,1.0,1.0,100.0,0.0,0.0,0.0,0.0,0.0,0.0,0.0,0.0,0.0,421.0,67.0,03.06.1994,5.0,211.0,130.0,68.0,13.0,30.0,33.33333333333333,0.0,33.33333333333333,0.0,0.0,0.0
C. O&apos;Connell,S. Baez,1.0,0.0,0.0,1.0,0.0,0.0,0.0,0.0,0.0,0.0,0.0,0.0,0.0,0.0,0.0,421.0,67.0,03.06.1994,5.0,211.0,130.0,68.0,13.0,30.0,33.33333333333333,0.0,33.33333333333333,0.0,0.0,0.0
C. O&apos;Connell,D. Altmaier,1.0,0.0,0.0,1.0,0.0,0.0,0.0,0.0,0.0,0.0,0.0,0.0,0.0,0.0,0.0,421.0,67.0,03.06.1994,5.0,211.0,130.0,68.0,13.0,30.0,33.33333333333333,0.0,33.33333333333333,0.0,0.0,0.0
S. Kirchheimer,D. King,1.0,0.0,0.0,1.0,0.0,0.0,0.0,0.0,0.0,0.0,0.0,0.0,0.0,0.0,0.0,3706.0,417.0,26.04.1995,3.0,208.0,157.0,51.0,0.0,29.0,44.44444444444444,44.44444444444444,0.0,0.0,0.0,0.0
L. Harris,R. Safiullin,1.0,1.0,100.0,0.0,0.0,0.0,0.0,0.0,0.0,1.0,1.0,100.0,0.0,0.0,0.0,2834.0,0.0,24.02.1997,12.0,272.0,206.0,43.0,27.0,27.0,70.58823529411765,75.0,0.0,0.0,0.0,0.0
L. Harris,C. Eubanks,1.0,0.0,0.0,0.0,0.0,0.0,0.0,0.0,0.0,1.0,0.0,0.0,0.0,0.0,0.0,2834.0,0.0,24.02.1997,12.0,272.0,206.0,43.0,27.0,27.0,70.58823529411765,75.0,0.0,0.0,0.0,0.0
L. Harris,A. Fils,1.0,0.0,0.0,0.0,0.0,0.0,0.0,0.0,0.0,1.0,0.0,0.0,0.0,0.0,0.0,2834.0,0.0,24.02.1997,12.0,272.0,206.0,43.0,27.0,27.0,70.58823529411765,75.0,0.0,0.0,0.0,0.0
Y. Wickmayer,L. Fernandez,1.0,0.0,0.0,0.0,0.0,0.0,0.0,0.0,0.0,0.0,0.0,0.0,1.0,0.0,0.0,74.0,16.0,20.10.1989,19.0,521.0,366.0,71.0,82.0,34.0,37.5,37.5,0.0,0.0,0.0,0.0
B. Zapata Miralles,H. Hurkacz,1.0,1.0,100.0,0.0,0.0,0.0,1.0,1.0,100.0,0.0,0.0,0.0,0.0,0.0,0.0,403.0,72.0,12.01.1997,11.0,323.0,74.0,241.0,7.0,27.0,31.25,50.0,28.57142857142857,0.0,0.0,0.0
B. Zapata Miralles,R. Carballes Baena,1.0,1.0,100.0,0.0,0.0,0.0,1.0,1.0,100.0,0.0,0.0,0.0,0.0,0.0,0.0,403.0,72.0,12.01.1997,11.0,323.0,74.0,241.0,7.0,27.0,31.25,50.0,28.57142857142857,0.0,0.0,0.0
B. Zapata Miralles,S. Baez,1.0,0.0,0.0,0.0,0.0,0.0,1.0,0.0,0.0,0.0,0.0,0.0,0.0,0.0,0.0,403.0,72.0,12.01.1997,11.0,323.0,74.0,241.0,7.0,27.0,31.25,50.0,28.57142857142857,0.0,0.0,0.0
D. Evans,B. Van De Zandschulp,1.0,1.0,100.0,1.0,1.0,100.0,0.0,0.0,0.0,0.0,0.0,0.0,0.0,0.0,0.0,2835.0,0.0,23.05.1990,25.0,456.0,342.0,40.0,75.0,34.0,22.22222222222222,25.0,20.0,0.0,0.0,0.0
D. Evans,D. E. Galan,1.0,1.0,100.0,1.0,1.0,100.0,0.0,0.0,0.0,0.0,0.0,0.0,0.0,0.0,0.0,2835.0,0.0,23.05.1990,25.0,456.0,342.0,40.0,75.0,34.0,22.22222222222222,25.0,20.0,0.0,0.0,0.0
D. Evans,J. Chardy,1.0,1.0,100.0,1.0,1.0,100.0,0.0,0.0,0.0,0.0,0.0,0.0,0.0,0.0,0.0,2835.0,0.0,23.05.1990,25.0,456.0,342.0,40.0,75.0,34.0,22.22222222222222,25.0,20.0,0.0,0.0,0.0
D. Evans,A. Rublev,1.0,0.0,0.0,1.0,0.0,0.0,0.0,0.0,0.0,0.0,0.0,0.0,0.0,0.0,0.0,2835.0,0.0,23.05.1990,25.0,456.0,342.0,40.0,75.0,34.0,22.22222222222222,25.0,20.0,0.0,0.0,0.0
D. Evans,F. Misolic,1.0,0.0,0.0,1.0,0.0,0.0,0.0,0.0,0.0,0.0,0.0,0.0,0.0,0.0,0.0,2835.0,0.0,23.05.1990,25.0,456.0,342.0,40.0,75.0,34.0,22.22222222222222,25.0,20.0,0.0,0.0,0.0
D. Evans,I. Ivashka,1.0,0.0,0.0,0.0,0.0,0.0,1.0,0.0,0.0,0.0,0.0,0.0,0.0,0.0,0.0,2835.0,0.0,23.05.1990,25.0,456.0,342.0,40.0,75.0,34.0,22.22222222222222,25.0,20.0,0.0,0.0,0.0
A. Mannarino,D. Stricker,1.0,1.0,100.0,0.0,0.0,0.0,0.0,0.0,0.0,0.0,0.0,0.0,1.0,1.0,100.0,438.0,21.0,29.06.1988,19.0,573.0,414.0,60.0,93.0,35.0,50.0,57.14285714285714,40.0,0.0,0.0,0.0
A. Mannarino,A. Rinderknech,1.0,1.0,100.0,1.0,1.0,100.0,0.0,0.0,0.0,0.0,0.0,0.0,0.0,0.0,0.0,438.0,21.0,29.06.1988,19.0,573.0,414.0,60.0,93.0,35.0,50.0,57.14285714285714,40.0,0.0,0.0,0.0
A. Mannarino,S. Ofner,1.0,1.0,100.0,1.0,1.0,100.0,0.0,0.0,0.0,0.0,0.0,0.0,0.0,0.0,0.0,438.0,21.0,29.06.1988,19.0,573.0,414.0,60.0,93.0,35.0,50.0,57.14285714285714,40.0,0.0,0.0,0.0
A. Mannarino,R. Hijikata,1.0,1.0,100.0,0.0,0.0,0.0,0.0,0.0,0.0,1.0,1.0,100.0,0.0,0.0,0.0,438.0,21.0,29.06.1988,19.0,573.0,414.0,60.0,93.0,35.0,50.0,57.14285714285714,40.0,0.0,0.0,0.0
A. Mannarino,C. H. Tseng,1.0,1.0,100.0,1.0,1.0,100.0,0.0,0.0,0.0,0.0,0.0,0.0,0.0,0.0,0.0,438.0,21.0,29.06.1988,19.0,573.0,414.0,60.0,93.0,35.0,50.0,57.14285714285714,40.0,0.0,0.0,0.0
A. Mannarino,U. Humbert,1.0,1.0,100.0,0.0,0.0,0.0,0.0,0.0,0.0,1.0,1.0,100.0,0.0,0.0,0.0,438.0,21.0,29.06.1988,19.0,573.0,414.0,60.0,93.0,35.0,50.0,57.14285714285714,40.0,0.0,0.0,0.0
A. Mannarino,A. Zverev,1.0,0.0,0.0,1.0,0.0,0.0,0.0,0.0,0.0,0.0,0.0,0.0,0.0,0.0,0.0,438.0,21.0,29.06.1988,19.0,573.0,414.0,60.0,93.0,35.0,50.0,57.14285714285714,40.0,0.0,0.0,0.0
A. Mannarino,C. Eubanks,1.0,0.0,0.0,0.0,0.0,0.0,0.0,0.0,0.0,1.0,0.0,0.0,0.0,0.0,0.0,438.0,21.0,29.06.1988,19.0,573.0,414.0,60.0,93.0,35.0,50.0,57.14285714285714,40.0,0.0,0.0,0.0
A. Kerber,M. Sakkari,1.0,0.0,0.0,0.0,0.0,0.0,0.0,0.0,0.0,0.0,0.0,0.0,1.0,0.0,0.0,528.0,1.0,18.01.1988,14.0,538.0,344.0,100.0,93.0,36.0,50.0,33.33333333333333,55.55555555555556,0.0,0.0,0.0
A. Kerber,D. Collins,1.0,0.0,0.0,1.0,0.0,0.0,0.0,0.0,0.0,0.0,0.0,0.0,0.0,0.0,0.0,528.0,1.0,18.01.1988,14.0,538.0,344.0,100.0,93.0,36.0,50.0,33.33333333333333,55.55555555555556,0.0,0.0,0.0
M. Chwalinska,T. Prozorova,1.0,1.0,100.0,0.0,0.0,0.0,1.0,1.0,100.0,0.0,0.0,0.0,0.0,0.0,0.0,1434.0,161.0,11.10.2001,7.0,164.0,83.0,65.0,14.0,22.0,41.66666666666667,28.57142857142857,60.0,0.0,0.0,0.0
M. Chwalinska,L. Siegemund,1.0,0.0,0.0,0.0,0.0,0.0,1.0,0.0,0.0,0.0,0.0,0.0,0.0,0.0,0.0,1434.0,161.0,11.10.2001,7.0,164.0,83.0,65.0,14.0,22.0,41.66666666666667,28.57142857142857,60.0,0.0,0.0,0.0
M. Chwalinska,M. Timofeeva,1.0,0.0,0.0,0.0,0.0,0.0,1.0,0.0,0.0,0.0,0.0,0.0,0.0,0.0,0.0,1434.0,161.0,11.10.2001,7.0,164.0,83.0,65.0,14.0,22.0,41.66666666666667,28.57142857142857,60.0,0.0,0.0,0.0
A. Shevchenko,G. Barrere,1.0,1.0,100.0,0.0,0.0,0.0,0.0,0.0,0.0,0.0,0.0,0.0,0.0,0.0,0.0,566.0,48.0,29.11.2000,7.0,206.0,84.0,122.0,0.0,23.0,0.0,0.0,0.0,0.0,0.0,0.0
A. Shevchenko,D. Medvedev,1.0,0.0,0.0,0.0,0.0,0.0,1.0,0.0,0.0,0.0,0.0,0.0,0.0,0.0,0.0,566.0,48.0,29.11.2000,7.0,206.0,84.0,122.0,0.0,23.0,0.0,0.0,0.0,0.0,0.0,0.0
A. Shevchenko,U. Humbert,1.0,0.0,0.0,1.0,0.0,0.0,0.0,0.0,0.0,0.0,0.0,0.0,0.0,0.0,0.0,566.0,48.0,29.11.2000,7.0,206.0,84.0,122.0,0.0,23.0,0.0,0.0,0.0,0.0,0.0,0.0
A. Shevchenko,A. De Minaur,1.0,0.0,0.0,0.0,0.0,0.0,1.0,0.0,0.0,0.0,0.0,0.0,0.0,0.0,0.0,566.0,48.0,29.11.2000,7.0,206.0,84.0,122.0,0.0,23.0,0.0,0.0,0.0,0.0,0.0,0.0
A. Shevchenko,Wu Tung-Lin,1.0,0.0,0.0,1.0,0.0,0.0,0.0,0.0,0.0,0.0,0.0,0.0,0.0,0.0,0.0,566.0,48.0,29.11.2000,7.0,206.0,84.0,122.0,0.0,23.0,0.0,0.0,0.0,0.0,0.0,0.0
M. Vondrousova,J. Pegula,1.0,1.0,100.0,0.0,0.0,0.0,0.0,0.0,0.0,1.0,1.0,100.0,0.0,0.0,0.0,2814.0,0.0,28.06.1999,10.0,273.0,155.0,85.0,29.0,24.0,22.22222222222222,22.22222222222222,0.0,0.0,0.0,0.0
M. Vondrousova,M. Bjorklund,1.0,1.0,100.0,0.0,0.0,0.0,1.0,1.0,100.0,0.0,0.0,0.0,0.0,0.0,0.0,2814.0,0.0,28.06.1999,10.0,273.0,155.0,85.0,29.0,24.0,22.22222222222222,22.22222222222222,0.0,0.0,0.0,0.0
M. Vondrousova,E. Svitolina,1.0,1.0,100.0,0.0,0.0,0.0,0.0,0.0,0.0,1.0,1.0,100.0,0.0,0.0,0.0,2814.0,0.0,28.06.1999,10.0,273.0,155.0,85.0,29.0,24.0,22.22222222222222,22.22222222222222,0.0,0.0,0.0,0.0
M. Vondrousova,O. Danilovic,1.0,1.0,100.0,0.0,0.0,0.0,1.0,1.0,100.0,0.0,0.0,0.0,0.0,0.0,0.0,2814.0,0.0,28.06.1999,10.0,273.0,155.0,85.0,29.0,24.0,22.22222222222222,22.22222222222222,0.0,0.0,0.0,0.0
M. Vondrousova,K. Kanepi,1.0,1.0,100.0,1.0,1.0,100.0,0.0,0.0,0.0,0.0,0.0,0.0,0.0,0.0,0.0,2814.0,0.0,28.06.1999,10.0,273.0,155.0,85.0,29.0,24.0,22.22222222222222,22.22222222222222,0.0,0.0,0.0,0.0
M. Vondrousova,O. Jabeur,3.0,2.0,66.66666666666666,2.0,1.0,50.0,0.0,0.0,0.0,1.0,1.0,100.0,0.0,0.0,0.0,2814.0,0.0,28.06.1999,10.0,273.0,155.0,85.0,29.0,24.0,22.22222222222222,22.22222222222222,0.0,0.0,0.0,0.0
M. Vondrousova,K. Muchova,1.0,0.0,0.0,1.0,0.0,0.0,0.0,0.0,0.0,0.0,0.0,0.0,0.0,0.0,0.0,2814.0,0.0,28.06.1999,10.0,273.0,155.0,85.0,29.0,24.0,22.22222222222222,22.22222222222222,0.0,0.0,0.0,0.0
M. Vondrousova,Q. Zheng,1.0,0.0,0.0,0.0,0.0,0.0,0.0,0.0,0.0,0.0,0.0,0.0,1.0,0.0,0.0,2814.0,0.0,28.06.1999,10.0,273.0,155.0,85.0,29.0,24.0,22.22222222222222,22.22222222222222,0.0,0.0,0.0,0.0
M. Vondrousova,I. Swiatek,2.0,0.0,0.0,1.0,0.0,0.0,1.0,0.0,0.0,0.0,0.0,0.0,0.0,0.0,0.0,2814.0,0.0,28.06.1999,10.0,273.0,155.0,85.0,29.0,24.0,22.22222222222222,22.22222222222222,0.0,0.0,0.0,0.0
M. Vondrousova,M. Keys,1.0,0.0,0.0,1.0,0.0,0.0,0.0,0.0,0.0,0.0,0.0,0.0,0.0,0.0,0.0,2814.0,0.0,28.06.1999,10.0,273.0,155.0,85.0,29.0,24.0,22.22222222222222,22.22222222222222,0.0,0.0,0.0,0.0
M. Vondrousova,A. Pavlyuchenkova,1.0,0.0,0.0,1.0,0.0,0.0,0.0,0.0,0.0,0.0,0.0,0.0,0.0,0.0,0.0,2814.0,0.0,28.06.1999,10.0,273.0,155.0,85.0,29.0,24.0,22.22222222222222,22.22222222222222,0.0,0.0,0.0,0.0
M. Vondrousova,A. Sabalenka,1.0,0.0,0.0,1.0,0.0,0.0,0.0,0.0,0.0,0.0,0.0,0.0,0.0,0.0,0.0,2814.0,0.0,28.06.1999,10.0,273.0,155.0,85.0,29.0,24.0,22.22222222222222,22.22222222222222,0.0,0.0,0.0,0.0
A. Bondar,T. Babos,1.0,1.0,100.0,0.0,0.0,0.0,1.0,1.0,100.0,0.0,0.0,0.0,0.0,0.0,0.0,505.0,0.0,27.05.1997,19.0,280.0,94.0,173.0,5.0,27.0,54.54545454545454,47.05882352941176,60.0,0.0,0.0,0.0
A. Bondar,Q. Zheng,1.0,0.0,0.0,0.0,0.0,0.0,1.0,0.0,0.0,0.0,0.0,0.0,0.0,0.0,0.0,505.0,0.0,27.05.1997,19.0,280.0,94.0,173.0,5.0,27.0,54.54545454545454,47.05882352941176,60.0,0.0,0.0,0.0
A. Bondar,A. Bogdan,1.0,0.0,0.0,0.0,0.0,0.0,1.0,0.0,0.0,0.0,0.0,0.0,0.0,0.0,0.0,505.0,0.0,27.05.1997,19.0,280.0,94.0,173.0,5.0,27.0,54.54545454545454,47.05882352941176,60.0,0.0,0.0,0.0
L. Stefanini,L. Fruhvirtova,1.0,1.0,100.0,0.0,0.0,0.0,1.0,1.0,100.0,0.0,0.0,0.0,0.0,0.0,0.0,1113.0,123.0,15.05.1998,8.0,154.0,91.0,51.0,12.0,26.0,64.28571428571429,64.28571428571429,0.0,0.0,0.0,0.0
L. Stefanini,E. Arango,1.0,0.0,0.0,1.0,0.0,0.0,0.0,0.0,0.0,0.0,0.0,0.0,0.0,0.0,0.0,1113.0,123.0,15.05.1998,8.0,154.0,91.0,51.0,12.0,26.0,64.28571428571429,64.28571428571429,0.0,0.0,0.0,0.0
I. Ivashka,D. Evans,1.0,1.0,100.0,0.0,0.0,0.0,1.0,1.0,100.0,0.0,0.0,0.0,0.0,0.0,0.0,432.0,48.0,24.02.1994,6.0,267.0,200.0,45.0,22.0,30.0,0.0,0.0,0.0,0.0,0.0,0.0
I. Ivashka,B. Van De Zandschulp,1.0,0.0,0.0,1.0,0.0,0.0,0.0,0.0,0.0,0.0,0.0,0.0,0.0,0.0,0.0,432.0,48.0,24.02.1994,6.0,267.0,200.0,45.0,22.0,30.0,0.0,0.0,0.0,0.0,0.0,0.0
A. Ayeni,A. Celikbilek,1.0,0.0,0.0,0.0,0.0,0.0,0.0,0.0,0.0,1.0,0.0,0.0,0.0,0.0,0.0,2481.0,432.0,10.08.1999,1.0,112.0,100.0,9.0,3.0,24.0,41.66666666666667,0.0,43.47826086956522,0.0,0.0,0.0
T. Korpatsch,V. Tomova,1.0,1.0,100.0,1.0,1.0,100.0,0.0,0.0,0.0,0.0,0.0,0.0,0.0,0.0,0.0,501.0,74.0,12.05.1995,7.0,196.0,58.0,127.0,11.0,29.0,33.33333333333333,0.0,37.5,0.0,0.0,0.0
T. Korpatsch,M. Andreeva,1.0,0.0,0.0,1.0,0.0,0.0,0.0,0.0,0.0,0.0,0.0,0.0,0.0,0.0,0.0,501.0,74.0,12.05.1995,7.0,196.0,58.0,127.0,11.0,29.0,33.33333333333333,0.0,37.5,0.0,0.0,0.0
T. Korpatsch,M. Timofeeva,1.0,0.0,0.0,1.0,0.0,0.0,0.0,0.0,0.0,0.0,0.0,0.0,0.0,0.0,0.0,501.0,74.0,12.05.1995,7.0,196.0,58.0,127.0,11.0,29.0,33.33333333333333,0.0,37.5,0.0,0.0,0.0
Y. Shimizu,F. Comesana,1.0,0.0,0.0,1.0,0.0,0.0,0.0,0.0,0.0,0.0,0.0,0.0,0.0,0.0,0.0,2100.0,178.0,09.06.1999,18.0,242.0,220.0,17.0,4.0,25.0,38.88888888888889,43.75,0.0,0.0,78.0,32.231404958677686
Y. Shimizu,J. Draper,1.0,0.0,0.0,1.0,0.0,0.0,0.0,0.0,0.0,0.0,0.0,0.0,0.0,0.0,0.0,2100.0,178.0,09.06.1999,18.0,242.0,220.0,17.0,4.0,25.0,38.88888888888889,43.75,0.0,0.0,78.0,32.231404958677686
S. Park,B. Haddad Maia,1.0,0.0,0.0,0.0,0.0,0.0,0.0,0.0,0.0,0.0,0.0,0.0,1.0,0.0,0.0,205.0,240.0,02.07.2002,9.0,203.0,104.0,89.0,4.0,21.0,44.44444444444444,0.0,50.0,0.0,0.0,0.0
D. Dzumhur,A. Rublev,1.0,0.0,0.0,0.0,0.0,0.0,1.0,0.0,0.0,0.0,0.0,0.0,0.0,0.0,0.0,1079.0,30.0,20.05.1992,21.0,522.0,257.0,247.0,14.0,32.0,50.0,0.0,50.0,0.0,0.0,0.0
Y. Nishioka,A. Popyrin,1.0,1.0,100.0,1.0,1.0,100.0,0.0,0.0,0.0,0.0,0.0,0.0,0.0,0.0,0.0,1972.0,36.0,27.09.1995,10.0,384.0,297.0,74.0,9.0,28.0,63.829787234042556,50.0,65.85365853658537,0.0,0.0,0.0
J. Lehecka,A. Rinderknech,1.0,1.0,100.0,1.0,1.0,100.0,0.0,0.0,0.0,0.0,0.0,0.0,0.0,0.0,0.0,2959.0,0.0,08.11.2001,14.0,231.0,106.0,105.0,16.0,22.0,40.0,52.38095238095239,25.0,50.0,0.0,0.0
J. Lehecka,A. Rublev,1.0,1.0,100.0,1.0,1.0,100.0,0.0,0.0,0.0,0.0,0.0,0.0,0.0,0.0,0.0,2959.0,0.0,08.11.2001,14.0,231.0,106.0,105.0,16.0,22.0,40.0,52.38095238095239,25.0,50.0,0.0,0.0
J. Lehecka,F. Bagnis,1.0,1.0,100.0,1.0,1.0,100.0,0.0,0.0,0.0,0.0,0.0,0.0,0.0,0.0,0.0,2959.0,0.0,08.11.2001,14.0,231.0,106.0,105.0,16.0,22.0,40.0,52.38095238095239,25.0,50.0,0.0,0.0
J. Lehecka,R. Albot,1.0,1.0,100.0,0.0,0.0,0.0,1.0,1.0,100.0,0.0,0.0,0.0,0.0,0.0,0.0,2959.0,0.0,08.11.2001,14.0,231.0,106.0,105.0,16.0,22.0,40.0,52.38095238095239,25.0,50.0,0.0,0.0
J. Lehecka,B. Nakashima,1.0,1.0,100.0,1.0,1.0,100.0,0.0,0.0,0.0,0.0,0.0,0.0,0.0,0.0,0.0,2959.0,0.0,08.11.2001,14.0,231.0,106.0,105.0,16.0,22.0,40.0,52.38095238095239,25.0,50.0,0.0,0.0
J. Lehecka,T. Paul,1.0,1.0,100.0,0.0,0.0,0.0,0.0,0.0,0.0,1.0,1.0,100.0,0.0,0.0,0.0,2959.0,0.0,08.11.2001,14.0,231.0,106.0,105.0,16.0,22.0,40.0,52.38095238095239,25.0,50.0,0.0,0.0
J. Lehecka,K. Khachanov,1.0,0.0,0.0,1.0,0.0,0.0,0.0,0.0,0.0,0.0,0.0,0.0,0.0,0.0,0.0,2959.0,0.0,08.11.2001,14.0,231.0,106.0,105.0,16.0,22.0,40.0,52.38095238095239,25.0,50.0,0.0,0.0
J. Lehecka,A. Murray,1.0,0.0,0.0,1.0,0.0,0.0,0.0,0.0,0.0,0.0,0.0,0.0,0.0,0.0,0.0,2959.0,0.0,08.11.2001,14.0,231.0,106.0,105.0,16.0,22.0,40.0,52.38095238095239,25.0,50.0,0.0,0.0
J. Lehecka,F. Auger-Aliassime,1.0,0.0,0.0,0.0,0.0,0.0,1.0,0.0,0.0,0.0,0.0,0.0,0.0,0.0,0.0,2959.0,0.0,08.11.2001,14.0,231.0,106.0,105.0,16.0,22.0,40.0,52.38095238095239,25.0,50.0,0.0,0.0
R. A. Burruchaga,F. Comesana,1.0,1.0,100.0,0.0,0.0,0.0,1.0,1.0,100.0,0.0,0.0,0.0,0.0,0.0,0.0,9596.0,145.0,23.01.2002,7.0,210.0,26.0,181.0,3.0,22.0,49.09090909090909,52.63157894736842,30.0,57.14285714285714,0.0,0.0
E. Leshem,G. Mpetshi Perricard,1.0,0.0,0.0,0.0,0.0,0.0,0.0,0.0,0.0,1.0,0.0,0.0,0.0,0.0,0.0,635.0,250.0,19.03.1997,3.0,185.0,172.0,11.0,1.0,27.0,33.33333333333333,33.33333333333333,0.0,0.0,0.0,0.0
M. Frech,H. Baptiste,1.0,1.0,100.0,1.0,1.0,100.0,0.0,0.0,0.0,0.0,0.0,0.0,0.0,0.0,0.0,2089.0,52.0,15.12.1997,6.0,261.0,150.0,83.0,24.0,26.0,0.0,0.0,0.0,0.0,0.0,0.0
M. Frech,J. Cristian,1.0,0.0,0.0,0.0,0.0,0.0,1.0,0.0,0.0,0.0,0.0,0.0,0.0,0.0,0.0,2089.0,52.0,15.12.1997,6.0,261.0,150.0,83.0,24.0,26.0,0.0,0.0,0.0,0.0,0.0,0.0
M. Frech,K. Muchova,1.0,0.0,0.0,1.0,0.0,0.0,0.0,0.0,0.0,0.0,0.0,0.0,0.0,0.0,0.0,2089.0,52.0,15.12.1997,6.0,261.0,150.0,83.0,24.0,26.0,0.0,0.0,0.0,0.0,0.0,0.0
M. Frech,N. Hibino,1.0,0.0,0.0,1.0,0.0,0.0,0.0,0.0,0.0,0.0,0.0,0.0,0.0,0.0,0.0,2089.0,52.0,15.12.1997,6.0,261.0,150.0,83.0,24.0,26.0,0.0,0.0,0.0,0.0,0.0,0.0
M. Frech,E. Alexandrova,1.0,0.0,0.0,1.0,0.0,0.0,0.0,0.0,0.0,0.0,0.0,0.0,0.0,0.0,0.0,2089.0,52.0,15.12.1997,6.0,261.0,150.0,83.0,24.0,26.0,0.0,0.0,0.0,0.0,0.0,0.0
M. Frech,S. Rogers,1.0,0.0,0.0,1.0,0.0,0.0,0.0,0.0,0.0,0.0,0.0,0.0,0.0,0.0,0.0,2089.0,52.0,15.12.1997,6.0,261.0,150.0,83.0,24.0,26.0,0.0,0.0,0.0,0.0,0.0,0.0
M. Frech,O. Jabeur,1.0,0.0,0.0,0.0,0.0,0.0,0.0,0.0,0.0,1.0,0.0,0.0,0.0,0.0,0.0,2089.0,52.0,15.12.1997,6.0,261.0,150.0,83.0,24.0,26.0,0.0,0.0,0.0,0.0,0.0,0.0
S. Kenin,L. Fernandez,1.0,1.0,100.0,1.0,1.0,100.0,0.0,0.0,0.0,0.0,0.0,0.0,0.0,0.0,0.0,2904.0,0.0,14.11.1998,15.0,272.0,202.0,46.0,29.0,25.0,0.0,0.0,0.0,0.0,0.0,0.0
S. Kenin,O. Jabeur,1.0,1.0,100.0,0.0,0.0,0.0,1.0,1.0,100.0,0.0,0.0,0.0,0.0,0.0,0.0,2904.0,0.0,14.11.1998,15.0,272.0,202.0,46.0,29.0,25.0,0.0,0.0,0.0,0.0,0.0,0.0
S. Kenin,C. Garcia,1.0,1.0,100.0,0.0,0.0,0.0,1.0,1.0,100.0,0.0,0.0,0.0,0.0,0.0,0.0,2904.0,0.0,14.11.1998,15.0,272.0,202.0,46.0,29.0,25.0,0.0,0.0,0.0,0.0,0.0,0.0
S. Kenin,B. Krejcikova,1.0,0.0,0.0,1.0,0.0,0.0,0.0,0.0,0.0,0.0,0.0,0.0,0.0,0.0,0.0,2904.0,0.0,14.11.1998,15.0,272.0,202.0,46.0,29.0,25.0,0.0,0.0,0.0,0.0,0.0,0.0
S. Kenin,E. Cocciaretto,1.0,0.0,0.0,1.0,0.0,0.0,0.0,0.0,0.0,0.0,0.0,0.0,0.0,0.0,0.0,2904.0,0.0,14.11.1998,15.0,272.0,202.0,46.0,29.0,25.0,0.0,0.0,0.0,0.0,0.0,0.0
S. Kenin,M. Bouzkova,1.0,0.0,0.0,1.0,0.0,0.0,0.0,0.0,0.0,0.0,0.0,0.0,0.0,0.0,0.0,2904.0,0.0,14.11.1998,15.0,272.0,202.0,46.0,29.0,25.0,0.0,0.0,0.0,0.0,0.0,0.0
Xiy. Wang,Y. Yuan,1.0,0.0,0.0,1.0,0.0,0.0,0.0,0.0,0.0,0.0,0.0,0.0,0.0,0.0,0.0,463.0,50.0,28.03.2001,4.0,202.0,115.0,58.0,22.0,23.0,51.85185185185185,66.66666666666666,44.44444444444444,0.0,0.0,0.0
S. Rogers,S. Stephens,1.0,1.0,100.0,1.0,1.0,100.0,0.0,0.0,0.0,0.0,0.0,0.0,0.0,0.0,0.0,2806.0,0.0,13.10.1992,8.0,292.0,186.0,83.0,27.0,31.0,33.33333333333333,0.0,40.0,0.0,0.0,0.0
S. Rogers,M. Frech,1.0,1.0,100.0,1.0,1.0,100.0,0.0,0.0,0.0,0.0,0.0,0.0,0.0,0.0,0.0,2806.0,0.0,13.10.1992,8.0,292.0,186.0,83.0,27.0,31.0,33.33333333333333,0.0,40.0,0.0,0.0,0.0
S. Rogers,C. Osorio,1.0,0.0,0.0,0.0,0.0,0.0,0.0,0.0,0.0,1.0,0.0,0.0,0.0,0.0,0.0,2806.0,0.0,13.10.1992,8.0,292.0,186.0,83.0,27.0,31.0,33.33333333333333,0.0,40.0,0.0,0.0,0.0
S. Rogers,B. Bencic,1.0,0.0,0.0,1.0,0.0,0.0,0.0,0.0,0.0,0.0,0.0,0.0,0.0,0.0,0.0,2806.0,0.0,13.10.1992,8.0,292.0,186.0,83.0,27.0,31.0,33.33333333333333,0.0,40.0,0.0,0.0,0.0
S. Rogers,A. Sabalenka,1.0,0.0,0.0,1.0,0.0,0.0,0.0,0.0,0.0,0.0,0.0,0.0,0.0,0.0,0.0,2806.0,0.0,13.10.1992,8.0,292.0,186.0,83.0,27.0,31.0,33.33333333333333,0.0,40.0,0.0,0.0,0.0
J. Pegula,E. Navarro,1.0,1.0,100.0,1.0,1.0,100.0,0.0,0.0,0.0,0.0,0.0,0.0,0.0,0.0,0.0,2171.0,3.0,24.02.1994,14.0,470.0,332.0,97.0,29.0,30.0,16.666666666666664,20.0,0.0,0.0,37.0,7.872340425531915
J. Pegula,M. Sakkari,2.0,2.0,100.0,2.0,2.0,100.0,0.0,0.0,0.0,0.0,0.0,0.0,0.0,0.0,0.0,2171.0,3.0,24.02.1994,14.0,470.0,332.0,97.0,29.0,30.0,16.666666666666664,20.0,0.0,0.0,37.0,7.872340425531915
J. Pegula,M. Bouzkova,1.0,1.0,100.0,0.0,0.0,0.0,1.0,1.0,100.0,0.0,0.0,0.0,0.0,0.0,0.0,2171.0,3.0,24.02.1994,14.0,470.0,332.0,97.0,29.0,30.0,16.666666666666664,20.0,0.0,0.0,37.0,7.872340425531915
J. Pegula,A. Potapova,1.0,1.0,100.0,1.0,1.0,100.0,0.0,0.0,0.0,0.0,0.0,0.0,0.0,0.0,0.0,2171.0,3.0,24.02.1994,14.0,470.0,332.0,97.0,29.0,30.0,16.666666666666664,20.0,0.0,0.0,37.0,7.872340425531915
J. Pegula,A. Blinkova,1.0,1.0,100.0,1.0,1.0,100.0,0.0,0.0,0.0,0.0,0.0,0.0,0.0,0.0,0.0,2171.0,3.0,24.02.1994,14.0,470.0,332.0,97.0,29.0,30.0,16.666666666666664,20.0,0.0,0.0,37.0,7.872340425531915
J. Pegula,J. Niemeier,1.0,1.0,100.0,1.0,1.0,100.0,0.0,0.0,0.0,0.0,0.0,0.0,0.0,0.0,0.0,2171.0,3.0,24.02.1994,14.0,470.0,332.0,97.0,29.0,30.0,16.666666666666664,20.0,0.0,0.0,37.0,7.872340425531915
J. Pegula,C. Gauff,1.0,1.0,100.0,1.0,1.0,100.0,0.0,0.0,0.0,0.0,0.0,0.0,0.0,0.0,0.0,2171.0,3.0,24.02.1994,14.0,470.0,332.0,97.0,29.0,30.0,16.666666666666664,20.0,0.0,0.0,37.0,7.872340425531915
J. Pegula,P. Stearns,1.0,1.0,100.0,1.0,1.0,100.0,0.0,0.0,0.0,0.0,0.0,0.0,0.0,0.0,0.0,2171.0,3.0,24.02.1994,14.0,470.0,332.0,97.0,29.0,30.0,16.666666666666664,20.0,0.0,0.0,37.0,7.872340425531915
J. Pegula,E. Rybakina,2.0,1.0,50.0,2.0,1.0,50.0,0.0,0.0,0.0,0.0,0.0,0.0,0.0,0.0,0.0,2171.0,3.0,24.02.1994,14.0,470.0,332.0,97.0,29.0,30.0,16.666666666666664,20.0,0.0,0.0,37.0,7.872340425531915
J. Pegula,I. Swiatek,3.0,1.0,33.33333333333333,3.0,1.0,33.33333333333333,0.0,0.0,0.0,0.0,0.0,0.0,0.0,0.0,0.0,2171.0,3.0,24.02.1994,14.0,470.0,332.0,97.0,29.0,30.0,16.666666666666664,20.0,0.0,0.0,37.0,7.872340425531915
J. Pegula,E. Alexandrova,1.0,0.0,0.0,1.0,0.0,0.0,0.0,0.0,0.0,0.0,0.0,0.0,0.0,0.0,0.0,2171.0,3.0,24.02.1994,14.0,470.0,332.0,97.0,29.0,30.0,16.666666666666664,20.0,0.0,0.0,37.0,7.872340425531915
J. Pegula,V. Kudermetova,1.0,0.0,0.0,0.0,0.0,0.0,1.0,0.0,0.0,0.0,0.0,0.0,0.0,0.0,0.0,2171.0,3.0,24.02.1994,14.0,470.0,332.0,97.0,29.0,30.0,16.666666666666664,20.0,0.0,0.0,37.0,7.872340425531915
J. Pegula,J. Ostapenko,1.0,0.0,0.0,1.0,0.0,0.0,0.0,0.0,0.0,0.0,0.0,0.0,0.0,0.0,0.0,2171.0,3.0,24.02.1994,14.0,470.0,332.0,97.0,29.0,30.0,16.666666666666664,20.0,0.0,0.0,37.0,7.872340425531915
J. Pegula,M. Vondrousova,1.0,0.0,0.0,0.0,0.0,0.0,0.0,0.0,0.0,1.0,0.0,0.0,0.0,0.0,0.0,2171.0,3.0,24.02.1994,14.0,470.0,332.0,97.0,29.0,30.0,16.666666666666664,20.0,0.0,0.0,37.0,7.872340425531915
J. Pegula,M. Keys,1.0,0.0,0.0,1.0,0.0,0.0,0.0,0.0,0.0,0.0,0.0,0.0,0.0,0.0,0.0,2171.0,3.0,24.02.1994,14.0,470.0,332.0,97.0,29.0,30.0,16.666666666666664,20.0,0.0,0.0,37.0,7.872340425531915
J. Pegula,C. Burel,1.0,0.0,0.0,1.0,0.0,0.0,0.0,0.0,0.0,0.0,0.0,0.0,0.0,0.0,0.0,2171.0,3.0,24.02.1994,14.0,470.0,332.0,97.0,29.0,30.0,16.666666666666664,20.0,0.0,0.0,37.0,7.872340425531915
K. Day,M. Keys,1.0,1.0,100.0,0.0,0.0,0.0,1.0,1.0,100.0,0.0,0.0,0.0,0.0,0.0,0.0,132.0,87.0,28.09.1999,7.0,183.0,113.0,57.0,10.0,24.0,32.142857142857146,25.0,33.33333333333333,0.0,0.0,0.0
M. Keys,M. Andreeva,1.0,1.0,100.0,0.0,0.0,0.0,0.0,0.0,0.0,1.0,1.0,100.0,0.0,0.0,0.0,2692.0,8.0,17.02.1995,10.0,372.0,233.0,89.0,49.0,29.0,58.2089552238806,61.111111111111114,58.620689655172406,0.0,0.0,0.0
M. Keys,M. Vondrousova,1.0,1.0,100.0,1.0,1.0,100.0,0.0,0.0,0.0,0.0,0.0,0.0,0.0,0.0,0.0,2692.0,8.0,17.02.1995,10.0,372.0,233.0,89.0,49.0,29.0,58.2089552238806,61.111111111111114,58.620689655172406,0.0,0.0,0.0
M. Keys,J. Pegula,1.0,1.0,100.0,1.0,1.0,100.0,0.0,0.0,0.0,0.0,0.0,0.0,0.0,0.0,0.0,2692.0,8.0,17.02.1995,10.0,372.0,233.0,89.0,49.0,29.0,58.2089552238806,61.111111111111114,58.620689655172406,0.0,0.0,0.0
M. Keys,O. Jabeur,1.0,1.0,100.0,0.0,0.0,0.0,1.0,1.0,100.0,0.0,0.0,0.0,0.0,0.0,0.0,2692.0,8.0,17.02.1995,10.0,372.0,233.0,89.0,49.0,29.0,58.2089552238806,61.111111111111114,58.620689655172406,0.0,0.0,0.0
M. Keys,C. Gauff,1.0,1.0,100.0,0.0,0.0,0.0,1.0,1.0,100.0,0.0,0.0,0.0,0.0,0.0,0.0,2692.0,8.0,17.02.1995,10.0,372.0,233.0,89.0,49.0,29.0,58.2089552238806,61.111111111111114,58.620689655172406,0.0,0.0,0.0
M. Keys,B. Haddad Maia,1.0,0.0,0.0,1.0,0.0,0.0,0.0,0.0,0.0,0.0,0.0,0.0,0.0,0.0,0.0,2692.0,8.0,17.02.1995,10.0,372.0,233.0,89.0,49.0,29.0,58.2089552238806,61.111111111111114,58.620689655172406,0.0,0.0,0.0
M. Keys,A. Kalinina,1.0,0.0,0.0,0.0,0.0,0.0,1.0,0.0,0.0,0.0,0.0,0.0,0.0,0.0,0.0,2692.0,8.0,17.02.1995,10.0,372.0,233.0,89.0,49.0,29.0,58.2089552238806,61.111111111111114,58.620689655172406,0.0,0.0,0.0
M. Keys,K. Day,1.0,0.0,0.0,0.0,0.0,0.0,1.0,0.0,0.0,0.0,0.0,0.0,0.0,0.0,0.0,2692.0,8.0,17.02.1995,10.0,372.0,233.0,89.0,49.0,29.0,58.2089552238806,61.111111111111114,58.620689655172406,0.0,0.0,0.0
M. Keys,I. Swiatek,1.0,0.0,0.0,0.0,0.0,0.0,1.0,0.0,0.0,0.0,0.0,0.0,0.0,0.0,0.0,2692.0,8.0,17.02.1995,10.0,372.0,233.0,89.0,49.0,29.0,58.2089552238806,61.111111111111114,58.620689655172406,0.0,0.0,0.0
M. Keys,C. Garcia,1.0,0.0,0.0,1.0,0.0,0.0,0.0,0.0,0.0,0.0,0.0,0.0,0.0,0.0,0.0,2692.0,8.0,17.02.1995,10.0,372.0,233.0,89.0,49.0,29.0,58.2089552238806,61.111111111111114,58.620689655172406,0.0,0.0,0.0
M. Keys,A. Sabalenka,2.0,0.0,0.0,1.0,0.0,0.0,0.0,0.0,0.0,1.0,0.0,0.0,0.0,0.0,0.0,2692.0,8.0,17.02.1995,10.0,372.0,233.0,89.0,49.0,29.0,58.2089552238806,61.111111111111114,58.620689655172406,0.0,0.0,0.0
X. You,Z. Li,1.0,1.0,100.0,1.0,1.0,100.0,0.0,0.0,0.0,0.0,0.0,0.0,0.0,0.0,0.0,1819.0,113.0,12.05.1996,5.0,201.0,146.0,55.0,0.0,28.0,45.16129032258064,30.76923076923077,55.55555555555556,0.0,0.0,0.0
O. Danilovic,M. Vondrousova,1.0,0.0,0.0,0.0,0.0,0.0,1.0,0.0,0.0,0.0,0.0,0.0,0.0,0.0,0.0,494.0,108.0,23.01.2001,11.0,203.0,73.0,111.0,13.0,23.0,52.63157894736842,25.0,60.0,0.0,0.0,0.0
A. Karatsev,D. Medvedev,1.0,1.0,100.0,0.0,0.0,0.0,1.0,1.0,100.0,0.0,0.0,0.0,0.0,0.0,0.0,1901.0,18.0,04.09.1993,10.0,329.0,196.0,122.0,9.0,30.0,47.82608695652174,53.84615384615385,40.0,0.0,0.0,0.0
A. Karatsev,Z. Zhang,1.0,1.0,100.0,0.0,0.0,0.0,1.0,1.0,100.0,0.0,0.0,0.0,0.0,0.0,0.0,1901.0,18.0,04.09.1993,10.0,329.0,196.0,122.0,9.0,30.0,47.82608695652174,53.84615384615385,40.0,0.0,0.0,0.0
A. Karatsev,J. Kubler,1.0,0.0,0.0,1.0,0.0,0.0,0.0,0.0,0.0,0.0,0.0,0.0,0.0,0.0,0.0,1901.0,18.0,04.09.1993,10.0,329.0,196.0,122.0,9.0,30.0,47.82608695652174,53.84615384615385,40.0,0.0,0.0,0.0
A. Karatsev,J-L. Struff,1.0,0.0,0.0,0.0,0.0,0.0,1.0,0.0,0.0,0.0,0.0,0.0,0.0,0.0,0.0,1901.0,18.0,04.09.1993,10.0,329.0,196.0,122.0,9.0,30.0,47.82608695652174,53.84615384615385,40.0,0.0,0.0,0.0
M. Arnaldi,F. Ferreira Silva,1.0,1.0,100.0,0.0,0.0,0.0,0.0,0.0,0.0,1.0,1.0,100.0,0.0,0.0,0.0,1192.0,35.0,22.02.2001,6.0,190.0,61.0,123.0,3.0,23.0,28.57142857142857,0.0,28.57142857142857,0.0,146.0,76.84210526315789
M. Arnaldi,D. Schwartzman,1.0,1.0,100.0,0.0,0.0,0.0,1.0,1.0,100.0,0.0,0.0,0.0,0.0,0.0,0.0,1192.0,35.0,22.02.2001,6.0,190.0,61.0,123.0,3.0,23.0,28.57142857142857,0.0,28.57142857142857,0.0,146.0,76.84210526315789
M. Arnaldi,M. Fucsovics,1.0,1.0,100.0,1.0,1.0,100.0,0.0,0.0,0.0,0.0,0.0,0.0,0.0,0.0,0.0,1192.0,35.0,22.02.2001,6.0,190.0,61.0,123.0,3.0,23.0,28.57142857142857,0.0,28.57142857142857,0.0,146.0,76.84210526315789
M. Arnaldi,A. Fils,3.0,3.0,100.0,1.0,1.0,100.0,2.0,2.0,100.0,0.0,0.0,0.0,0.0,0.0,0.0,1192.0,35.0,22.02.2001,6.0,190.0,61.0,123.0,3.0,23.0,28.57142857142857,0.0,28.57142857142857,0.0,146.0,76.84210526315789
M. Arnaldi,D. E. Galan,1.0,1.0,100.0,0.0,0.0,0.0,1.0,1.0,100.0,0.0,0.0,0.0,0.0,0.0,0.0,1192.0,35.0,22.02.2001,6.0,190.0,61.0,123.0,3.0,23.0,28.57142857142857,0.0,28.57142857142857,0.0,146.0,76.84210526315789
M. Arnaldi,A. Popyrin,1.0,1.0,100.0,0.0,0.0,0.0,0.0,0.0,0.0,0.0,0.0,0.0,1.0,1.0,100.0,1192.0,35.0,22.02.2001,6.0,190.0,61.0,123.0,3.0,23.0,28.57142857142857,0.0,28.57142857142857,0.0,146.0,76.84210526315789
M. Arnaldi,B. Van De Zandschulp,1.0,0.0,0.0,0.0,0.0,0.0,0.0,0.0,0.0,0.0,0.0,0.0,1.0,0.0,0.0,1192.0,35.0,22.02.2001,6.0,190.0,61.0,123.0,3.0,23.0,28.57142857142857,0.0,28.57142857142857,0.0,146.0,76.84210526315789
M. Arnaldi,C. Alcaraz,1.0,0.0,0.0,1.0,0.0,0.0,0.0,0.0,0.0,0.0,0.0,0.0,0.0,0.0,0.0,1192.0,35.0,22.02.2001,6.0,190.0,61.0,123.0,3.0,23.0,28.57142857142857,0.0,28.57142857142857,0.0,146.0,76.84210526315789
M. Arnaldi,M. Purcell,1.0,0.0,0.0,1.0,0.0,0.0,0.0,0.0,0.0,0.0,0.0,0.0,0.0,0.0,0.0,1192.0,35.0,22.02.2001,6.0,190.0,61.0,123.0,3.0,23.0,28.57142857142857,0.0,28.57142857142857,0.0,146.0,76.84210526315789
M. Arnaldi,T. Machac,1.0,0.0,0.0,1.0,0.0,0.0,0.0,0.0,0.0,0.0,0.0,0.0,0.0,0.0,0.0,1192.0,35.0,22.02.2001,6.0,190.0,61.0,123.0,3.0,23.0,28.57142857142857,0.0,28.57142857142857,0.0,146.0,76.84210526315789
K. Volynets,M. Andreeva,1.0,1.0,100.0,1.0,1.0,100.0,0.0,0.0,0.0,0.0,0.0,0.0,0.0,0.0,0.0,2826.0,77.0,31.12.2001,3.0,151.0,78.0,59.0,10.0,22.0,48.275862068965516,43.75,53.84615384615385,0.0,0.0,0.0
K. Volynets,A. Riske-Amritraj,1.0,1.0,100.0,1.0,1.0,100.0,0.0,0.0,0.0,0.0,0.0,0.0,0.0,0.0,0.0,2826.0,77.0,31.12.2001,3.0,151.0,78.0,59.0,10.0,22.0,48.275862068965516,43.75,53.84615384615385,0.0,0.0,0.0
K. Volynets,O. Jabeur,1.0,1.0,100.0,1.0,1.0,100.0,0.0,0.0,0.0,0.0,0.0,0.0,0.0,0.0,0.0,2826.0,77.0,31.12.2001,3.0,151.0,78.0,59.0,10.0,22.0,48.275862068965516,43.75,53.84615384615385,0.0,0.0,0.0
K. Volynets,V. Kudermetova,1.0,1.0,100.0,1.0,1.0,100.0,0.0,0.0,0.0,0.0,0.0,0.0,0.0,0.0,0.0,2826.0,77.0,31.12.2001,3.0,151.0,78.0,59.0,10.0,22.0,48.275862068965516,43.75,53.84615384615385,0.0,0.0,0.0
K. Volynets,V. Gracheva,1.0,0.0,0.0,1.0,0.0,0.0,0.0,0.0,0.0,0.0,0.0,0.0,0.0,0.0,0.0,2826.0,77.0,31.12.2001,3.0,151.0,78.0,59.0,10.0,22.0,48.275862068965516,43.75,53.84615384615385,0.0,0.0,0.0
K. Volynets,E. Navarro,1.0,0.0,0.0,0.0,0.0,0.0,1.0,0.0,0.0,0.0,0.0,0.0,0.0,0.0,0.0,2826.0,77.0,31.12.2001,3.0,151.0,78.0,59.0,10.0,22.0,48.275862068965516,43.75,53.84615384615385,0.0,0.0,0.0
S. Cirstea,S. Stephens,1.0,1.0,100.0,1.0,1.0,100.0,0.0,0.0,0.0,0.0,0.0,0.0,0.0,0.0,0.0,1150.0,22.0,07.04.1990,9.0,484.0,280.0,160.0,44.0,34.0,28.57142857142857,28.57142857142857,0.0,0.0,29.0,5.991735537190083
S. Cirstea,V. Kudermetova,1.0,1.0,100.0,1.0,1.0,100.0,0.0,0.0,0.0,0.0,0.0,0.0,0.0,0.0,0.0,1150.0,22.0,07.04.1990,9.0,484.0,280.0,160.0,44.0,34.0,28.57142857142857,28.57142857142857,0.0,0.0,29.0,5.991735537190083
S. Cirstea,E. Alexandrova,1.0,1.0,100.0,1.0,1.0,100.0,0.0,0.0,0.0,0.0,0.0,0.0,0.0,0.0,0.0,1150.0,22.0,07.04.1990,9.0,484.0,280.0,160.0,44.0,34.0,28.57142857142857,28.57142857142857,0.0,0.0,29.0,5.991735537190083
S. Cirstea,A. Bogdan,1.0,1.0,100.0,0.0,0.0,0.0,0.0,0.0,0.0,1.0,1.0,100.0,0.0,0.0,0.0,1150.0,22.0,07.04.1990,9.0,484.0,280.0,160.0,44.0,34.0,28.57142857142857,28.57142857142857,0.0,0.0,29.0,5.991735537190083
S. Cirstea,J. Paolini,1.0,0.0,0.0,1.0,0.0,0.0,0.0,0.0,0.0,0.0,0.0,0.0,0.0,0.0,0.0,1150.0,22.0,07.04.1990,9.0,484.0,280.0,160.0,44.0,34.0,28.57142857142857,28.57142857142857,0.0,0.0,29.0,5.991735537190083
D. Kudla,E. Nava,1.0,1.0,100.0,1.0,1.0,100.0,0.0,0.0,0.0,0.0,0.0,0.0,0.0,0.0,0.0,2919.0,63.0,17.08.1992,19.0,572.0,412.0,64.0,94.0,31.0,0.0,0.0,0.0,0.0,222.0,38.81118881118881
D. Kudla,J. Thompson,1.0,0.0,0.0,1.0,0.0,0.0,0.0,0.0,0.0,0.0,0.0,0.0,0.0,0.0,0.0,2919.0,63.0,17.08.1992,19.0,572.0,412.0,64.0,94.0,31.0,0.0,0.0,0.0,0.0,222.0,38.81118881118881
D. Kudla,C. Lestienne,1.0,0.0,0.0,1.0,0.0,0.0,0.0,0.0,0.0,0.0,0.0,0.0,0.0,0.0,0.0,2919.0,63.0,17.08.1992,19.0,572.0,412.0,64.0,94.0,31.0,0.0,0.0,0.0,0.0,222.0,38.81118881118881
K. Khachanov,L. van Assche,1.0,1.0,100.0,1.0,1.0,100.0,0.0,0.0,0.0,0.0,0.0,0.0,0.0,0.0,0.0,435.0,0.0,21.05.1996,12.0,411.0,269.0,120.0,28.0,28.0,62.5,60.0,66.66666666666666,0.0,0.0,0.0
K. Khachanov,M. McDonald,1.0,1.0,100.0,1.0,1.0,100.0,0.0,0.0,0.0,0.0,0.0,0.0,0.0,0.0,0.0,435.0,0.0,21.05.1996,12.0,411.0,269.0,120.0,28.0,28.0,62.5,60.0,66.66666666666666,0.0,0.0,0.0
K. Khachanov,L. Sonego,1.0,1.0,100.0,0.0,0.0,0.0,1.0,1.0,100.0,0.0,0.0,0.0,0.0,0.0,0.0,435.0,0.0,21.05.1996,12.0,411.0,269.0,120.0,28.0,28.0,62.5,60.0,66.66666666666666,0.0,0.0,0.0
K. Khachanov,J. Lehecka,1.0,1.0,100.0,1.0,1.0,100.0,0.0,0.0,0.0,0.0,0.0,0.0,0.0,0.0,0.0,435.0,0.0,21.05.1996,12.0,411.0,269.0,120.0,28.0,28.0,62.5,60.0,66.66666666666666,0.0,0.0,0.0
K. Khachanov,F. Cobolli,1.0,1.0,100.0,0.0,0.0,0.0,1.0,1.0,100.0,0.0,0.0,0.0,0.0,0.0,0.0,435.0,0.0,21.05.1996,12.0,411.0,269.0,120.0,28.0,28.0,62.5,60.0,66.66666666666666,0.0,0.0,0.0
K. Khachanov,S. Korda,1.0,1.0,100.0,1.0,1.0,100.0,0.0,0.0,0.0,0.0,0.0,0.0,0.0,0.0,0.0,435.0,0.0,21.05.1996,12.0,411.0,269.0,120.0,28.0,28.0,62.5,60.0,66.66666666666666,0.0,0.0,0.0
K. Khachanov,N. Djokovic,1.0,0.0,0.0,0.0,0.0,0.0,1.0,0.0,0.0,0.0,0.0,0.0,0.0,0.0,0.0,435.0,0.0,21.05.1996,12.0,411.0,269.0,120.0,28.0,28.0,62.5,60.0,66.66666666666666,0.0,0.0,0.0
K. Khachanov,G. Dimitrov,1.0,0.0,0.0,1.0,0.0,0.0,0.0,0.0,0.0,0.0,0.0,0.0,0.0,0.0,0.0,435.0,0.0,21.05.1996,12.0,411.0,269.0,120.0,28.0,28.0,62.5,60.0,66.66666666666666,0.0,0.0,0.0
K. Khachanov,S. Tsitsipas,1.0,0.0,0.0,1.0,0.0,0.0,0.0,0.0,0.0,0.0,0.0,0.0,0.0,0.0,0.0,435.0,0.0,21.05.1996,12.0,411.0,269.0,120.0,28.0,28.0,62.5,60.0,66.66666666666666,0.0,0.0,0.0
J. Riera,A. Eala,1.0,1.0,100.0,0.0,0.0,0.0,1.0,1.0,100.0,0.0,0.0,0.0,0.0,0.0,0.0,2281.0,93.0,29.05.2002,10.0,199.0,33.0,150.0,1.0,22.0,0.0,0.0,0.0,0.0,99.0,49.74874371859296
J. Riera,E. Jacquemot,1.0,1.0,100.0,1.0,1.0,100.0,0.0,0.0,0.0,0.0,0.0,0.0,0.0,0.0,0.0,2281.0,93.0,29.05.2002,10.0,199.0,33.0,150.0,1.0,22.0,0.0,0.0,0.0,0.0,99.0,49.74874371859296
J. Riera,E. Arango,1.0,1.0,100.0,0.0,0.0,0.0,1.0,1.0,100.0,0.0,0.0,0.0,0.0,0.0,0.0,2281.0,93.0,29.05.2002,10.0,199.0,33.0,150.0,1.0,22.0,0.0,0.0,0.0,0.0,99.0,49.74874371859296
J. Riera,J. Grabher,1.0,0.0,0.0,0.0,0.0,0.0,1.0,0.0,0.0,0.0,0.0,0.0,0.0,0.0,0.0,2281.0,93.0,29.05.2002,10.0,199.0,33.0,150.0,1.0,22.0,0.0,0.0,0.0,0.0,99.0,49.74874371859296
C. Kuhl,A. Kalinskaya,1.0,0.0,0.0,0.0,0.0,0.0,1.0,0.0,0.0,0.0,0.0,0.0,0.0,0.0,0.0,10896.0,396.0,01.01.1970,4.0,76.0,33.0,43.0,0.0,54.0,64.40677966101694,64.28571428571429,70.0,57.14285714285714,0.0,0.0
M. Hontama,R. Bhosale,1.0,1.0,100.0,0.0,0.0,0.0,0.0,0.0,0.0,0.0,0.0,0.0,1.0,1.0,100.0,1787.0,114.0,30.08.1999,9.0,214.0,167.0,29.0,10.0,24.0,50.0,50.0,50.0,50.0,119.0,55.60747663551402
M. Hontama,S. Bandecchi,1.0,0.0,0.0,0.0,0.0,0.0,0.0,0.0,0.0,1.0,0.0,0.0,0.0,0.0,0.0,1787.0,114.0,30.08.1999,9.0,214.0,167.0,29.0,10.0,24.0,50.0,50.0,50.0,50.0,119.0,55.60747663551402
M. Kecmanovic,B. Nakashima,1.0,1.0,100.0,0.0,0.0,0.0,1.0,1.0,100.0,0.0,0.0,0.0,0.0,0.0,0.0,2848.0,29.0,31.08.1999,5.0,299.0,174.0,102.0,16.0,24.0,64.70588235294117,63.63636363636363,66.66666666666666,0.0,0.0,0.0
M. Kecmanovic,L. Musetti,1.0,1.0,100.0,0.0,0.0,0.0,0.0,0.0,0.0,0.0,0.0,0.0,1.0,1.0,100.0,2848.0,29.0,31.08.1999,5.0,299.0,174.0,102.0,16.0,24.0,64.70588235294117,63.63636363636363,66.66666666666666,0.0,0.0,0.0
M. Kecmanovic,H. Rune,1.0,1.0,100.0,1.0,1.0,100.0,0.0,0.0,0.0,0.0,0.0,0.0,0.0,0.0,0.0,2848.0,29.0,31.08.1999,5.0,299.0,174.0,102.0,16.0,24.0,64.70588235294117,63.63636363636363,66.66666666666666,0.0,0.0,0.0
M. Kecmanovic,C. Garin,1.0,1.0,100.0,1.0,1.0,100.0,0.0,0.0,0.0,0.0,0.0,0.0,0.0,0.0,0.0,2848.0,29.0,31.08.1999,5.0,299.0,174.0,102.0,16.0,24.0,64.70588235294117,63.63636363636363,66.66666666666666,0.0,0.0,0.0
E. Nava,D. Kudla,1.0,0.0,0.0,1.0,0.0,0.0,0.0,0.0,0.0,0.0,0.0,0.0,0.0,0.0,0.0,567.0,126.0,02.12.2001,4.0,197.0,136.0,60.0,1.0,22.0,16.666666666666664,0.0,50.0,0.0,0.0,0.0
D. Stricker,C. Ruud,1.0,1.0,100.0,1.0,1.0,100.0,0.0,0.0,0.0,0.0,0.0,0.0,0.0,0.0,0.0,379.0,94.0,16.08.2002,11.0,174.0,92.0,64.0,15.0,21.0,50.0,0.0,50.0,0.0,0.0,0.0
D. Stricker,B. Hassan,1.0,1.0,100.0,1.0,1.0,100.0,0.0,0.0,0.0,0.0,0.0,0.0,0.0,0.0,0.0,379.0,94.0,16.08.2002,11.0,174.0,92.0,64.0,15.0,21.0,50.0,0.0,50.0,0.0,0.0,0.0
D. Stricker,A. Mannarino,1.0,0.0,0.0,0.0,0.0,0.0,0.0,0.0,0.0,0.0,0.0,0.0,1.0,0.0,0.0,379.0,94.0,16.08.2002,11.0,174.0,92.0,64.0,15.0,21.0,50.0,0.0,50.0,0.0,0.0,0.0
V. Tomova,E. Mandlik,1.0,0.0,0.0,0.0,0.0,0.0,0.0,0.0,0.0,1.0,0.0,0.0,0.0,0.0,0.0,499.0,75.0,25.02.1995,8.0,265.0,117.0,127.0,15.0,29.0,59.25925925925925,62.5,57.89473684210527,0.0,0.0,0.0
V. Tomova,T. Korpatsch,1.0,0.0,0.0,1.0,0.0,0.0,0.0,0.0,0.0,0.0,0.0,0.0,0.0,0.0,0.0,499.0,75.0,25.02.1995,8.0,265.0,117.0,127.0,15.0,29.0,59.25925925925925,62.5,57.89473684210527,0.0,0.0,0.0
L. Hietaranta,D. Frayman,1.0,1.0,100.0,0.0,0.0,0.0,0.0,0.0,0.0,0.0,0.0,0.0,1.0,1.0,100.0,9247.0,373.0,02.02.2004,10.0,147.0,37.0,101.0,4.0,20.0,54.166666666666664,60.0,25.0,0.0,0.0,0.0
S. Hosogi,D. Papamichail,1.0,0.0,0.0,1.0,0.0,0.0,0.0,0.0,0.0,0.0,0.0,0.0,0.0,0.0,0.0,1399.0,288.0,25.03.2000,8.0,156.0,145.0,2.0,9.0,24.0,40.0,33.33333333333333,50.0,0.0,0.0,0.0
G. Zeppieri,F. Bagnis,1.0,0.0,0.0,0.0,0.0,0.0,1.0,0.0,0.0,0.0,0.0,0.0,0.0,0.0,0.0,376.0,135.0,07.12.2001,4.0,191.0,60.0,130.0,1.0,22.0,0.0,0.0,0.0,0.0,0.0,0.0
D. Goffin,T. Barrios Vera,1.0,1.0,100.0,0.0,0.0,0.0,0.0,0.0,0.0,1.0,1.0,100.0,0.0,0.0,0.0,2385.0,0.0,07.12.1990,18.0,539.0,331.0,170.0,41.0,33.0,41.37931034482759,40.74074074074074,0.0,0.0,0.0,0.0
D. Goffin,A. Bublik,1.0,0.0,0.0,0.0,0.0,0.0,0.0,0.0,0.0,1.0,0.0,0.0,0.0,0.0,0.0,2385.0,0.0,07.12.1990,18.0,539.0,331.0,170.0,41.0,33.0,41.37931034482759,40.74074074074074,0.0,0.0,0.0,0.0
T. Griekspoor,A. Popyrin,1.0,1.0,100.0,0.0,0.0,0.0,0.0,0.0,0.0,1.0,1.0,100.0,0.0,0.0,0.0,427.0,23.0,02.07.1996,15.0,269.0,112.0,127.0,22.0,27.0,50.0,0.0,50.0,0.0,0.0,0.0
T. Griekspoor,T. Fritz,1.0,1.0,100.0,1.0,1.0,100.0,0.0,0.0,0.0,0.0,0.0,0.0,0.0,0.0,0.0,427.0,23.0,02.07.1996,15.0,269.0,112.0,127.0,22.0,27.0,50.0,0.0,50.0,0.0,0.0,0.0
T. Griekspoor,A. Michelsen,1.0,1.0,100.0,1.0,1.0,100.0,0.0,0.0,0.0,0.0,0.0,0.0,0.0,0.0,0.0,427.0,23.0,02.07.1996,15.0,269.0,112.0,127.0,22.0,27.0,50.0,0.0,50.0,0.0,0.0,0.0
T. Griekspoor,J. Draper,1.0,1.0,100.0,1.0,1.0,100.0,0.0,0.0,0.0,0.0,0.0,0.0,0.0,0.0,0.0,427.0,23.0,02.07.1996,15.0,269.0,112.0,127.0,22.0,27.0,50.0,0.0,50.0,0.0,0.0,0.0
T. Griekspoor,G. Pella,1.0,1.0,100.0,1.0,1.0,100.0,0.0,0.0,0.0,0.0,0.0,0.0,0.0,0.0,0.0,427.0,23.0,02.07.1996,15.0,269.0,112.0,127.0,22.0,27.0,50.0,0.0,50.0,0.0,0.0,0.0
T. Griekspoor,H. Hurkacz,1.0,0.0,0.0,1.0,0.0,0.0,0.0,0.0,0.0,0.0,0.0,0.0,0.0,0.0,0.0,427.0,23.0,02.07.1996,15.0,269.0,112.0,127.0,22.0,27.0,50.0,0.0,50.0,0.0,0.0,0.0
T. Griekspoor,C. Ruud,1.0,0.0,0.0,0.0,0.0,0.0,0.0,0.0,0.0,0.0,0.0,0.0,1.0,0.0,0.0,427.0,23.0,02.07.1996,15.0,269.0,112.0,127.0,22.0,27.0,50.0,0.0,50.0,0.0,0.0,0.0
T. Griekspoor,P. Kotov,1.0,0.0,0.0,1.0,0.0,0.0,0.0,0.0,0.0,0.0,0.0,0.0,0.0,0.0,0.0,427.0,23.0,02.07.1996,15.0,269.0,112.0,127.0,22.0,27.0,50.0,0.0,50.0,0.0,0.0,0.0
K. Bubelyte,M. El Allami,1.0,0.0,0.0,0.0,0.0,0.0,0.0,0.0,0.0,0.0,0.0,0.0,1.0,0.0,0.0,19431.0,679.0,29.03.2003,2.0,84.0,27.0,46.0,0.0,21.0,11.11111111111111,11.11111111111111,0.0,0.0,0.0,0.0
S. Korda,H. Hurkacz,1.0,1.0,100.0,1.0,1.0,100.0,0.0,0.0,0.0,0.0,0.0,0.0,0.0,0.0,0.0,2840.0,24.0,05.07.2000,5.0,237.0,160.0,62.0,13.0,23.0,10.0,20.0,0.0,0.0,0.0,0.0
S. Korda,M. Fucsovics,1.0,1.0,100.0,1.0,1.0,100.0,0.0,0.0,0.0,0.0,0.0,0.0,0.0,0.0,0.0,2840.0,24.0,05.07.2000,5.0,237.0,160.0,62.0,13.0,23.0,10.0,20.0,0.0,0.0,0.0,0.0
S. Korda,K. Khachanov,1.0,0.0,0.0,1.0,0.0,0.0,0.0,0.0,0.0,0.0,0.0,0.0,0.0,0.0,0.0,2840.0,24.0,05.07.2000,5.0,237.0,160.0,62.0,13.0,23.0,10.0,20.0,0.0,0.0,0.0,0.0
S. Korda,A. Vukic,1.0,0.0,0.0,1.0,0.0,0.0,0.0,0.0,0.0,0.0,0.0,0.0,0.0,0.0,0.0,2840.0,24.0,05.07.2000,5.0,237.0,160.0,62.0,13.0,23.0,10.0,20.0,0.0,0.0,0.0,0.0
K. Juvan,A. Danilina,1.0,1.0,100.0,0.0,0.0,0.0,0.0,0.0,0.0,0.0,0.0,0.0,1.0,1.0,100.0,519.0,89.0,25.11.2000,2.0,157.0,67.0,55.0,22.0,23.0,50.0,50.0,0.0,0.0,0.0,0.0
K. Juvan,A. Tomljanovic,1.0,1.0,100.0,0.0,0.0,0.0,0.0,0.0,0.0,0.0,0.0,0.0,1.0,1.0,100.0,519.0,89.0,25.11.2000,2.0,157.0,67.0,55.0,22.0,23.0,50.0,50.0,0.0,0.0,0.0,0.0
K. Juvan,H. Sakatsume,1.0,1.0,100.0,1.0,1.0,100.0,0.0,0.0,0.0,0.0,0.0,0.0,0.0,0.0,0.0,519.0,89.0,25.11.2000,2.0,157.0,67.0,55.0,22.0,23.0,50.0,50.0,0.0,0.0,0.0,0.0
K. Juvan,R. Masarova,1.0,0.0,0.0,0.0,0.0,0.0,1.0,0.0,0.0,0.0,0.0,0.0,0.0,0.0,0.0,519.0,89.0,25.11.2000,2.0,157.0,67.0,55.0,22.0,23.0,50.0,50.0,0.0,0.0,0.0,0.0
B. Paire,O. Otte,1.0,0.0,0.0,0.0,0.0,0.0,0.0,0.0,0.0,1.0,0.0,0.0,0.0,0.0,0.0,429.0,19.0,08.05.1989,12.0,545.0,281.0,237.0,27.0,35.0,54.166666666666664,50.0,55.00000000000001,0.0,0.0,0.0
M. Sherif,A. Konjuh,1.0,1.0,100.0,0.0,0.0,0.0,1.0,1.0,100.0,0.0,0.0,0.0,0.0,0.0,0.0,510.0,52.0,05.05.1996,12.0,214.0,42.0,157.0,2.0,28.0,23.076923076923077,14.285714285714285,33.33333333333333,0.0,0.0,0.0
M. Sherif,P. Stearns,1.0,0.0,0.0,0.0,0.0,0.0,1.0,0.0,0.0,0.0,0.0,0.0,0.0,0.0,0.0,510.0,52.0,05.05.1996,12.0,214.0,42.0,157.0,2.0,28.0,23.076923076923077,14.285714285714285,33.33333333333333,0.0,0.0,0.0
M. Krueger,P. Kotov,1.0,1.0,100.0,1.0,1.0,100.0,0.0,0.0,0.0,0.0,0.0,0.0,0.0,0.0,0.0,1751.0,167.0,12.01.1994,11.0,428.0,326.0,95.0,7.0,30.0,52.63157894736842,0.0,55.55555555555556,0.0,0.0,0.0
M. Krueger,A. Kovacevic,1.0,0.0,0.0,0.0,0.0,0.0,1.0,0.0,0.0,0.0,0.0,0.0,0.0,0.0,0.0,1751.0,167.0,12.01.1994,11.0,428.0,326.0,95.0,7.0,30.0,52.63157894736842,0.0,55.55555555555556,0.0,0.0,0.0
A. Tomljanovic,K. Juvan,1.0,0.0,0.0,0.0,0.0,0.0,0.0,0.0,0.0,0.0,0.0,0.0,1.0,0.0,0.0,1146.0,33.0,07.05.1993,2.0,343.0,215.0,84.0,39.0,31.0,77.77777777777779,77.77777777777779,0.0,0.0,0.0,0.0
A. Tomljanovic,D. Galfi,1.0,0.0,0.0,1.0,0.0,0.0,0.0,0.0,0.0,0.0,0.0,0.0,0.0,0.0,0.0,1146.0,33.0,07.05.1993,2.0,343.0,215.0,84.0,39.0,31.0,77.77777777777779,77.77777777777779,0.0,0.0,0.0,0.0
P. Carreno-Busta,R. Gasquet,1.0,0.0,0.0,1.0,0.0,0.0,0.0,0.0,0.0,0.0,0.0,0.0,0.0,0.0,0.0,434.0,0.0,12.07.1991,30.0,553.0,236.0,309.0,10.0,32.0,52.94117647058824,55.55555555555556,50.0,0.0,0.0,0.0
Z. Zhang,M. Cressy,1.0,1.0,100.0,0.0,0.0,0.0,0.0,0.0,0.0,1.0,1.0,100.0,0.0,0.0,0.0,590.0,0.0,16.10.1996,10.0,234.0,130.0,94.0,12.0,27.0,62.5,60.0,66.66666666666666,0.0,0.0,0.0
Z. Zhang,A. Tabilo,1.0,0.0,0.0,0.0,0.0,0.0,1.0,0.0,0.0,0.0,0.0,0.0,0.0,0.0,0.0,590.0,0.0,16.10.1996,10.0,234.0,130.0,94.0,12.0,27.0,62.5,60.0,66.66666666666666,0.0,0.0,0.0
Z. Zhang,A. Karatsev,1.0,0.0,0.0,0.0,0.0,0.0,1.0,0.0,0.0,0.0,0.0,0.0,0.0,0.0,0.0,590.0,0.0,16.10.1996,10.0,234.0,130.0,94.0,12.0,27.0,62.5,60.0,66.66666666666666,0.0,0.0,0.0
Z. Zhang,M. Damm,1.0,0.0,0.0,1.0,0.0,0.0,0.0,0.0,0.0,0.0,0.0,0.0,0.0,0.0,0.0,590.0,0.0,16.10.1996,10.0,234.0,130.0,94.0,12.0,27.0,62.5,60.0,66.66666666666666,0.0,0.0,0.0
J. De Jong,P. Cachin,1.0,1.0,100.0,1.0,1.0,100.0,0.0,0.0,0.0,0.0,0.0,0.0,0.0,0.0,0.0,412.0,153.0,31.05.2000,16.0,287.0,121.0,160.0,6.0,24.0,43.75,50.0,41.66666666666667,0.0,0.0,0.0
M. Linette,Ka. Pliskova,1.0,1.0,100.0,1.0,1.0,100.0,0.0,0.0,0.0,0.0,0.0,0.0,0.0,0.0,0.0,1154.0,24.0,12.02.1992,8.0,428.0,280.0,104.0,37.0,32.0,53.84615384615385,53.84615384615385,0.0,0.0,0.0,0.0
M. Linette,E. Jacquemot,1.0,1.0,100.0,1.0,1.0,100.0,0.0,0.0,0.0,0.0,0.0,0.0,0.0,0.0,0.0,1154.0,24.0,12.02.1992,8.0,428.0,280.0,104.0,37.0,32.0,53.84615384615385,53.84615384615385,0.0,0.0,0.0,0.0
M. Linette,S. Stephens,1.0,0.0,0.0,1.0,0.0,0.0,0.0,0.0,0.0,0.0,0.0,0.0,0.0,0.0,0.0,1154.0,24.0,12.02.1992,8.0,428.0,280.0,104.0,37.0,32.0,53.84615384615385,53.84615384615385,0.0,0.0,0.0,0.0
M. Linette,D. Kasatkina,1.0,0.0,0.0,1.0,0.0,0.0,0.0,0.0,0.0,0.0,0.0,0.0,0.0,0.0,0.0,1154.0,24.0,12.02.1992,8.0,428.0,280.0,104.0,37.0,32.0,53.84615384615385,53.84615384615385,0.0,0.0,0.0,0.0
M. Kostyuk,N. Hibino,1.0,1.0,100.0,1.0,1.0,100.0,0.0,0.0,0.0,0.0,0.0,0.0,0.0,0.0,0.0,1828.0,0.0,28.06.2002,12.0,269.0,170.0,72.0,29.0,21.0,34.78260869565217,23.076923076923077,50.0,0.0,29.0,10.780669144981413
M. Kostyuk,E. Avanesyan,1.0,1.0,100.0,1.0,1.0,100.0,0.0,0.0,0.0,0.0,0.0,0.0,0.0,0.0,0.0,1828.0,0.0,28.06.2002,12.0,269.0,170.0,72.0,29.0,21.0,34.78260869565217,23.076923076923077,50.0,0.0,29.0,10.780669144981413
M. Kostyuk,C. Gauff,1.0,0.0,0.0,1.0,0.0,0.0,0.0,0.0,0.0,0.0,0.0,0.0,0.0,0.0,0.0,1828.0,0.0,28.06.2002,12.0,269.0,170.0,72.0,29.0,21.0,34.78260869565217,23.076923076923077,50.0,0.0,29.0,10.780669144981413
A. Sharma,Ar. Rodionova,1.0,1.0,100.0,0.0,0.0,0.0,1.0,1.0,100.0,0.0,0.0,0.0,0.0,0.0,0.0,1144.0,98.0,11.09.1995,9.0,202.0,104.0,87.0,11.0,28.0,50.0,50.0,50.0,50.0,0.0,0.0
T. Skatov,M. Cecchinato,1.0,0.0,0.0,0.0,0.0,0.0,1.0,0.0,0.0,0.0,0.0,0.0,0.0,0.0,0.0,362.0,142.0,21.01.2001,5.0,200.0,29.0,162.0,5.0,23.0,64.0,0.0,64.0,0.0,0.0,0.0
M. I. Higuita Barraza,R. Zarazua,1.0,0.0,0.0,0.0,0.0,0.0,1.0,0.0,0.0,0.0,0.0,0.0,0.0,0.0,0.0,21720.0,0.0,01.01.1970,3.0,4.0,3.0,4.0,3.0,54.0,63.1578947368421,63.013698630136986,0.0,66.66666666666666,0.0,0.0
U. Humbert,B. Van De Zandschulp,1.0,1.0,100.0,1.0,1.0,100.0,0.0,0.0,0.0,0.0,0.0,0.0,0.0,0.0,0.0,1105.0,0.0,26.06.1998,18.0,255.0,191.0,38.0,28.0,26.0,50.0,0.0,50.0,0.0,0.0,0.0
U. Humbert,G. Monfils,1.0,1.0,100.0,1.0,1.0,100.0,0.0,0.0,0.0,0.0,0.0,0.0,0.0,0.0,0.0,1105.0,0.0,26.06.1998,18.0,255.0,191.0,38.0,28.0,26.0,50.0,0.0,50.0,0.0,0.0,0.0
U. Humbert,A. Shevchenko,1.0,1.0,100.0,1.0,1.0,100.0,0.0,0.0,0.0,0.0,0.0,0.0,0.0,0.0,0.0,1105.0,0.0,26.06.1998,18.0,255.0,191.0,38.0,28.0,26.0,50.0,0.0,50.0,0.0,0.0,0.0
U. Humbert,H. Hurkacz,1.0,1.0,100.0,1.0,1.0,100.0,0.0,0.0,0.0,0.0,0.0,0.0,0.0,0.0,0.0,1105.0,0.0,26.06.1998,18.0,255.0,191.0,38.0,28.0,26.0,50.0,0.0,50.0,0.0,0.0,0.0
U. Humbert,P. Kotov,1.0,1.0,100.0,1.0,1.0,100.0,0.0,0.0,0.0,0.0,0.0,0.0,0.0,0.0,0.0,1105.0,0.0,26.06.1998,18.0,255.0,191.0,38.0,28.0,26.0,50.0,0.0,50.0,0.0,0.0,0.0
U. Humbert,K. Anderson,1.0,1.0,100.0,0.0,0.0,0.0,0.0,0.0,0.0,1.0,1.0,100.0,0.0,0.0,0.0,1105.0,0.0,26.06.1998,18.0,255.0,191.0,38.0,28.0,26.0,50.0,0.0,50.0,0.0,0.0,0.0
U. Humbert,A. Rublev,1.0,0.0,0.0,1.0,0.0,0.0,0.0,0.0,0.0,0.0,0.0,0.0,0.0,0.0,0.0,1105.0,0.0,26.06.1998,18.0,255.0,191.0,38.0,28.0,26.0,50.0,0.0,50.0,0.0,0.0,0.0
U. Humbert,C. O&apos;Connell,1.0,0.0,0.0,0.0,0.0,0.0,1.0,0.0,0.0,0.0,0.0,0.0,0.0,0.0,0.0,1105.0,0.0,26.06.1998,18.0,255.0,191.0,38.0,28.0,26.0,50.0,0.0,50.0,0.0,0.0,0.0
U. Humbert,A. Mannarino,1.0,0.0,0.0,0.0,0.0,0.0,0.0,0.0,0.0,1.0,0.0,0.0,0.0,0.0,0.0,1105.0,0.0,26.06.1998,18.0,255.0,191.0,38.0,28.0,26.0,50.0,0.0,50.0,0.0,0.0,0.0
U. Humbert,T. Fritz,1.0,0.0,0.0,1.0,0.0,0.0,0.0,0.0,0.0,0.0,0.0,0.0,0.0,0.0,0.0,1105.0,0.0,26.06.1998,18.0,255.0,191.0,38.0,28.0,26.0,50.0,0.0,50.0,0.0,0.0,0.0
F. Ferreira Silva,M. Arnaldi,1.0,0.0,0.0,0.0,0.0,0.0,0.0,0.0,0.0,1.0,0.0,0.0,0.0,0.0,0.0,585.0,183.0,18.03.1995,2.0,208.0,116.0,87.0,5.0,29.0,31.25,31.25,0.0,0.0,0.0,0.0
L. Miyazaki,L. Fruhvirtova,1.0,0.0,0.0,0.0,0.0,0.0,1.0,0.0,0.0,0.0,0.0,0.0,0.0,0.0,0.0,462.0,145.0,11.11.1995,13.0,216.0,176.0,29.0,11.0,28.0,0.0,0.0,0.0,0.0,0.0,0.0
Xin. Wang,H. Watson,1.0,1.0,100.0,1.0,1.0,100.0,0.0,0.0,0.0,0.0,0.0,0.0,0.0,0.0,0.0,1812.0,16.0,26.09.2001,9.0,236.0,173.0,36.0,23.0,22.0,28.57142857142857,0.0,33.33333333333333,0.0,55.0,23.30508474576271
Xin. Wang,E. Shibahara,1.0,1.0,100.0,1.0,1.0,100.0,0.0,0.0,0.0,0.0,0.0,0.0,0.0,0.0,0.0,1812.0,16.0,26.09.2001,9.0,236.0,173.0,36.0,23.0,22.0,28.57142857142857,0.0,33.33333333333333,0.0,55.0,23.30508474576271
Xin. Wang,L. Zhu,1.0,0.0,0.0,1.0,0.0,0.0,0.0,0.0,0.0,0.0,0.0,0.0,0.0,0.0,0.0,1812.0,16.0,26.09.2001,9.0,236.0,173.0,36.0,23.0,22.0,28.57142857142857,0.0,33.33333333333333,0.0,55.0,23.30508474576271
Xin. Wang,K. Muchova,1.0,0.0,0.0,1.0,0.0,0.0,0.0,0.0,0.0,0.0,0.0,0.0,0.0,0.0,0.0,1812.0,16.0,26.09.2001,9.0,236.0,173.0,36.0,23.0,22.0,28.57142857142857,0.0,33.33333333333333,0.0,55.0,23.30508474576271
Xin. Wang,A. Pavlyuchenkova,1.0,0.0,0.0,1.0,0.0,0.0,0.0,0.0,0.0,0.0,0.0,0.0,0.0,0.0,0.0,1812.0,16.0,26.09.2001,9.0,236.0,173.0,36.0,23.0,22.0,28.57142857142857,0.0,33.33333333333333,0.0,55.0,23.30508474576271
D. Frayman,L. Hietaranta,1.0,0.0,0.0,0.0,0.0,0.0,0.0,0.0,0.0,0.0,0.0,0.0,1.0,0.0,0.0,53774.0,704.0,22.03.2002,4.0,57.0,47.0,1.0,3.0,22.0,60.0,60.0,0.0,0.0,0.0,0.0
E. Shibahara,Xin. Wang,1.0,0.0,0.0,1.0,0.0,0.0,0.0,0.0,0.0,0.0,0.0,0.0,0.0,0.0,0.0,1986.0,5.0,12.02.1998,14.0,231.0,165.0,39.0,19.0,26.0,0.0,0.0,0.0,0.0,0.0,0.0
B. Coric,D. Altmaier,1.0,1.0,100.0,0.0,0.0,0.0,1.0,1.0,100.0,0.0,0.0,0.0,0.0,0.0,0.0,3136.0,0.0,14.11.1996,8.0,277.0,167.0,94.0,13.0,27.0,51.02040816326531,36.36363636363637,55.55555555555556,50.0,0.0,0.0
B. Coric,A. Bublik,1.0,0.0,0.0,0.0,0.0,0.0,0.0,0.0,0.0,1.0,0.0,0.0,0.0,0.0,0.0,3136.0,0.0,14.11.1996,8.0,277.0,167.0,94.0,13.0,27.0,51.02040816326531,36.36363636363637,55.55555555555556,50.0,0.0,0.0
B. Coric,T. M. Etcheverry,1.0,0.0,0.0,0.0,0.0,0.0,1.0,0.0,0.0,0.0,0.0,0.0,0.0,0.0,0.0,3136.0,0.0,14.11.1996,8.0,277.0,167.0,94.0,13.0,27.0,51.02040816326531,36.36363636363637,55.55555555555556,50.0,0.0,0.0
B. Coric,C. Ruud,1.0,0.0,0.0,0.0,0.0,0.0,0.0,0.0,0.0,0.0,0.0,0.0,1.0,0.0,0.0,3136.0,0.0,14.11.1996,8.0,277.0,167.0,94.0,13.0,27.0,51.02040816326531,36.36363636363637,55.55555555555556,50.0,0.0,0.0
A. Muhammad,L. Fernandez,1.0,0.0,0.0,1.0,0.0,0.0,0.0,0.0,0.0,0.0,0.0,0.0,0.0,0.0,0.0,1138.0,28.0,04.04.1991,24.0,329.0,249.0,54.0,23.0,33.0,50.0,50.0,50.0,50.0,0.0,0.0
M. Bjorklund,M. Vondrousova,1.0,0.0,0.0,0.0,0.0,0.0,1.0,0.0,0.0,0.0,0.0,0.0,0.0,0.0,0.0,498.0,157.0,29.07.1998,6.0,108.0,49.0,49.0,9.0,25.0,53.84615384615385,40.0,57.14285714285714,0.0,0.0,0.0
M. Bjorklund,P. Stearns,1.0,0.0,0.0,1.0,0.0,0.0,0.0,0.0,0.0,0.0,0.0,0.0,0.0,0.0,0.0,498.0,157.0,29.07.1998,6.0,108.0,49.0,49.0,9.0,25.0,53.84615384615385,40.0,57.14285714285714,0.0,0.0,0.0
S. Vickery,G. Minnen,1.0,0.0,0.0,1.0,0.0,0.0,0.0,0.0,0.0,0.0,0.0,0.0,0.0,0.0,0.0,1790.0,101.0,11.05.1995,2.0,306.0,211.0,71.0,24.0,29.0,50.0,50.0,50.0,50.0,463.0,151.30718954248366
M. Ymer,B. Gojo,1.0,1.0,100.0,1.0,1.0,100.0,0.0,0.0,0.0,0.0,0.0,0.0,0.0,0.0,0.0,1976.0,59.0,09.09.1998,5.0,191.0,113.0,62.0,11.0,25.0,34.285714285714285,42.857142857142854,32.142857142857146,0.0,157.0,82.19895287958116
M. Ymer,R. Safiullin,1.0,1.0,100.0,1.0,1.0,100.0,0.0,0.0,0.0,0.0,0.0,0.0,0.0,0.0,0.0,1976.0,59.0,09.09.1998,5.0,191.0,113.0,62.0,11.0,25.0,34.285714285714285,42.857142857142854,32.142857142857146,0.0,157.0,82.19895287958116
M. Ymer,B. Van De Zandschulp,1.0,0.0,0.0,1.0,0.0,0.0,0.0,0.0,0.0,0.0,0.0,0.0,0.0,0.0,0.0,1976.0,59.0,09.09.1998,5.0,191.0,113.0,62.0,11.0,25.0,34.285714285714285,42.857142857142854,32.142857142857146,0.0,157.0,82.19895287958116
M. Ymer,D. E. Galan,1.0,0.0,0.0,0.0,0.0,0.0,0.0,0.0,0.0,1.0,0.0,0.0,0.0,0.0,0.0,1976.0,59.0,09.09.1998,5.0,191.0,113.0,62.0,11.0,25.0,34.285714285714285,42.857142857142854,32.142857142857146,0.0,157.0,82.19895287958116
R. Peniston,H. Rocha,1.0,0.0,0.0,0.0,0.0,0.0,1.0,0.0,0.0,0.0,0.0,0.0,0.0,0.0,0.0,1072.0,0.0,10.11.1995,6.0,209.0,162.0,31.0,22.0,28.0,60.0,60.46511627906976,50.0,0.0,0.0,0.0
F. Cerundolo,L. Sonego,1.0,1.0,100.0,1.0,1.0,100.0,0.0,0.0,0.0,0.0,0.0,0.0,0.0,0.0,0.0,1104.0,21.0,13.08.1998,10.0,222.0,39.0,171.0,9.0,25.0,15.384615384615385,15.384615384615385,0.0,0.0,0.0,0.0
F. Cerundolo,F. Coria,1.0,1.0,100.0,0.0,0.0,0.0,1.0,1.0,100.0,0.0,0.0,0.0,0.0,0.0,0.0,1104.0,21.0,13.08.1998,10.0,222.0,39.0,171.0,9.0,25.0,15.384615384615385,15.384615384615385,0.0,0.0,0.0,0.0
F. Cerundolo,T. Paul,1.0,1.0,100.0,0.0,0.0,0.0,1.0,1.0,100.0,0.0,0.0,0.0,0.0,0.0,0.0,1104.0,21.0,13.08.1998,10.0,222.0,39.0,171.0,9.0,25.0,15.384615384615385,15.384615384615385,0.0,0.0,0.0,0.0
F. Cerundolo,M. Navone,1.0,0.0,0.0,0.0,0.0,0.0,1.0,0.0,0.0,0.0,0.0,0.0,0.0,0.0,0.0,1104.0,21.0,13.08.1998,10.0,222.0,39.0,171.0,9.0,25.0,15.384615384615385,15.384615384615385,0.0,0.0,0.0,0.0
F. Cerundolo,B. Shelton,1.0,0.0,0.0,1.0,0.0,0.0,0.0,0.0,0.0,0.0,0.0,0.0,0.0,0.0,0.0,1104.0,21.0,13.08.1998,10.0,222.0,39.0,171.0,9.0,25.0,15.384615384615385,15.384615384615385,0.0,0.0,0.0,0.0
F. Cerundolo,F. Marozsan,1.0,0.0,0.0,1.0,0.0,0.0,0.0,0.0,0.0,0.0,0.0,0.0,0.0,0.0,0.0,1104.0,21.0,13.08.1998,10.0,222.0,39.0,171.0,9.0,25.0,15.384615384615385,15.384615384615385,0.0,0.0,0.0,0.0
F. Cerundolo,T. Fritz,1.0,0.0,0.0,0.0,0.0,0.0,1.0,0.0,0.0,0.0,0.0,0.0,0.0,0.0,0.0,1104.0,21.0,13.08.1998,10.0,222.0,39.0,171.0,9.0,25.0,15.384615384615385,15.384615384615385,0.0,0.0,0.0,0.0
F. Misolic,D. Evans,1.0,1.0,100.0,1.0,1.0,100.0,0.0,0.0,0.0,0.0,0.0,0.0,0.0,0.0,0.0,594.0,146.0,08.08.2001,8.0,138.0,26.0,111.0,0.0,22.0,0.0,0.0,0.0,0.0,0.0,0.0
F. Misolic,J. Sousa,1.0,1.0,100.0,1.0,1.0,100.0,0.0,0.0,0.0,0.0,0.0,0.0,0.0,0.0,0.0,594.0,146.0,08.08.2001,8.0,138.0,26.0,111.0,0.0,22.0,0.0,0.0,0.0,0.0,0.0,0.0
P. Cachin,C. H. Tseng,1.0,1.0,100.0,0.0,0.0,0.0,1.0,1.0,100.0,0.0,0.0,0.0,0.0,0.0,0.0,414.0,57.0,12.04.1995,21.0,409.0,24.0,384.0,1.0,29.0,40.0,0.0,40.0,0.0,0.0,0.0
P. Cachin,H. Dellien,1.0,0.0,0.0,0.0,0.0,0.0,1.0,0.0,0.0,0.0,0.0,0.0,0.0,0.0,0.0,414.0,57.0,12.04.1995,21.0,409.0,24.0,384.0,1.0,29.0,40.0,0.0,40.0,0.0,0.0,0.0
P. Cachin,J. De Jong,1.0,0.0,0.0,1.0,0.0,0.0,0.0,0.0,0.0,0.0,0.0,0.0,0.0,0.0,0.0,414.0,57.0,12.04.1995,21.0,409.0,24.0,384.0,1.0,29.0,40.0,0.0,40.0,0.0,0.0,0.0
P. Cachin,P. Kotov,1.0,0.0,0.0,0.0,0.0,0.0,1.0,0.0,0.0,0.0,0.0,0.0,0.0,0.0,0.0,414.0,57.0,12.04.1995,21.0,409.0,24.0,384.0,1.0,29.0,40.0,0.0,40.0,0.0,0.0,0.0
P. Cachin,A. Davidovich Fokina,1.0,0.0,0.0,0.0,0.0,0.0,1.0,0.0,0.0,0.0,0.0,0.0,0.0,0.0,0.0,414.0,57.0,12.04.1995,21.0,409.0,24.0,384.0,1.0,29.0,40.0,0.0,40.0,0.0,0.0,0.0
J. Fourlis,P. Stearns,1.0,1.0,100.0,0.0,0.0,0.0,0.0,0.0,0.0,1.0,1.0,100.0,0.0,0.0,0.0,441.0,0.0,17.09.1999,18.0,196.0,98.0,95.0,17.0,24.0,53.125,53.84615384615385,52.63157894736842,0.0,0.0,0.0
J. Fourlis,C. Garcia,1.0,0.0,0.0,0.0,0.0,0.0,0.0,0.0,0.0,1.0,0.0,0.0,0.0,0.0,0.0,441.0,0.0,17.09.1999,18.0,196.0,98.0,95.0,17.0,24.0,53.125,53.84615384615385,52.63157894736842,0.0,0.0,0.0
B. Andreescu,S. Sorribes Tormo,1.0,1.0,100.0,0.0,0.0,0.0,1.0,1.0,100.0,0.0,0.0,0.0,0.0,0.0,0.0,2817.0,0.0,16.06.2000,9.0,189.0,136.0,32.0,24.0,24.0,71.42857142857143,71.42857142857143,0.0,0.0,0.0,0.0
B. Andreescu,E. Raducanu,1.0,1.0,100.0,1.0,1.0,100.0,0.0,0.0,0.0,0.0,0.0,0.0,0.0,0.0,0.0,2817.0,0.0,16.06.2000,9.0,189.0,136.0,32.0,24.0,24.0,71.42857142857143,71.42857142857143,0.0,0.0,0.0,0.0
B. Andreescu,C. Bucsa,1.0,0.0,0.0,1.0,0.0,0.0,0.0,0.0,0.0,0.0,0.0,0.0,0.0,0.0,0.0,2817.0,0.0,16.06.2000,9.0,189.0,136.0,32.0,24.0,24.0,71.42857142857143,71.42857142857143,0.0,0.0,0.0,0.0
B. Andreescu,E. Alexandrova,1.0,0.0,0.0,1.0,0.0,0.0,0.0,0.0,0.0,0.0,0.0,0.0,0.0,0.0,0.0,2817.0,0.0,16.06.2000,9.0,189.0,136.0,32.0,24.0,24.0,71.42857142857143,71.42857142857143,0.0,0.0,0.0,0.0
A. Sabalenka,P. Martic,1.0,1.0,100.0,1.0,1.0,100.0,0.0,0.0,0.0,0.0,0.0,0.0,0.0,0.0,0.0,1989.0,0.0,05.05.1998,28.0,425.0,297.0,85.0,48.0,26.0,40.74074074074074,50.0,38.095238095238095,0.0,0.0,0.0
A. Sabalenka,I. Begu,1.0,1.0,100.0,1.0,1.0,100.0,0.0,0.0,0.0,0.0,0.0,0.0,0.0,0.0,0.0,1989.0,0.0,05.05.1998,28.0,425.0,297.0,85.0,48.0,26.0,40.74074074074074,50.0,38.095238095238095,0.0,0.0,0.0
A. Sabalenka,D. Collins,1.0,1.0,100.0,0.0,0.0,0.0,1.0,1.0,100.0,0.0,0.0,0.0,0.0,0.0,0.0,1989.0,0.0,05.05.1998,28.0,425.0,297.0,85.0,48.0,26.0,40.74074074074074,50.0,38.095238095238095,0.0,0.0,0.0
A. Sabalenka,C. Gauff,1.0,1.0,100.0,1.0,1.0,100.0,0.0,0.0,0.0,0.0,0.0,0.0,0.0,0.0,0.0,1989.0,0.0,05.05.1998,28.0,425.0,297.0,85.0,48.0,26.0,40.74074074074074,50.0,38.095238095238095,0.0,0.0,0.0
A. Sabalenka,A. Anisimova,1.0,1.0,100.0,1.0,1.0,100.0,0.0,0.0,0.0,0.0,0.0,0.0,0.0,0.0,0.0,1989.0,0.0,05.05.1998,28.0,425.0,297.0,85.0,48.0,26.0,40.74074074074074,50.0,38.095238095238095,0.0,0.0,0.0
A. Sabalenka,A. Potapova,1.0,1.0,100.0,0.0,0.0,0.0,1.0,1.0,100.0,0.0,0.0,0.0,0.0,0.0,0.0,1989.0,0.0,05.05.1998,28.0,425.0,297.0,85.0,48.0,26.0,40.74074074074074,50.0,38.095238095238095,0.0,0.0,0.0
A. Sabalenka,M. Keys,2.0,2.0,100.0,1.0,1.0,100.0,0.0,0.0,0.0,1.0,1.0,100.0,0.0,0.0,0.0,1989.0,0.0,05.05.1998,28.0,425.0,297.0,85.0,48.0,26.0,40.74074074074074,50.0,38.095238095238095,0.0,0.0,0.0
A. Sabalenka,S. Rogers,1.0,1.0,100.0,1.0,1.0,100.0,0.0,0.0,0.0,0.0,0.0,0.0,0.0,0.0,0.0,1989.0,0.0,05.05.1998,28.0,425.0,297.0,85.0,48.0,26.0,40.74074074074074,50.0,38.095238095238095,0.0,0.0,0.0
A. Sabalenka,Q. Zheng,1.0,1.0,100.0,1.0,1.0,100.0,0.0,0.0,0.0,0.0,0.0,0.0,0.0,0.0,0.0,1989.0,0.0,05.05.1998,28.0,425.0,297.0,85.0,48.0,26.0,40.74074074074074,50.0,38.095238095238095,0.0,0.0,0.0
A. Sabalenka,L. Noskova,1.0,1.0,100.0,1.0,1.0,100.0,0.0,0.0,0.0,0.0,0.0,0.0,0.0,0.0,0.0,1989.0,0.0,05.05.1998,28.0,425.0,297.0,85.0,48.0,26.0,40.74074074074074,50.0,38.095238095238095,0.0,0.0,0.0
A. Sabalenka,M. Vondrousova,1.0,1.0,100.0,1.0,1.0,100.0,0.0,0.0,0.0,0.0,0.0,0.0,0.0,0.0,0.0,1989.0,0.0,05.05.1998,28.0,425.0,297.0,85.0,48.0,26.0,40.74074074074074,50.0,38.095238095238095,0.0,0.0,0.0
A. Sabalenka,J. Ostapenko,1.0,1.0,100.0,0.0,0.0,0.0,1.0,1.0,100.0,0.0,0.0,0.0,0.0,0.0,0.0,1989.0,0.0,05.05.1998,28.0,425.0,297.0,85.0,48.0,26.0,40.74074074074074,50.0,38.095238095238095,0.0,0.0,0.0
A. Sabalenka,D. Kasatkina,1.0,1.0,100.0,1.0,1.0,100.0,0.0,0.0,0.0,0.0,0.0,0.0,0.0,0.0,0.0,1989.0,0.0,05.05.1998,28.0,425.0,297.0,85.0,48.0,26.0,40.74074074074074,50.0,38.095238095238095,0.0,0.0,0.0
A. Sabalenka,E. Andreeva,1.0,1.0,100.0,0.0,0.0,0.0,1.0,1.0,100.0,0.0,0.0,0.0,0.0,0.0,0.0,1989.0,0.0,05.05.1998,28.0,425.0,297.0,85.0,48.0,26.0,40.74074074074074,50.0,38.095238095238095,0.0,0.0,0.0
A. Sabalenka,M. Bouzkova,1.0,1.0,100.0,1.0,1.0,100.0,0.0,0.0,0.0,0.0,0.0,0.0,0.0,0.0,0.0,1989.0,0.0,05.05.1998,28.0,425.0,297.0,85.0,48.0,26.0,40.74074074074074,50.0,38.095238095238095,0.0,0.0,0.0
A. Sabalenka,M. Sakkari,2.0,2.0,100.0,2.0,2.0,100.0,0.0,0.0,0.0,0.0,0.0,0.0,0.0,0.0,0.0,1989.0,0.0,05.05.1998,28.0,425.0,297.0,85.0,48.0,26.0,40.74074074074074,50.0,38.095238095238095,0.0,0.0,0.0
A. Sabalenka,E. Navarro,1.0,1.0,100.0,0.0,0.0,0.0,1.0,1.0,100.0,0.0,0.0,0.0,0.0,0.0,0.0,1989.0,0.0,05.05.1998,28.0,425.0,297.0,85.0,48.0,26.0,40.74074074074074,50.0,38.095238095238095,0.0,0.0,0.0
A. Sabalenka,P. Badosa,2.0,2.0,100.0,0.0,0.0,0.0,2.0,2.0,100.0,0.0,0.0,0.0,0.0,0.0,0.0,1989.0,0.0,05.05.1998,28.0,425.0,297.0,85.0,48.0,26.0,40.74074074074074,50.0,38.095238095238095,0.0,0.0,0.0
A. Sabalenka,L. Bronzetti,1.0,1.0,100.0,1.0,1.0,100.0,0.0,0.0,0.0,0.0,0.0,0.0,0.0,0.0,0.0,1989.0,0.0,05.05.1998,28.0,425.0,297.0,85.0,48.0,26.0,40.74074074074074,50.0,38.095238095238095,0.0,0.0,0.0
A. Sabalenka,B. Bencic,1.0,1.0,100.0,1.0,1.0,100.0,0.0,0.0,0.0,0.0,0.0,0.0,0.0,0.0,0.0,1989.0,0.0,05.05.1998,28.0,425.0,297.0,85.0,48.0,26.0,40.74074074074074,50.0,38.095238095238095,0.0,0.0,0.0
A. Sabalenka,B. Krejcikova,1.0,1.0,100.0,0.0,0.0,0.0,1.0,1.0,100.0,0.0,0.0,0.0,0.0,0.0,0.0,1989.0,0.0,05.05.1998,28.0,425.0,297.0,85.0,48.0,26.0,40.74074074074074,50.0,38.095238095238095,0.0,0.0,0.0
A. Sabalenka,P. Stearns,1.0,1.0,100.0,1.0,1.0,100.0,0.0,0.0,0.0,0.0,0.0,0.0,0.0,0.0,0.0,1989.0,0.0,05.05.1998,28.0,425.0,297.0,85.0,48.0,26.0,40.74074074074074,50.0,38.095238095238095,0.0,0.0,0.0
A. Sabalenka,I. Swiatek,3.0,1.0,33.33333333333333,0.0,0.0,0.0,3.0,1.0,33.33333333333333,0.0,0.0,0.0,0.0,0.0,0.0,1989.0,0.0,05.05.1998,28.0,425.0,297.0,85.0,48.0,26.0,40.74074074074074,50.0,38.095238095238095,0.0,0.0,0.0
A. Sabalenka,E. Rybakina,1.0,0.0,0.0,1.0,0.0,0.0,0.0,0.0,0.0,0.0,0.0,0.0,0.0,0.0,0.0,1989.0,0.0,05.05.1998,28.0,425.0,297.0,85.0,48.0,26.0,40.74074074074074,50.0,38.095238095238095,0.0,0.0,0.0
A. Sabalenka,K. Muchova,1.0,0.0,0.0,0.0,0.0,0.0,1.0,0.0,0.0,0.0,0.0,0.0,0.0,0.0,0.0,1989.0,0.0,05.05.1998,28.0,425.0,297.0,85.0,48.0,26.0,40.74074074074074,50.0,38.095238095238095,0.0,0.0,0.0
C. Bucsa,H. Watson,1.0,1.0,100.0,1.0,1.0,100.0,0.0,0.0,0.0,0.0,0.0,0.0,0.0,0.0,0.0,454.0,0.0,01.01.1998,15.0,238.0,142.0,86.0,16.0,26.0,100.0,100.0,0.0,0.0,0.0,0.0
C. Bucsa,E. Lys,1.0,1.0,100.0,1.0,1.0,100.0,0.0,0.0,0.0,0.0,0.0,0.0,0.0,0.0,0.0,454.0,0.0,01.01.1998,15.0,238.0,142.0,86.0,16.0,26.0,100.0,100.0,0.0,0.0,0.0,0.0
C. Bucsa,B. Andreescu,1.0,1.0,100.0,1.0,1.0,100.0,0.0,0.0,0.0,0.0,0.0,0.0,0.0,0.0,0.0,454.0,0.0,01.01.1998,15.0,238.0,142.0,86.0,16.0,26.0,100.0,100.0,0.0,0.0,0.0,0.0
C. Bucsa,M. Bouzkova,1.0,1.0,100.0,0.0,0.0,0.0,1.0,1.0,100.0,0.0,0.0,0.0,0.0,0.0,0.0,454.0,0.0,01.01.1998,15.0,238.0,142.0,86.0,16.0,26.0,100.0,100.0,0.0,0.0,0.0,0.0
C. Bucsa,P. Martic,1.0,0.0,0.0,1.0,0.0,0.0,0.0,0.0,0.0,0.0,0.0,0.0,0.0,0.0,0.0,454.0,0.0,01.01.1998,15.0,238.0,142.0,86.0,16.0,26.0,100.0,100.0,0.0,0.0,0.0,0.0
C. Bucsa,A. Parks,1.0,0.0,0.0,1.0,0.0,0.0,0.0,0.0,0.0,0.0,0.0,0.0,0.0,0.0,0.0,454.0,0.0,01.01.1998,15.0,238.0,142.0,86.0,16.0,26.0,100.0,100.0,0.0,0.0,0.0,0.0
C. Alcaraz,J. Sinner,2.0,2.0,100.0,2.0,2.0,100.0,0.0,0.0,0.0,0.0,0.0,0.0,0.0,0.0,0.0,2382.0,0.0,05.05.2003,23.0,257.0,107.0,132.0,21.0,21.0,64.70588235294117,66.66666666666666,62.5,0.0,553.0,215.17509727626458
C. Alcaraz,S. Tsitsipas,1.0,1.0,100.0,0.0,0.0,0.0,1.0,1.0,100.0,0.0,0.0,0.0,0.0,0.0,0.0,2382.0,0.0,05.05.2003,23.0,257.0,107.0,132.0,21.0,21.0,64.70588235294117,66.66666666666666,62.5,0.0,553.0,215.17509727626458
C. Alcaraz,F. Cobolli,1.0,1.0,100.0,0.0,0.0,0.0,1.0,1.0,100.0,0.0,0.0,0.0,0.0,0.0,0.0,2382.0,0.0,05.05.2003,23.0,257.0,107.0,132.0,21.0,21.0,64.70588235294117,66.66666666666666,62.5,0.0,553.0,215.17509727626458
C. Alcaraz,F. Marozsan,1.0,1.0,100.0,1.0,1.0,100.0,0.0,0.0,0.0,0.0,0.0,0.0,0.0,0.0,0.0,2382.0,0.0,05.05.2003,23.0,257.0,107.0,132.0,21.0,21.0,64.70588235294117,66.66666666666666,62.5,0.0,553.0,215.17509727626458
C. Alcaraz,J. Chardy,1.0,1.0,100.0,0.0,0.0,0.0,0.0,0.0,0.0,1.0,1.0,100.0,0.0,0.0,0.0,2382.0,0.0,05.05.2003,23.0,257.0,107.0,132.0,21.0,21.0,64.70588235294117,66.66666666666666,62.5,0.0,553.0,215.17509727626458
C. Alcaraz,L. Sonego,1.0,1.0,100.0,1.0,1.0,100.0,0.0,0.0,0.0,0.0,0.0,0.0,0.0,0.0,0.0,2382.0,0.0,05.05.2003,23.0,257.0,107.0,132.0,21.0,21.0,64.70588235294117,66.66666666666666,62.5,0.0,553.0,215.17509727626458
C. Alcaraz,H. Rune,1.0,1.0,100.0,0.0,0.0,0.0,0.0,0.0,0.0,1.0,1.0,100.0,0.0,0.0,0.0,2382.0,0.0,05.05.2003,23.0,257.0,107.0,132.0,21.0,21.0,64.70588235294117,66.66666666666666,62.5,0.0,553.0,215.17509727626458
C. Alcaraz,A. Rublev,1.0,1.0,100.0,1.0,1.0,100.0,0.0,0.0,0.0,0.0,0.0,0.0,0.0,0.0,0.0,2382.0,0.0,05.05.2003,23.0,257.0,107.0,132.0,21.0,21.0,64.70588235294117,66.66666666666666,62.5,0.0,553.0,215.17509727626458
C. Alcaraz,T. Fritz,1.0,1.0,100.0,1.0,1.0,100.0,0.0,0.0,0.0,0.0,0.0,0.0,0.0,0.0,0.0,2382.0,0.0,05.05.2003,23.0,257.0,107.0,132.0,21.0,21.0,64.70588235294117,66.66666666666666,62.5,0.0,553.0,215.17509727626458
C. Alcaraz,F. Auger-Aliassime,1.0,1.0,100.0,1.0,1.0,100.0,0.0,0.0,0.0,0.0,0.0,0.0,0.0,0.0,0.0,2382.0,0.0,05.05.2003,23.0,257.0,107.0,132.0,21.0,21.0,64.70588235294117,66.66666666666666,62.5,0.0,553.0,215.17509727626458
C. Alcaraz,G. Barrere,1.0,1.0,100.0,1.0,1.0,100.0,0.0,0.0,0.0,0.0,0.0,0.0,0.0,0.0,0.0,2382.0,0.0,05.05.2003,23.0,257.0,107.0,132.0,21.0,21.0,64.70588235294117,66.66666666666666,62.5,0.0,553.0,215.17509727626458
C. Alcaraz,J-L. Struff,1.0,1.0,100.0,0.0,0.0,0.0,1.0,1.0,100.0,0.0,0.0,0.0,0.0,0.0,0.0,2382.0,0.0,05.05.2003,23.0,257.0,107.0,132.0,21.0,21.0,64.70588235294117,66.66666666666666,62.5,0.0,553.0,215.17509727626458
C. Alcaraz,M. Arnaldi,1.0,1.0,100.0,1.0,1.0,100.0,0.0,0.0,0.0,0.0,0.0,0.0,0.0,0.0,0.0,2382.0,0.0,05.05.2003,23.0,257.0,107.0,132.0,21.0,21.0,64.70588235294117,66.66666666666666,62.5,0.0,553.0,215.17509727626458
C. Alcaraz,D. Medvedev,3.0,2.0,66.66666666666666,3.0,2.0,66.66666666666666,0.0,0.0,0.0,0.0,0.0,0.0,0.0,0.0,0.0,2382.0,0.0,05.05.2003,23.0,257.0,107.0,132.0,21.0,21.0,64.70588235294117,66.66666666666666,62.5,0.0,553.0,215.17509727626458
C. Alcaraz,N. Djokovic,2.0,1.0,50.0,0.0,0.0,0.0,1.0,0.0,0.0,1.0,1.0,100.0,0.0,0.0,0.0,2382.0,0.0,05.05.2003,23.0,257.0,107.0,132.0,21.0,21.0,64.70588235294117,66.66666666666666,62.5,0.0,553.0,215.17509727626458
C. Alcaraz,A. Zverev,3.0,1.0,33.33333333333333,3.0,1.0,33.33333333333333,0.0,0.0,0.0,0.0,0.0,0.0,0.0,0.0,0.0,2382.0,0.0,05.05.2003,23.0,257.0,107.0,132.0,21.0,21.0,64.70588235294117,66.66666666666666,62.5,0.0,553.0,215.17509727626458
C. Alcaraz,G. Dimitrov,2.0,0.0,0.0,2.0,0.0,0.0,0.0,0.0,0.0,0.0,0.0,0.0,0.0,0.0,0.0,2382.0,0.0,05.05.2003,23.0,257.0,107.0,132.0,21.0,21.0,64.70588235294117,66.66666666666666,62.5,0.0,553.0,215.17509727626458
J. Isner,A. Bolt,1.0,1.0,100.0,0.0,0.0,0.0,0.0,0.0,0.0,1.0,1.0,100.0,0.0,0.0,0.0,2383.0,10.0,26.04.1985,25.0,664.0,482.0,120.0,62.0,39.0,61.53846153846154,66.66666666666666,66.66666666666666,0.0,180.0,27.10843373493976
E. Makarova,K. Baindl,1.0,1.0,100.0,1.0,1.0,100.0,0.0,0.0,0.0,0.0,0.0,0.0,0.0,0.0,0.0,524.0,172.0,15.02.1996,10.0,207.0,68.0,139.0,0.0,28.0,28.57142857142857,0.0,33.33333333333333,0.0,0.0,0.0
E. Makarova,S. Bandecchi,1.0,1.0,100.0,1.0,1.0,100.0,0.0,0.0,0.0,0.0,0.0,0.0,0.0,0.0,0.0,524.0,172.0,15.02.1996,10.0,207.0,68.0,139.0,0.0,28.0,28.57142857142857,0.0,33.33333333333333,0.0,0.0,0.0
E. Makarova,T. Babos,1.0,0.0,0.0,1.0,0.0,0.0,0.0,0.0,0.0,0.0,0.0,0.0,0.0,0.0,0.0,524.0,172.0,15.02.1996,10.0,207.0,68.0,139.0,0.0,28.0,28.57142857142857,0.0,33.33333333333333,0.0,0.0,0.0
A. Sasnovich,L. Pigossi,1.0,0.0,0.0,1.0,0.0,0.0,0.0,0.0,0.0,0.0,0.0,0.0,0.0,0.0,0.0,527.0,30.0,22.03.1994,6.0,382.0,253.0,100.0,25.0,30.0,75.51020408163265,77.08333333333334,0.0,0.0,0.0,0.0
A. Sasnovich,B. Haddad Maia,1.0,0.0,0.0,1.0,0.0,0.0,0.0,0.0,0.0,0.0,0.0,0.0,0.0,0.0,0.0,527.0,30.0,22.03.1994,6.0,382.0,253.0,100.0,25.0,30.0,75.51020408163265,77.08333333333334,0.0,0.0,0.0,0.0
A. Sasnovich,E. Alexandrova,1.0,0.0,0.0,0.0,0.0,0.0,0.0,0.0,0.0,1.0,0.0,0.0,0.0,0.0,0.0,527.0,30.0,22.03.1994,6.0,382.0,253.0,100.0,25.0,30.0,75.51020408163265,77.08333333333334,0.0,0.0,0.0,0.0
L. Musetti,L. Nardi,1.0,1.0,100.0,0.0,0.0,0.0,1.0,1.0,100.0,0.0,0.0,0.0,0.0,0.0,0.0,2849.0,0.0,01.01.1970,30.0,245.0,124.0,132.0,36.0,54.0,66.66666666666666,72.72727272727273,0.0,0.0,0.0,0.0
L. Musetti,N. Djokovic,1.0,1.0,100.0,0.0,0.0,0.0,1.0,1.0,100.0,0.0,0.0,0.0,0.0,0.0,0.0,2849.0,0.0,01.01.1970,30.0,245.0,124.0,132.0,36.0,54.0,66.66666666666666,72.72727272727273,0.0,0.0,0.0,0.0
L. Musetti,B. Shelton,1.0,1.0,100.0,1.0,1.0,100.0,0.0,0.0,0.0,0.0,0.0,0.0,0.0,0.0,0.0,2849.0,0.0,01.01.1970,30.0,245.0,124.0,132.0,36.0,54.0,66.66666666666666,72.72727272727273,0.0,0.0,0.0,0.0
L. Musetti,T. Atmane,1.0,0.0,0.0,0.0,0.0,0.0,1.0,0.0,0.0,0.0,0.0,0.0,0.0,0.0,0.0,2849.0,0.0,01.01.1970,30.0,245.0,124.0,132.0,36.0,54.0,66.66666666666666,72.72727272727273,0.0,0.0,0.0,0.0
L. Musetti,M. Kecmanovic,1.0,0.0,0.0,0.0,0.0,0.0,0.0,0.0,0.0,0.0,0.0,0.0,1.0,0.0,0.0,2849.0,0.0,01.01.1970,30.0,245.0,124.0,132.0,36.0,54.0,66.66666666666666,72.72727272727273,0.0,0.0,0.0,0.0
L. Musetti,S. Tsitsipas,1.0,0.0,0.0,0.0,0.0,0.0,1.0,0.0,0.0,0.0,0.0,0.0,0.0,0.0,0.0,2849.0,0.0,01.01.1970,30.0,245.0,124.0,132.0,36.0,54.0,66.66666666666666,72.72727272727273,0.0,0.0,0.0,0.0
G. Dimitrov,C. Alcaraz,2.0,2.0,100.0,2.0,2.0,100.0,0.0,0.0,0.0,0.0,0.0,0.0,0.0,0.0,0.0,2384.0,3.0,16.05.1991,13.0,568.0,384.0,131.0,53.0,33.0,50.0,0.0,50.0,50.0,29.0,5.105633802816902
G. Dimitrov,K. Khachanov,1.0,1.0,100.0,1.0,1.0,100.0,0.0,0.0,0.0,0.0,0.0,0.0,0.0,0.0,0.0,2384.0,3.0,16.05.1991,13.0,568.0,384.0,131.0,53.0,33.0,50.0,0.0,50.0,50.0,29.0,5.105633802816902
G. Dimitrov,A. De Minaur,1.0,1.0,100.0,1.0,1.0,100.0,0.0,0.0,0.0,0.0,0.0,0.0,0.0,0.0,0.0,2384.0,3.0,16.05.1991,13.0,568.0,384.0,131.0,53.0,33.0,50.0,0.0,50.0,50.0,29.0,5.105633802816902
G. Dimitrov,S. Tsitsipas,1.0,1.0,100.0,1.0,1.0,100.0,0.0,0.0,0.0,0.0,0.0,0.0,0.0,0.0,0.0,2384.0,3.0,16.05.1991,13.0,568.0,384.0,131.0,53.0,33.0,50.0,0.0,50.0,50.0,29.0,5.105633802816902
G. Dimitrov,T. Atmane,1.0,1.0,100.0,0.0,0.0,0.0,1.0,1.0,100.0,0.0,0.0,0.0,0.0,0.0,0.0,2384.0,3.0,16.05.1991,13.0,568.0,384.0,131.0,53.0,33.0,50.0,0.0,50.0,50.0,29.0,5.105633802816902
G. Dimitrov,A. Zverev,2.0,1.0,50.0,1.0,1.0,100.0,1.0,0.0,0.0,0.0,0.0,0.0,0.0,0.0,0.0,2384.0,3.0,16.05.1991,13.0,568.0,384.0,131.0,53.0,33.0,50.0,0.0,50.0,50.0,29.0,5.105633802816902
G. Dimitrov,H. Rune,2.0,1.0,50.0,1.0,1.0,100.0,0.0,0.0,0.0,1.0,0.0,0.0,0.0,0.0,0.0,2384.0,3.0,16.05.1991,13.0,568.0,384.0,131.0,53.0,33.0,50.0,0.0,50.0,50.0,29.0,5.105633802816902
G. Dimitrov,T. Fritz,2.0,1.0,50.0,0.0,0.0,0.0,2.0,1.0,50.0,0.0,0.0,0.0,0.0,0.0,0.0,2384.0,3.0,16.05.1991,13.0,568.0,384.0,131.0,53.0,33.0,50.0,0.0,50.0,50.0,29.0,5.105633802816902
G. Dimitrov,J. Sinner,1.0,0.0,0.0,1.0,0.0,0.0,0.0,0.0,0.0,0.0,0.0,0.0,0.0,0.0,0.0,2384.0,3.0,16.05.1991,13.0,568.0,384.0,131.0,53.0,33.0,50.0,0.0,50.0,50.0,29.0,5.105633802816902
G. Dimitrov,D. Medvedev,1.0,0.0,0.0,1.0,0.0,0.0,0.0,0.0,0.0,0.0,0.0,0.0,0.0,0.0,0.0,2384.0,3.0,16.05.1991,13.0,568.0,384.0,131.0,53.0,33.0,50.0,0.0,50.0,50.0,29.0,5.105633802816902
G. Dimitrov,N. Jarry,1.0,0.0,0.0,0.0,0.0,0.0,1.0,0.0,0.0,0.0,0.0,0.0,0.0,0.0,0.0,2384.0,3.0,16.05.1991,13.0,568.0,384.0,131.0,53.0,33.0,50.0,0.0,50.0,50.0,29.0,5.105633802816902
L. Tsurenko,B. Pera,1.0,1.0,100.0,0.0,0.0,0.0,1.0,1.0,100.0,0.0,0.0,0.0,0.0,0.0,0.0,473.0,27.0,30.05.1989,6.0,387.0,257.0,84.0,44.0,35.0,40.0,50.0,0.0,0.0,0.0,0.0
L. Tsurenko,O. Jabeur,1.0,1.0,100.0,1.0,1.0,100.0,0.0,0.0,0.0,0.0,0.0,0.0,0.0,0.0,0.0,473.0,27.0,30.05.1989,6.0,387.0,257.0,84.0,44.0,35.0,40.0,50.0,0.0,0.0,0.0,0.0
V. Kudermetova,J. Pegula,1.0,1.0,100.0,0.0,0.0,0.0,1.0,1.0,100.0,0.0,0.0,0.0,0.0,0.0,0.0,2810.0,0.0,24.04.1997,18.0,413.0,263.0,110.0,43.0,27.0,0.0,0.0,0.0,0.0,0.0,0.0
V. Kudermetova,D. Yastremska,1.0,1.0,100.0,1.0,1.0,100.0,0.0,0.0,0.0,0.0,0.0,0.0,0.0,0.0,0.0,2810.0,0.0,24.04.1997,18.0,413.0,263.0,110.0,43.0,27.0,0.0,0.0,0.0,0.0,0.0,0.0
V. Kudermetova,A. Krueger,1.0,1.0,100.0,1.0,1.0,100.0,0.0,0.0,0.0,0.0,0.0,0.0,0.0,0.0,0.0,2810.0,0.0,24.04.1997,18.0,413.0,263.0,110.0,43.0,27.0,0.0,0.0,0.0,0.0,0.0,0.0
V. Kudermetova,C. Gauff,1.0,1.0,100.0,1.0,1.0,100.0,0.0,0.0,0.0,0.0,0.0,0.0,0.0,0.0,0.0,2810.0,0.0,24.04.1997,18.0,413.0,263.0,110.0,43.0,27.0,0.0,0.0,0.0,0.0,0.0,0.0
V. Kudermetova,A. Kalinina,1.0,0.0,0.0,0.0,0.0,0.0,1.0,0.0,0.0,0.0,0.0,0.0,0.0,0.0,0.0,2810.0,0.0,24.04.1997,18.0,413.0,263.0,110.0,43.0,27.0,0.0,0.0,0.0,0.0,0.0,0.0
V. Kudermetova,I. Swiatek,1.0,0.0,0.0,0.0,0.0,0.0,1.0,0.0,0.0,0.0,0.0,0.0,0.0,0.0,0.0,2810.0,0.0,24.04.1997,18.0,413.0,263.0,110.0,43.0,27.0,0.0,0.0,0.0,0.0,0.0,0.0
V. Kudermetova,E. Rybakina,1.0,0.0,0.0,0.0,0.0,0.0,1.0,0.0,0.0,0.0,0.0,0.0,0.0,0.0,0.0,2810.0,0.0,24.04.1997,18.0,413.0,263.0,110.0,43.0,27.0,0.0,0.0,0.0,0.0,0.0,0.0
V. Kudermetova,M. Sakkari,1.0,0.0,0.0,0.0,0.0,0.0,1.0,0.0,0.0,0.0,0.0,0.0,0.0,0.0,0.0,2810.0,0.0,24.04.1997,18.0,413.0,263.0,110.0,43.0,27.0,0.0,0.0,0.0,0.0,0.0,0.0
V. Kudermetova,M. Bouzkova,1.0,0.0,0.0,0.0,0.0,0.0,1.0,0.0,0.0,0.0,0.0,0.0,0.0,0.0,0.0,2810.0,0.0,24.04.1997,18.0,413.0,263.0,110.0,43.0,27.0,0.0,0.0,0.0,0.0,0.0,0.0
V. Kudermetova,K. Volynets,1.0,0.0,0.0,1.0,0.0,0.0,0.0,0.0,0.0,0.0,0.0,0.0,0.0,0.0,0.0,2810.0,0.0,24.04.1997,18.0,413.0,263.0,110.0,43.0,27.0,0.0,0.0,0.0,0.0,0.0,0.0
V. Kudermetova,S. Cirstea,1.0,0.0,0.0,1.0,0.0,0.0,0.0,0.0,0.0,0.0,0.0,0.0,0.0,0.0,0.0,2810.0,0.0,24.04.1997,18.0,413.0,263.0,110.0,43.0,27.0,0.0,0.0,0.0,0.0,0.0,0.0
A. Anisimova,A. Pavlyuchenkova,1.0,1.0,100.0,1.0,1.0,100.0,0.0,0.0,0.0,0.0,0.0,0.0,0.0,0.0,0.0,2074.0,23.0,31.08.2001,4.0,158.0,90.0,53.0,15.0,22.0,65.95744680851064,57.89473684210527,71.42857142857143,0.0,0.0,0.0
A. Anisimova,A. Sabalenka,1.0,0.0,0.0,1.0,0.0,0.0,0.0,0.0,0.0,0.0,0.0,0.0,0.0,0.0,0.0,2074.0,23.0,31.08.2001,4.0,158.0,90.0,53.0,15.0,22.0,65.95744680851064,57.89473684210527,71.42857142857143,0.0,0.0,0.0
G. Hussey,J. Choinski,1.0,0.0,0.0,0.0,0.0,0.0,0.0,0.0,0.0,1.0,0.0,0.0,0.0,0.0,0.0,627.0,248.0,26.05.1997,15.0,200.0,190.0,7.0,3.0,27.0,16.666666666666664,0.0,0.0,25.0,0.0,0.0
S. Zhang,R. Peterson,1.0,0.0,0.0,1.0,0.0,0.0,0.0,0.0,0.0,0.0,0.0,0.0,0.0,0.0,0.0,1825.0,8.0,21.01.1989,27.0,643.0,442.0,123.0,77.0,35.0,0.0,0.0,0.0,0.0,115.0,17.884914463452567
S. Zhang,P. Kvitova,1.0,0.0,0.0,1.0,0.0,0.0,0.0,0.0,0.0,0.0,0.0,0.0,0.0,0.0,0.0,1825.0,8.0,21.01.1989,27.0,643.0,442.0,123.0,77.0,35.0,0.0,0.0,0.0,0.0,115.0,17.884914463452567
X. Jiang,R. Bhosale,1.0,1.0,100.0,0.0,0.0,0.0,0.0,0.0,0.0,0.0,0.0,0.0,1.0,1.0,100.0,9105.0,88.0,03.03.1999,6.0,71.0,57.0,8.0,0.0,25.0,35.294117647058826,38.46153846153847,25.0,0.0,0.0,0.0
A. Moro Canas,J. Fonseca,1.0,1.0,100.0,0.0,0.0,0.0,0.0,0.0,0.0,1.0,1.0,100.0,0.0,0.0,0.0,1331.0,190.0,07.12.2000,4.0,132.0,71.0,61.0,0.0,23.0,50.0,50.0,50.0,50.0,0.0,0.0
A. Moro Canas,M. Bellucci,1.0,0.0,0.0,0.0,0.0,0.0,1.0,0.0,0.0,0.0,0.0,0.0,0.0,0.0,0.0,1331.0,190.0,07.12.2000,4.0,132.0,71.0,61.0,0.0,23.0,50.0,50.0,50.0,50.0,0.0,0.0
I. Swiatek,Y. Putintseva,1.0,1.0,100.0,1.0,1.0,100.0,0.0,0.0,0.0,0.0,0.0,0.0,0.0,0.0,0.0,1910.0,1.0,31.05.2001,25.0,350.0,190.0,129.0,25.0,23.0,0.0,0.0,0.0,0.0,0.0,0.0
I. Swiatek,C. Giorgi,1.0,1.0,100.0,1.0,1.0,100.0,0.0,0.0,0.0,0.0,0.0,0.0,0.0,0.0,0.0,1910.0,1.0,31.05.2001,25.0,350.0,190.0,129.0,25.0,23.0,0.0,0.0,0.0,0.0,0.0,0.0
I. Swiatek,K. Muchova,1.0,1.0,100.0,0.0,0.0,0.0,1.0,1.0,100.0,0.0,0.0,0.0,0.0,0.0,0.0,1910.0,1.0,31.05.2001,25.0,350.0,190.0,129.0,25.0,23.0,0.0,0.0,0.0,0.0,0.0,0.0
I. Swiatek,V. Azarenka,1.0,1.0,100.0,1.0,1.0,100.0,0.0,0.0,0.0,0.0,0.0,0.0,0.0,0.0,0.0,1910.0,1.0,31.05.2001,25.0,350.0,190.0,129.0,25.0,23.0,0.0,0.0,0.0,0.0,0.0,0.0
I. Swiatek,C. Garcia,1.0,1.0,100.0,1.0,1.0,100.0,0.0,0.0,0.0,0.0,0.0,0.0,0.0,0.0,0.0,1910.0,1.0,31.05.2001,25.0,350.0,190.0,129.0,25.0,23.0,0.0,0.0,0.0,0.0,0.0,0.0
I. Swiatek,M. Sakkari,1.0,1.0,100.0,1.0,1.0,100.0,0.0,0.0,0.0,0.0,0.0,0.0,0.0,0.0,0.0,1910.0,1.0,31.05.2001,25.0,350.0,190.0,129.0,25.0,23.0,0.0,0.0,0.0,0.0,0.0,0.0
I. Swiatek,M. Vondrousova,2.0,2.0,100.0,1.0,1.0,100.0,1.0,1.0,100.0,0.0,0.0,0.0,0.0,0.0,0.0,1910.0,1.0,31.05.2001,25.0,350.0,190.0,129.0,25.0,23.0,0.0,0.0,0.0,0.0,0.0,0.0
I. Swiatek,M. Keys,1.0,1.0,100.0,0.0,0.0,0.0,1.0,1.0,100.0,0.0,0.0,0.0,0.0,0.0,0.0,1910.0,1.0,31.05.2001,25.0,350.0,190.0,129.0,25.0,23.0,0.0,0.0,0.0,0.0,0.0,0.0
I. Swiatek,O. Jabeur,1.0,1.0,100.0,1.0,1.0,100.0,0.0,0.0,0.0,0.0,0.0,0.0,0.0,0.0,0.0,1910.0,1.0,31.05.2001,25.0,350.0,190.0,129.0,25.0,23.0,0.0,0.0,0.0,0.0,0.0,0.0
I. Swiatek,V. Kudermetova,1.0,1.0,100.0,0.0,0.0,0.0,1.0,1.0,100.0,0.0,0.0,0.0,0.0,0.0,0.0,1910.0,1.0,31.05.2001,25.0,350.0,190.0,129.0,25.0,23.0,0.0,0.0,0.0,0.0,0.0,0.0
I. Swiatek,A. Sabalenka,3.0,2.0,66.66666666666666,0.0,0.0,0.0,3.0,2.0,66.66666666666666,0.0,0.0,0.0,0.0,0.0,0.0,1910.0,1.0,31.05.2001,25.0,350.0,190.0,129.0,25.0,23.0,0.0,0.0,0.0,0.0,0.0,0.0
I. Swiatek,J. Pegula,3.0,2.0,66.66666666666666,3.0,2.0,66.66666666666666,0.0,0.0,0.0,0.0,0.0,0.0,0.0,0.0,0.0,1910.0,1.0,31.05.2001,25.0,350.0,190.0,129.0,25.0,23.0,0.0,0.0,0.0,0.0,0.0,0.0
I. Swiatek,L. Noskova,1.0,0.0,0.0,1.0,0.0,0.0,0.0,0.0,0.0,0.0,0.0,0.0,0.0,0.0,0.0,1910.0,1.0,31.05.2001,25.0,350.0,190.0,129.0,25.0,23.0,0.0,0.0,0.0,0.0,0.0,0.0
I. Swiatek,E. Rybakina,3.0,0.0,0.0,2.0,0.0,0.0,1.0,0.0,0.0,0.0,0.0,0.0,0.0,0.0,0.0,1910.0,1.0,31.05.2001,25.0,350.0,190.0,129.0,25.0,23.0,0.0,0.0,0.0,0.0,0.0,0.0
F. Meligeni Alves,H. Gaston,1.0,1.0,100.0,0.0,0.0,0.0,1.0,1.0,100.0,0.0,0.0,0.0,0.0,0.0,0.0,357.0,83.0,19.02.1998,14.0,291.0,26.0,257.0,3.0,26.0,40.0,0.0,44.44444444444444,0.0,73.0,25.085910652920962
F. Meligeni Alves,G. Barrere,1.0,0.0,0.0,0.0,0.0,0.0,1.0,0.0,0.0,0.0,0.0,0.0,0.0,0.0,0.0,357.0,83.0,19.02.1998,14.0,291.0,26.0,257.0,3.0,26.0,40.0,0.0,44.44444444444444,0.0,73.0,25.085910652920962
M. Marterer,H. Grenier,1.0,0.0,0.0,1.0,0.0,0.0,0.0,0.0,0.0,0.0,0.0,0.0,0.0,0.0,0.0,1070.0,74.0,15.06.1995,16.0,363.0,188.0,161.0,13.0,29.0,30.76923076923077,30.76923076923077,0.0,0.0,0.0,0.0
M. Marterer,F. Cobolli,1.0,0.0,0.0,0.0,0.0,0.0,1.0,0.0,0.0,0.0,0.0,0.0,0.0,0.0,0.0,1070.0,74.0,15.06.1995,16.0,363.0,188.0,161.0,13.0,29.0,30.76923076923077,30.76923076923077,0.0,0.0,0.0,0.0
B. Bonzi,A. Vatutin,1.0,1.0,100.0,0.0,0.0,0.0,1.0,1.0,100.0,0.0,0.0,0.0,0.0,0.0,0.0,1771.0,0.0,09.06.1996,18.0,291.0,185.0,85.0,26.0,28.0,50.0,0.0,57.14285714285714,0.0,227.0,78.00687285223368
C. Ruud,B. Coric,1.0,1.0,100.0,0.0,0.0,0.0,0.0,0.0,0.0,0.0,0.0,0.0,1.0,1.0,100.0,430.0,0.0,22.12.1998,15.0,365.0,147.0,201.0,14.0,25.0,63.013698630136986,33.33333333333333,65.67164179104478,0.0,0.0,0.0
C. Ruud,L. Klein,1.0,1.0,100.0,1.0,1.0,100.0,0.0,0.0,0.0,0.0,0.0,0.0,0.0,0.0,0.0,430.0,0.0,22.12.1998,15.0,365.0,147.0,201.0,14.0,25.0,63.013698630136986,33.33333333333333,65.67164179104478,0.0,0.0,0.0
C. Ruud,M. Fucsovics,1.0,1.0,100.0,0.0,0.0,0.0,1.0,1.0,100.0,0.0,0.0,0.0,0.0,0.0,0.0,430.0,0.0,22.12.1998,15.0,365.0,147.0,201.0,14.0,25.0,63.013698630136986,33.33333333333333,65.67164179104478,0.0,0.0,0.0
C. Ruud,S. Baez,2.0,2.0,100.0,0.0,0.0,0.0,2.0,2.0,100.0,0.0,0.0,0.0,0.0,0.0,0.0,430.0,0.0,22.12.1998,15.0,365.0,147.0,201.0,14.0,25.0,63.013698630136986,33.33333333333333,65.67164179104478,0.0,0.0,0.0
C. Ruud,T. Griekspoor,1.0,1.0,100.0,0.0,0.0,0.0,0.0,0.0,0.0,0.0,0.0,0.0,1.0,1.0,100.0,430.0,0.0,22.12.1998,15.0,365.0,147.0,201.0,14.0,25.0,63.013698630136986,33.33333333333333,65.67164179104478,0.0,0.0,0.0
C. Ruud,D. Stricker,1.0,0.0,0.0,1.0,0.0,0.0,0.0,0.0,0.0,0.0,0.0,0.0,0.0,0.0,0.0,430.0,0.0,22.12.1998,15.0,365.0,147.0,201.0,14.0,25.0,63.013698630136986,33.33333333333333,65.67164179104478,0.0,0.0,0.0
C. Ruud,A. Rublev,1.0,0.0,0.0,0.0,0.0,0.0,1.0,0.0,0.0,0.0,0.0,0.0,0.0,0.0,0.0,430.0,0.0,22.12.1998,15.0,365.0,147.0,201.0,14.0,25.0,63.013698630136986,33.33333333333333,65.67164179104478,0.0,0.0,0.0
C. Ruud,F. Marozsan,1.0,0.0,0.0,1.0,0.0,0.0,0.0,0.0,0.0,0.0,0.0,0.0,0.0,0.0,0.0,430.0,0.0,22.12.1998,15.0,365.0,147.0,201.0,14.0,25.0,63.013698630136986,33.33333333333333,65.67164179104478,0.0,0.0,0.0
C. Ruud,F. Auger-Aliassime,1.0,0.0,0.0,0.0,0.0,0.0,1.0,0.0,0.0,0.0,0.0,0.0,0.0,0.0,0.0,430.0,0.0,22.12.1998,15.0,365.0,147.0,201.0,14.0,25.0,63.013698630136986,33.33333333333333,65.67164179104478,0.0,0.0,0.0
P. Udvardy,E. Lys,1.0,0.0,0.0,0.0,0.0,0.0,1.0,0.0,0.0,0.0,0.0,0.0,0.0,0.0,0.0,1141.0,70.0,28.09.1998,14.0,213.0,32.0,170.0,3.0,25.0,50.0,50.0,50.0,50.0,0.0,0.0
F. Marozsan,F. Cerundolo,1.0,1.0,100.0,1.0,1.0,100.0,0.0,0.0,0.0,0.0,0.0,0.0,0.0,0.0,0.0,10148.0,0.0,08.10.1999,11.0,206.0,68.0,135.0,5.0,24.0,54.385964912280706,56.75675675675676,50.0,50.0,0.0,0.0
F. Marozsan,C. Ruud,1.0,1.0,100.0,1.0,1.0,100.0,0.0,0.0,0.0,0.0,0.0,0.0,0.0,0.0,0.0,10148.0,0.0,08.10.1999,11.0,206.0,68.0,135.0,5.0,24.0,54.385964912280706,56.75675675675676,50.0,50.0,0.0,0.0
F. Marozsan,A. Popyrin,1.0,1.0,100.0,1.0,1.0,100.0,0.0,0.0,0.0,0.0,0.0,0.0,0.0,0.0,0.0,10148.0,0.0,08.10.1999,11.0,206.0,68.0,135.0,5.0,24.0,54.385964912280706,56.75675675675676,50.0,50.0,0.0,0.0
F. Marozsan,C. Alcaraz,1.0,0.0,0.0,1.0,0.0,0.0,0.0,0.0,0.0,0.0,0.0,0.0,0.0,0.0,0.0,10148.0,0.0,08.10.1999,11.0,206.0,68.0,135.0,5.0,24.0,54.385964912280706,56.75675675675676,50.0,50.0,0.0,0.0
F. Marozsan,H. Hurkacz,1.0,0.0,0.0,1.0,0.0,0.0,0.0,0.0,0.0,0.0,0.0,0.0,0.0,0.0,0.0,10148.0,0.0,08.10.1999,11.0,206.0,68.0,135.0,5.0,24.0,54.385964912280706,56.75675675675676,50.0,50.0,0.0,0.0
L. Darderi,Y. Hanfmann,1.0,1.0,100.0,0.0,0.0,0.0,1.0,1.0,100.0,0.0,0.0,0.0,0.0,0.0,0.0,8781.0,40.0,14.02.2002,11.0,253.0,36.0,213.0,4.0,22.0,30.0,37.5,0.0,0.0,0.0,0.0
L. Darderi,M. Navone,1.0,0.0,0.0,0.0,0.0,0.0,1.0,0.0,0.0,0.0,0.0,0.0,0.0,0.0,0.0,8781.0,40.0,14.02.2002,11.0,253.0,36.0,213.0,4.0,22.0,30.0,37.5,0.0,0.0,0.0,0.0
N. Podoroska,C. Tauson,1.0,0.0,0.0,1.0,0.0,0.0,0.0,0.0,0.0,0.0,0.0,0.0,0.0,0.0,0.0,2805.0,47.0,10.02.1997,6.0,242.0,101.0,131.0,6.0,27.0,36.36363636363637,41.66666666666667,25.0,50.0,0.0,0.0
N. Podoroska,S. Sorribes Tormo,1.0,0.0,0.0,0.0,0.0,0.0,1.0,0.0,0.0,0.0,0.0,0.0,0.0,0.0,0.0,2805.0,47.0,10.02.1997,6.0,242.0,101.0,131.0,6.0,27.0,36.36363636363637,41.66666666666667,25.0,50.0,0.0,0.0
N. Podoroska,Y. Yuan,1.0,0.0,0.0,1.0,0.0,0.0,0.0,0.0,0.0,0.0,0.0,0.0,0.0,0.0,0.0,2805.0,47.0,10.02.1997,6.0,242.0,101.0,131.0,6.0,27.0,36.36363636363637,41.66666666666667,25.0,50.0,0.0,0.0
P. Martic,C. Bucsa,1.0,1.0,100.0,1.0,1.0,100.0,0.0,0.0,0.0,0.0,0.0,0.0,0.0,0.0,0.0,2173.0,15.0,19.01.1991,5.0,426.0,242.0,131.0,48.0,33.0,0.0,0.0,0.0,0.0,98.0,23.004694835680752
P. Martic,L. Siegemund,1.0,1.0,100.0,0.0,0.0,0.0,1.0,1.0,100.0,0.0,0.0,0.0,0.0,0.0,0.0,2173.0,15.0,19.01.1991,5.0,426.0,242.0,131.0,48.0,33.0,0.0,0.0,0.0,0.0,98.0,23.004694835680752
P. Martic,C. Gauff,1.0,0.0,0.0,1.0,0.0,0.0,0.0,0.0,0.0,0.0,0.0,0.0,0.0,0.0,0.0,2173.0,15.0,19.01.1991,5.0,426.0,242.0,131.0,48.0,33.0,0.0,0.0,0.0,0.0,98.0,23.004694835680752
P. Martic,A. Sabalenka,1.0,0.0,0.0,1.0,0.0,0.0,0.0,0.0,0.0,0.0,0.0,0.0,0.0,0.0,0.0,2173.0,15.0,19.01.1991,5.0,426.0,242.0,131.0,48.0,33.0,0.0,0.0,0.0,0.0,98.0,23.004694835680752
C. Lestienne,D. Kudla,1.0,1.0,100.0,1.0,1.0,100.0,0.0,0.0,0.0,0.0,0.0,0.0,0.0,0.0,0.0,1755.0,65.0,23.05.1992,9.0,275.0,190.0,75.0,10.0,32.0,100.0,0.0,100.0,0.0,0.0,0.0
C. Lestienne,F. Cobolli,1.0,0.0,0.0,1.0,0.0,0.0,0.0,0.0,0.0,0.0,0.0,0.0,0.0,0.0,0.0,1755.0,65.0,23.05.1992,9.0,275.0,190.0,75.0,10.0,32.0,100.0,0.0,100.0,0.0,0.0,0.0
R. Te,E. Escobedo,1.0,1.0,100.0,0.0,0.0,0.0,0.0,0.0,0.0,0.0,0.0,0.0,1.0,1.0,100.0,663.0,386.0,09.10.1997,5.0,119.0,83.0,34.0,0.0,26.0,25.0,25.0,0.0,0.0,0.0,0.0
D. Lajovic,M. Cressy,1.0,1.0,100.0,1.0,1.0,100.0,0.0,0.0,0.0,0.0,0.0,0.0,0.0,0.0,0.0,2675.0,26.0,30.06.1990,11.0,457.0,176.0,270.0,8.0,33.0,50.0,50.0,50.0,0.0,0.0,0.0
D. Schwartzman,N. Borges,1.0,1.0,100.0,0.0,0.0,0.0,1.0,1.0,100.0,0.0,0.0,0.0,0.0,0.0,0.0,67.0,9.0,16.08.1992,24.0,588.0,160.0,415.0,12.0,31.0,50.0,0.0,50.0,0.0,0.0,0.0
D. Schwartzman,J. Brooksby,1.0,0.0,0.0,1.0,0.0,0.0,0.0,0.0,0.0,0.0,0.0,0.0,0.0,0.0,0.0,67.0,9.0,16.08.1992,24.0,588.0,160.0,415.0,12.0,31.0,50.0,0.0,50.0,0.0,0.0,0.0
D. Schwartzman,J. M. Cerundolo,1.0,0.0,0.0,0.0,0.0,0.0,1.0,0.0,0.0,0.0,0.0,0.0,0.0,0.0,0.0,67.0,9.0,16.08.1992,24.0,588.0,160.0,415.0,12.0,31.0,50.0,0.0,50.0,0.0,0.0,0.0
D. Schwartzman,M. McDonald,1.0,0.0,0.0,1.0,0.0,0.0,0.0,0.0,0.0,0.0,0.0,0.0,0.0,0.0,0.0,67.0,9.0,16.08.1992,24.0,588.0,160.0,415.0,12.0,31.0,50.0,0.0,50.0,0.0,0.0,0.0
D. Schwartzman,M. Arnaldi,1.0,0.0,0.0,0.0,0.0,0.0,1.0,0.0,0.0,0.0,0.0,0.0,0.0,0.0,0.0,67.0,9.0,16.08.1992,24.0,588.0,160.0,415.0,12.0,31.0,50.0,0.0,50.0,0.0,0.0,0.0
F. Comesana,Y. Shimizu,1.0,1.0,100.0,1.0,1.0,100.0,0.0,0.0,0.0,0.0,0.0,0.0,0.0,0.0,0.0,2084.0,120.0,06.10.2000,12.0,204.0,20.0,184.0,0.0,23.0,40.0,50.0,0.0,0.0,0.0,0.0
F. Comesana,F. Gaio,1.0,1.0,100.0,1.0,1.0,100.0,0.0,0.0,0.0,0.0,0.0,0.0,0.0,0.0,0.0,2084.0,120.0,06.10.2000,12.0,204.0,20.0,184.0,0.0,23.0,40.0,50.0,0.0,0.0,0.0,0.0
F. Comesana,R. A. Burruchaga,1.0,0.0,0.0,0.0,0.0,0.0,1.0,0.0,0.0,0.0,0.0,0.0,0.0,0.0,0.0,2084.0,120.0,06.10.2000,12.0,204.0,20.0,184.0,0.0,23.0,40.0,50.0,0.0,0.0,0.0,0.0
F. Comesana,F. Agamenone,1.0,0.0,0.0,1.0,0.0,0.0,0.0,0.0,0.0,0.0,0.0,0.0,0.0,0.0,0.0,2084.0,120.0,06.10.2000,12.0,204.0,20.0,184.0,0.0,23.0,40.0,50.0,0.0,0.0,0.0,0.0
F. Comesana,T. Daniel,1.0,0.0,0.0,1.0,0.0,0.0,0.0,0.0,0.0,0.0,0.0,0.0,0.0,0.0,0.0,2084.0,120.0,06.10.2000,12.0,204.0,20.0,184.0,0.0,23.0,40.0,50.0,0.0,0.0,0.0,0.0
Ka. Pliskova,S. Stephens,1.0,0.0,0.0,1.0,0.0,0.0,0.0,0.0,0.0,0.0,0.0,0.0,0.0,0.0,0.0,517.0,2.0,21.03.1992,26.0,644.0,451.0,119.0,73.0,32.0,25.0,25.0,0.0,0.0,0.0,0.0
Ka. Pliskova,M. Linette,1.0,0.0,0.0,1.0,0.0,0.0,0.0,0.0,0.0,0.0,0.0,0.0,0.0,0.0,0.0,517.0,2.0,21.03.1992,26.0,644.0,451.0,119.0,73.0,32.0,25.0,25.0,0.0,0.0,0.0,0.0
M. Valkusz,H. Rocha,1.0,0.0,0.0,0.0,0.0,0.0,1.0,0.0,0.0,0.0,0.0,0.0,0.0,0.0,0.0,563.0,216.0,13.08.1998,7.0,131.0,24.0,101.0,3.0,25.0,37.5,37.5,0.0,0.0,0.0,0.0
P. Kvitova,E. Rybakina,1.0,1.0,100.0,1.0,1.0,100.0,0.0,0.0,0.0,0.0,0.0,0.0,0.0,0.0,0.0,2693.0,2.0,08.03.1990,31.0,559.0,383.0,102.0,74.0,34.0,58.620689655172406,48.0,70.96774193548387,0.0,0.0,0.0
P. Kvitova,E. Alexandrova,1.0,1.0,100.0,1.0,1.0,100.0,0.0,0.0,0.0,0.0,0.0,0.0,0.0,0.0,0.0,2693.0,2.0,08.03.1990,31.0,559.0,383.0,102.0,74.0,34.0,58.620689655172406,48.0,70.96774193548387,0.0,0.0,0.0
P. Kvitova,S. Zhang,1.0,1.0,100.0,1.0,1.0,100.0,0.0,0.0,0.0,0.0,0.0,0.0,0.0,0.0,0.0,2693.0,2.0,08.03.1990,31.0,559.0,383.0,102.0,74.0,34.0,58.620689655172406,48.0,70.96774193548387,0.0,0.0,0.0
P. Kvitova,M. Sakkari,1.0,0.0,0.0,1.0,0.0,0.0,0.0,0.0,0.0,0.0,0.0,0.0,0.0,0.0,0.0,2693.0,2.0,08.03.1990,31.0,559.0,383.0,102.0,74.0,34.0,58.620689655172406,48.0,70.96774193548387,0.0,0.0,0.0
A. Krueger,V. Kudermetova,1.0,0.0,0.0,1.0,0.0,0.0,0.0,0.0,0.0,0.0,0.0,0.0,0.0,0.0,0.0,196.0,0.0,07.05.2004,10.0,155.0,101.0,44.0,16.0,20.0,46.15384615384615,33.33333333333333,47.82608695652174,0.0,0.0,0.0
A. K. Toth,K. Baindl,1.0,0.0,0.0,0.0,0.0,0.0,1.0,0.0,0.0,0.0,0.0,0.0,0.0,0.0,0.0,9242.0,276.0,10.02.2003,18.0,189.0,7.0,175.0,4.0,21.0,50.0,46.666666666666664,0.0,60.0,0.0,0.0
O. Virtanen,A. Popyrin,1.0,0.0,0.0,0.0,0.0,0.0,0.0,0.0,0.0,0.0,0.0,0.0,1.0,0.0,0.0,767.0,156.0,21.06.2001,10.0,199.0,134.0,39.0,18.0,23.0,79.01234567901234,79.01234567901234,0.0,0.0,0.0,0.0
O. Virtanen,F. Agamenone,1.0,0.0,0.0,0.0,0.0,0.0,1.0,0.0,0.0,0.0,0.0,0.0,0.0,0.0,0.0,767.0,156.0,21.06.2001,10.0,199.0,134.0,39.0,18.0,23.0,79.01234567901234,79.01234567901234,0.0,0.0,0.0,0.0
D. Shnaider,P. Badosa,1.0,0.0,0.0,0.0,0.0,0.0,1.0,0.0,0.0,0.0,0.0,0.0,0.0,0.0,0.0,7403.0,48.0,02.04.2004,14.0,185.0,74.0,105.0,6.0,20.0,33.33333333333333,37.5,0.0,33.33333333333333,0.0,0.0
M. Cilic,L. Djere,1.0,0.0,0.0,0.0,0.0,0.0,1.0,0.0,0.0,0.0,0.0,0.0,0.0,0.0,0.0,2167.0,0.0,28.09.1988,23.0,680.0,422.0,169.0,92.0,35.0,0.0,0.0,0.0,0.0,0.0,0.0
L. Hovde,J. Ponchet,1.0,0.0,0.0,1.0,0.0,0.0,0.0,0.0,0.0,0.0,0.0,0.0,0.0,0.0,0.0,9522.0,248.0,25.10.2005,8.0,97.0,70.0,21.0,6.0,18.0,45.83333333333333,48.484848484848484,44.44444444444444,33.33333333333333,0.0,0.0
L. Hovde,D. Semenistaja,1.0,0.0,0.0,1.0,0.0,0.0,0.0,0.0,0.0,0.0,0.0,0.0,0.0,0.0,0.0,9522.0,248.0,25.10.2005,8.0,97.0,70.0,21.0,6.0,18.0,45.83333333333333,48.484848484848484,44.44444444444444,33.33333333333333,0.0,0.0
L. Hovde,R. Masarova,1.0,0.0,0.0,1.0,0.0,0.0,0.0,0.0,0.0,0.0,0.0,0.0,0.0,0.0,0.0,9522.0,248.0,25.10.2005,8.0,97.0,70.0,21.0,6.0,18.0,45.83333333333333,48.484848484848484,44.44444444444444,33.33333333333333,0.0,0.0
T. Townsend,S. Stephens,1.0,0.0,0.0,1.0,0.0,0.0,0.0,0.0,0.0,0.0,0.0,0.0,0.0,0.0,0.0,3214.0,7.0,16.04.1996,18.0,345.0,216.0,105.0,8.0,28.0,60.0,60.0,0.0,0.0,0.0,0.0
T. Gibson,B. Fruhvirtova,1.0,0.0,0.0,1.0,0.0,0.0,0.0,0.0,0.0,0.0,0.0,0.0,0.0,0.0,0.0,3326.0,172.0,18.06.2004,14.0,171.0,159.0,1.0,11.0,20.0,50.0,44.44444444444444,46.15384615384615,80.0,0.0,0.0
B. F. Maguina,M. P. Perez Garcia,1.0,0.0,0.0,0.0,0.0,0.0,0.0,0.0,0.0,0.0,0.0,0.0,1.0,0.0,0.0,36863.0,0.0,01.01.1970,3.0,4.0,3.0,3.0,3.0,54.0,0.0,0.0,0.0,0.0,0.0,0.0
B. Shelton,F. Cerundolo,1.0,1.0,100.0,1.0,1.0,100.0,0.0,0.0,0.0,0.0,0.0,0.0,0.0,0.0,0.0,2973.0,0.0,09.10.2002,56.0,194.0,169.0,71.0,50.0,21.0,36.36363636363637,36.36363636363637,0.0,0.0,0.0,0.0
B. Shelton,J.J. Wolf,1.0,1.0,100.0,1.0,1.0,100.0,0.0,0.0,0.0,0.0,0.0,0.0,0.0,0.0,0.0,2973.0,0.0,09.10.2002,56.0,194.0,169.0,71.0,50.0,21.0,36.36363636363637,36.36363636363637,0.0,0.0,0.0,0.0
B. Shelton,T. Paul,2.0,1.0,50.0,2.0,1.0,50.0,0.0,0.0,0.0,0.0,0.0,0.0,0.0,0.0,0.0,2973.0,0.0,09.10.2002,56.0,194.0,169.0,71.0,50.0,21.0,36.36363636363637,36.36363636363637,0.0,0.0,0.0,0.0
B. Shelton,A. Bublik,1.0,0.0,0.0,0.0,0.0,0.0,1.0,0.0,0.0,0.0,0.0,0.0,0.0,0.0,0.0,2973.0,0.0,09.10.2002,56.0,194.0,169.0,71.0,50.0,21.0,36.36363636363637,36.36363636363637,0.0,0.0,0.0,0.0
B. Shelton,J. Sinner,1.0,0.0,0.0,1.0,0.0,0.0,0.0,0.0,0.0,0.0,0.0,0.0,0.0,0.0,0.0,2973.0,0.0,09.10.2002,56.0,194.0,169.0,71.0,50.0,21.0,36.36363636363637,36.36363636363637,0.0,0.0,0.0,0.0
B. Shelton,N. Djokovic,1.0,0.0,0.0,1.0,0.0,0.0,0.0,0.0,0.0,0.0,0.0,0.0,0.0,0.0,0.0,2973.0,0.0,09.10.2002,56.0,194.0,169.0,71.0,50.0,21.0,36.36363636363637,36.36363636363637,0.0,0.0,0.0,0.0
B. Shelton,A. Davidovich Fokina,1.0,0.0,0.0,1.0,0.0,0.0,0.0,0.0,0.0,0.0,0.0,0.0,0.0,0.0,0.0,2973.0,0.0,09.10.2002,56.0,194.0,169.0,71.0,50.0,21.0,36.36363636363637,36.36363636363637,0.0,0.0,0.0,0.0
B. Shelton,L. Musetti,1.0,0.0,0.0,1.0,0.0,0.0,0.0,0.0,0.0,0.0,0.0,0.0,0.0,0.0,0.0,2973.0,0.0,09.10.2002,56.0,194.0,169.0,71.0,50.0,21.0,36.36363636363637,36.36363636363637,0.0,0.0,0.0,0.0
B. Shelton,M. Cecchinato,1.0,0.0,0.0,0.0,0.0,0.0,1.0,0.0,0.0,0.0,0.0,0.0,0.0,0.0,0.0,2973.0,0.0,09.10.2002,56.0,194.0,169.0,71.0,50.0,21.0,36.36363636363637,36.36363636363637,0.0,0.0,0.0,0.0
N. Parrizas-Diaz,C. Giorgi,1.0,0.0,0.0,1.0,0.0,0.0,0.0,0.0,0.0,0.0,0.0,0.0,0.0,0.0,0.0,513.0,66.0,15.07.1991,9.0,191.0,137.0,48.0,2.0,32.0,0.0,0.0,0.0,0.0,0.0,0.0
N. Parrizas-Diaz,D. Vekic,1.0,0.0,0.0,1.0,0.0,0.0,0.0,0.0,0.0,0.0,0.0,0.0,0.0,0.0,0.0,513.0,66.0,15.07.1991,9.0,191.0,137.0,48.0,2.0,32.0,0.0,0.0,0.0,0.0,0.0,0.0
N. Parrizas-Diaz,T. Babos,1.0,0.0,0.0,0.0,0.0,0.0,1.0,0.0,0.0,0.0,0.0,0.0,0.0,0.0,0.0,513.0,66.0,15.07.1991,9.0,191.0,137.0,48.0,2.0,32.0,0.0,0.0,0.0,0.0,0.0,0.0
C. Paquet,Z. Bai,1.0,0.0,0.0,1.0,0.0,0.0,0.0,0.0,0.0,0.0,0.0,0.0,0.0,0.0,0.0,1142.0,119.0,01.07.1994,5.0,213.0,88.0,122.0,3.0,29.0,50.0,50.0,50.0,50.0,17.0,7.981220657276995
C. Paquet,M. Andreeva,1.0,0.0,0.0,0.0,0.0,0.0,0.0,0.0,0.0,1.0,0.0,0.0,0.0,0.0,0.0,1142.0,119.0,01.07.1994,5.0,213.0,88.0,122.0,3.0,29.0,50.0,50.0,50.0,50.0,17.0,7.981220657276995
F. Stollar,M. Stakusic,1.0,0.0,0.0,0.0,0.0,0.0,1.0,0.0,0.0,0.0,0.0,0.0,0.0,0.0,0.0,2697.0,0.0,12.11.1998,17.0,257.0,145.0,104.0,15.0,25.0,69.1358024691358,0.0,71.7948717948718,0.0,0.0,0.0
S. Bandecchi,M. Hontama,1.0,1.0,100.0,0.0,0.0,0.0,0.0,0.0,0.0,1.0,1.0,100.0,0.0,0.0,0.0,484.0,169.0,01.07.1998,4.0,132.0,87.0,40.0,5.0,25.0,64.28571428571429,50.0,70.0,0.0,0.0,0.0
S. Bandecchi,E. Makarova,1.0,0.0,0.0,1.0,0.0,0.0,0.0,0.0,0.0,0.0,0.0,0.0,0.0,0.0,0.0,484.0,169.0,01.07.1998,4.0,132.0,87.0,40.0,5.0,25.0,64.28571428571429,50.0,70.0,0.0,0.0,0.0
C. Wozniacki,A. Kalinina,1.0,0.0,0.0,1.0,0.0,0.0,0.0,0.0,0.0,0.0,0.0,0.0,0.0,0.0,0.0,3217.0,1.0,11.07.1990,32.0,654.0,480.0,113.0,61.0,33.0,0.0,0.0,0.0,0.0,0.0,0.0
D. Thiem,M. Giron,1.0,1.0,100.0,1.0,1.0,100.0,0.0,0.0,0.0,0.0,0.0,0.0,0.0,0.0,0.0,1769.0,0.0,03.09.1993,27.0,511.0,234.0,263.0,18.0,30.0,60.46511627906976,50.0,61.53846153846154,0.0,0.0,0.0
D. Thiem,L. Sonego,1.0,0.0,0.0,1.0,0.0,0.0,0.0,0.0,0.0,0.0,0.0,0.0,0.0,0.0,0.0,1769.0,0.0,03.09.1993,27.0,511.0,234.0,263.0,18.0,30.0,60.46511627906976,50.0,61.53846153846154,0.0,0.0,0.0
E. Avanesyan,E. Andreeva,1.0,1.0,100.0,1.0,1.0,100.0,0.0,0.0,0.0,0.0,0.0,0.0,0.0,0.0,0.0,1810.0,70.0,17.09.2002,11.0,206.0,44.0,157.0,5.0,21.0,0.0,0.0,0.0,0.0,0.0,0.0
E. Avanesyan,C. Tauson,1.0,1.0,100.0,0.0,0.0,0.0,1.0,1.0,100.0,0.0,0.0,0.0,0.0,0.0,0.0,1810.0,70.0,17.09.2002,11.0,206.0,44.0,157.0,5.0,21.0,0.0,0.0,0.0,0.0,0.0,0.0
E. Avanesyan,S. Errani,1.0,1.0,100.0,0.0,0.0,0.0,1.0,1.0,100.0,0.0,0.0,0.0,0.0,0.0,0.0,1810.0,70.0,17.09.2002,11.0,206.0,44.0,157.0,5.0,21.0,0.0,0.0,0.0,0.0,0.0,0.0
E. Avanesyan,A. Blinkova,1.0,1.0,100.0,0.0,0.0,0.0,1.0,1.0,100.0,0.0,0.0,0.0,0.0,0.0,0.0,1810.0,70.0,17.09.2002,11.0,206.0,44.0,157.0,5.0,21.0,0.0,0.0,0.0,0.0,0.0,0.0
E. Avanesyan,O. Jabeur,1.0,1.0,100.0,1.0,1.0,100.0,0.0,0.0,0.0,0.0,0.0,0.0,0.0,0.0,0.0,1810.0,70.0,17.09.2002,11.0,206.0,44.0,157.0,5.0,21.0,0.0,0.0,0.0,0.0,0.0,0.0
E. Avanesyan,A. Cornet,1.0,1.0,100.0,1.0,1.0,100.0,0.0,0.0,0.0,0.0,0.0,0.0,0.0,0.0,0.0,1810.0,70.0,17.09.2002,11.0,206.0,44.0,157.0,5.0,21.0,0.0,0.0,0.0,0.0,0.0,0.0
E. Avanesyan,Y. Putintseva,1.0,0.0,0.0,1.0,0.0,0.0,0.0,0.0,0.0,0.0,0.0,0.0,0.0,0.0,0.0,1810.0,70.0,17.09.2002,11.0,206.0,44.0,157.0,5.0,21.0,0.0,0.0,0.0,0.0,0.0,0.0
E. Avanesyan,M. Kostyuk,1.0,0.0,0.0,1.0,0.0,0.0,0.0,0.0,0.0,0.0,0.0,0.0,0.0,0.0,0.0,1810.0,70.0,17.09.2002,11.0,206.0,44.0,157.0,5.0,21.0,0.0,0.0,0.0,0.0,0.0,0.0
E. Avanesyan,O. Dodin,1.0,0.0,0.0,1.0,0.0,0.0,0.0,0.0,0.0,0.0,0.0,0.0,0.0,0.0,0.0,1810.0,70.0,17.09.2002,11.0,206.0,44.0,157.0,5.0,21.0,0.0,0.0,0.0,0.0,0.0,0.0
E. Avanesyan,P. Stearns,1.0,0.0,0.0,0.0,0.0,0.0,1.0,0.0,0.0,0.0,0.0,0.0,0.0,0.0,0.0,1810.0,70.0,17.09.2002,11.0,206.0,44.0,157.0,5.0,21.0,0.0,0.0,0.0,0.0,0.0,0.0
D. Seguel,L. Fernandez,1.0,0.0,0.0,0.0,0.0,0.0,0.0,0.0,0.0,0.0,0.0,0.0,1.0,0.0,0.0,225.0,144.0,15.11.1992,10.0,231.0,25.0,190.0,2.0,31.0,53.57142857142857,60.0,0.0,0.0,0.0,0.0
C. Liu,J. Niemeier,1.0,0.0,0.0,1.0,0.0,0.0,0.0,0.0,0.0,0.0,0.0,0.0,0.0,0.0,0.0,509.0,0.0,25.05.2000,10.0,205.0,101.0,74.0,36.0,24.0,13.333333333333334,0.0,15.384615384615385,0.0,0.0,0.0
C. Liu,L. Noskova,1.0,0.0,0.0,1.0,0.0,0.0,0.0,0.0,0.0,0.0,0.0,0.0,0.0,0.0,0.0,509.0,0.0,25.05.2000,10.0,205.0,101.0,74.0,36.0,24.0,13.333333333333334,0.0,15.384615384615385,0.0,0.0,0.0
C. Liu,C. Gauff,1.0,0.0,0.0,1.0,0.0,0.0,0.0,0.0,0.0,0.0,0.0,0.0,0.0,0.0,0.0,509.0,0.0,25.05.2000,10.0,205.0,101.0,74.0,36.0,24.0,13.333333333333334,0.0,15.384615384615385,0.0,0.0,0.0
A. Bolt,J. Isner,1.0,0.0,0.0,0.0,0.0,0.0,0.0,0.0,0.0,1.0,0.0,0.0,0.0,0.0,0.0,3319.0,86.0,05.01.1993,19.0,417.0,315.0,40.0,61.0,31.0,0.0,0.0,0.0,0.0,0.0,0.0
S. Sorribes Tormo,S. Stephens,1.0,1.0,100.0,1.0,1.0,100.0,0.0,0.0,0.0,0.0,0.0,0.0,0.0,0.0,0.0,2910.0,17.0,08.10.1996,14.0,391.0,159.0,197.0,29.0,27.0,23.52941176470588,30.76923076923077,0.0,0.0,0.0,0.0
S. Sorribes Tormo,N. Podoroska,1.0,1.0,100.0,0.0,0.0,0.0,1.0,1.0,100.0,0.0,0.0,0.0,0.0,0.0,0.0,2910.0,17.0,08.10.1996,14.0,391.0,159.0,197.0,29.0,27.0,23.52941176470588,30.76923076923077,0.0,0.0,0.0,0.0
S. Sorribes Tormo,B. Andreescu,1.0,0.0,0.0,0.0,0.0,0.0,1.0,0.0,0.0,0.0,0.0,0.0,0.0,0.0,0.0,2910.0,17.0,08.10.1996,14.0,391.0,159.0,197.0,29.0,27.0,23.52941176470588,30.76923076923077,0.0,0.0,0.0,0.0
K. Coppejans,T. Droguet,1.0,0.0,0.0,1.0,0.0,0.0,0.0,0.0,0.0,0.0,0.0,0.0,0.0,0.0,0.0,1205.0,130.0,07.02.1994,6.0,350.0,97.0,250.0,3.0,30.0,20.0,33.33333333333333,0.0,0.0,0.0,0.0
R. Gasquet,C. Norrie,1.0,1.0,100.0,1.0,1.0,100.0,0.0,0.0,0.0,0.0,0.0,0.0,0.0,0.0,0.0,1094.0,8.0,18.06.1986,21.0,761.0,443.0,217.0,91.0,38.0,0.0,0.0,0.0,0.0,0.0,0.0
R. Gasquet,P. Carreno-Busta,1.0,1.0,100.0,1.0,1.0,100.0,0.0,0.0,0.0,0.0,0.0,0.0,0.0,0.0,0.0,1094.0,8.0,18.06.1986,21.0,761.0,443.0,217.0,91.0,38.0,0.0,0.0,0.0,0.0,0.0,0.0
R. Gasquet,S. Napolitano,1.0,1.0,100.0,0.0,0.0,0.0,1.0,1.0,100.0,0.0,0.0,0.0,0.0,0.0,0.0,1094.0,8.0,18.06.1986,21.0,761.0,443.0,217.0,91.0,38.0,0.0,0.0,0.0,0.0,0.0,0.0
R. Gasquet,L. Pouille,1.0,0.0,0.0,0.0,0.0,0.0,1.0,0.0,0.0,0.0,0.0,0.0,0.0,0.0,0.0,1094.0,8.0,18.06.1986,21.0,761.0,443.0,217.0,91.0,38.0,0.0,0.0,0.0,0.0,0.0,0.0
R. Gasquet,D. Altmaier,1.0,0.0,0.0,0.0,0.0,0.0,1.0,0.0,0.0,0.0,0.0,0.0,0.0,0.0,0.0,1094.0,8.0,18.06.1986,21.0,761.0,443.0,217.0,91.0,38.0,0.0,0.0,0.0,0.0,0.0,0.0
R. Carballes Baena,D. Altmaier,1.0,1.0,100.0,0.0,0.0,0.0,1.0,1.0,100.0,0.0,0.0,0.0,0.0,0.0,0.0,593.0,63.0,23.03.1993,20.0,564.0,62.0,496.0,6.0,31.0,0.0,0.0,0.0,0.0,0.0,0.0
R. Carballes Baena,D. Medvedev,1.0,0.0,0.0,1.0,0.0,0.0,0.0,0.0,0.0,0.0,0.0,0.0,0.0,0.0,0.0,593.0,63.0,23.03.1993,20.0,564.0,62.0,496.0,6.0,31.0,0.0,0.0,0.0,0.0,0.0,0.0
R. Carballes Baena,B. Zapata Miralles,1.0,0.0,0.0,0.0,0.0,0.0,1.0,0.0,0.0,0.0,0.0,0.0,0.0,0.0,0.0,593.0,63.0,23.03.1993,20.0,564.0,62.0,496.0,6.0,31.0,0.0,0.0,0.0,0.0,0.0,0.0
R. Carballes Baena,T. M. Etcheverry,1.0,0.0,0.0,0.0,0.0,0.0,1.0,0.0,0.0,0.0,0.0,0.0,0.0,0.0,0.0,593.0,63.0,23.03.1993,20.0,564.0,62.0,496.0,6.0,31.0,0.0,0.0,0.0,0.0,0.0,0.0
R. Carballes Baena,J.J. Wolf,1.0,0.0,0.0,1.0,0.0,0.0,0.0,0.0,0.0,0.0,0.0,0.0,0.0,0.0,0.0,593.0,63.0,23.03.1993,20.0,564.0,62.0,496.0,6.0,31.0,0.0,0.0,0.0,0.0,0.0,0.0
R. Carballes Baena,M. Giron,1.0,0.0,0.0,0.0,0.0,0.0,1.0,0.0,0.0,0.0,0.0,0.0,0.0,0.0,0.0,593.0,63.0,23.03.1993,20.0,564.0,62.0,496.0,6.0,31.0,0.0,0.0,0.0,0.0,0.0,0.0
D. Kasatkina,J. Burrage,1.0,1.0,100.0,0.0,0.0,0.0,0.0,0.0,0.0,1.0,1.0,100.0,0.0,0.0,0.0,1990.0,8.0,07.05.1997,8.0,349.0,224.0,92.0,31.0,27.0,35.294117647058826,37.5,0.0,0.0,0.0,0.0
D. Kasatkina,E. Mertens,1.0,1.0,100.0,1.0,1.0,100.0,0.0,0.0,0.0,0.0,0.0,0.0,0.0,0.0,0.0,1990.0,8.0,07.05.1997,8.0,349.0,224.0,92.0,31.0,27.0,35.294117647058826,37.5,0.0,0.0,0.0,0.0
D. Kasatkina,M. Linette,1.0,1.0,100.0,1.0,1.0,100.0,0.0,0.0,0.0,0.0,0.0,0.0,0.0,0.0,0.0,1990.0,8.0,07.05.1997,8.0,349.0,224.0,92.0,31.0,27.0,35.294117647058826,37.5,0.0,0.0,0.0,0.0
D. Kasatkina,J. Cristian,1.0,1.0,100.0,0.0,0.0,0.0,1.0,1.0,100.0,0.0,0.0,0.0,0.0,0.0,0.0,1990.0,8.0,07.05.1997,8.0,349.0,224.0,92.0,31.0,27.0,35.294117647058826,37.5,0.0,0.0,0.0,0.0
D. Kasatkina,T. Maria,1.0,1.0,100.0,1.0,1.0,100.0,0.0,0.0,0.0,0.0,0.0,0.0,0.0,0.0,0.0,1990.0,8.0,07.05.1997,8.0,349.0,224.0,92.0,31.0,27.0,35.294117647058826,37.5,0.0,0.0,0.0,0.0
D. Kasatkina,B. Haddad Maia,2.0,1.0,50.0,2.0,1.0,50.0,0.0,0.0,0.0,0.0,0.0,0.0,0.0,0.0,0.0,1990.0,8.0,07.05.1997,8.0,349.0,224.0,92.0,31.0,27.0,35.294117647058826,37.5,0.0,0.0,0.0,0.0
D. Kasatkina,B. Krejcikova,1.0,0.0,0.0,1.0,0.0,0.0,0.0,0.0,0.0,0.0,0.0,0.0,0.0,0.0,0.0,1990.0,8.0,07.05.1997,8.0,349.0,224.0,92.0,31.0,27.0,35.294117647058826,37.5,0.0,0.0,0.0,0.0
D. Kasatkina,P. Badosa,1.0,0.0,0.0,0.0,0.0,0.0,1.0,0.0,0.0,0.0,0.0,0.0,0.0,0.0,0.0,1990.0,8.0,07.05.1997,8.0,349.0,224.0,92.0,31.0,27.0,35.294117647058826,37.5,0.0,0.0,0.0,0.0
D. Kasatkina,E. Svitolina,1.0,0.0,0.0,1.0,0.0,0.0,0.0,0.0,0.0,0.0,0.0,0.0,0.0,0.0,0.0,1990.0,8.0,07.05.1997,8.0,349.0,224.0,92.0,31.0,27.0,35.294117647058826,37.5,0.0,0.0,0.0,0.0
D. Kasatkina,A. Sabalenka,1.0,0.0,0.0,1.0,0.0,0.0,0.0,0.0,0.0,0.0,0.0,0.0,0.0,0.0,0.0,1990.0,8.0,07.05.1997,8.0,349.0,224.0,92.0,31.0,27.0,35.294117647058826,37.5,0.0,0.0,0.0,0.0
D. Kasatkina,J. Ostapenko,1.0,0.0,0.0,1.0,0.0,0.0,0.0,0.0,0.0,0.0,0.0,0.0,0.0,0.0,0.0,1990.0,8.0,07.05.1997,8.0,349.0,224.0,92.0,31.0,27.0,35.294117647058826,37.5,0.0,0.0,0.0,0.0
D. Kasatkina,L. Noskova,1.0,0.0,0.0,1.0,0.0,0.0,0.0,0.0,0.0,0.0,0.0,0.0,0.0,0.0,0.0,1990.0,8.0,07.05.1997,8.0,349.0,224.0,92.0,31.0,27.0,35.294117647058826,37.5,0.0,0.0,0.0,0.0
D. Kasatkina,J. Paolini,1.0,0.0,0.0,0.0,0.0,0.0,1.0,0.0,0.0,0.0,0.0,0.0,0.0,0.0,0.0,1990.0,8.0,07.05.1997,8.0,349.0,224.0,92.0,31.0,27.0,35.294117647058826,37.5,0.0,0.0,0.0,0.0
D. Kasatkina,D. Collins,1.0,0.0,0.0,0.0,0.0,0.0,1.0,0.0,0.0,0.0,0.0,0.0,0.0,0.0,0.0,1990.0,8.0,07.05.1997,8.0,349.0,224.0,92.0,31.0,27.0,35.294117647058826,37.5,0.0,0.0,0.0,0.0
B. Zhukayev,D. Sweeny,1.0,1.0,100.0,0.0,0.0,0.0,1.0,1.0,100.0,0.0,0.0,0.0,0.0,0.0,0.0,579.0,171.0,12.10.2000,3.0,156.0,133.0,21.0,2.0,23.0,0.0,0.0,0.0,0.0,0.0,0.0
F. Tiafoe,G. Brouwer,1.0,1.0,100.0,0.0,0.0,0.0,1.0,1.0,100.0,0.0,0.0,0.0,0.0,0.0,0.0,2846.0,16.0,20.01.1998,10.0,373.0,243.0,100.0,29.0,26.0,51.42857142857142,45.45454545454545,54.166666666666664,0.0,0.0,0.0
F. Tiafoe,A. Tabilo,1.0,1.0,100.0,1.0,1.0,100.0,0.0,0.0,0.0,0.0,0.0,0.0,0.0,0.0,0.0,2846.0,16.0,20.01.1998,10.0,373.0,243.0,100.0,29.0,26.0,51.42857142857142,45.45454545454545,54.166666666666664,0.0,0.0,0.0
F. Tiafoe,J. Kubler,1.0,1.0,100.0,1.0,1.0,100.0,0.0,0.0,0.0,0.0,0.0,0.0,0.0,0.0,0.0,2846.0,16.0,20.01.1998,10.0,373.0,243.0,100.0,29.0,26.0,51.42857142857142,45.45454545454545,54.166666666666664,0.0,0.0,0.0
F. Tiafoe,J. Thompson,1.0,1.0,100.0,0.0,0.0,0.0,1.0,1.0,100.0,0.0,0.0,0.0,0.0,0.0,0.0,2846.0,16.0,20.01.1998,10.0,373.0,243.0,100.0,29.0,26.0,51.42857142857142,45.45454545454545,54.166666666666664,0.0,0.0,0.0
F. Tiafoe,S. Johnson,1.0,1.0,100.0,0.0,0.0,0.0,1.0,1.0,100.0,0.0,0.0,0.0,0.0,0.0,0.0,2846.0,16.0,20.01.1998,10.0,373.0,243.0,100.0,29.0,26.0,51.42857142857142,45.45454545454545,54.166666666666664,0.0,0.0,0.0
F. Tiafoe,D. Medvedev,1.0,0.0,0.0,1.0,0.0,0.0,0.0,0.0,0.0,0.0,0.0,0.0,0.0,0.0,0.0,2846.0,16.0,20.01.1998,10.0,373.0,243.0,100.0,29.0,26.0,51.42857142857142,45.45454545454545,54.166666666666664,0.0,0.0,0.0
L. Tu,P. Kotov,1.0,1.0,100.0,0.0,0.0,0.0,0.0,0.0,0.0,1.0,1.0,100.0,0.0,0.0,0.0,1883.0,199.0,27.05.1996,14.0,179.0,151.0,21.0,7.0,28.0,66.66666666666666,0.0,66.66666666666666,0.0,0.0,0.0
L. Tu,A. Rinderknech,1.0,0.0,0.0,1.0,0.0,0.0,0.0,0.0,0.0,0.0,0.0,0.0,0.0,0.0,0.0,1883.0,199.0,27.05.1996,14.0,179.0,151.0,21.0,7.0,28.0,66.66666666666666,0.0,66.66666666666666,0.0,0.0,0.0
N. Borges,S. Wawrinka,1.0,1.0,100.0,0.0,0.0,0.0,1.0,1.0,100.0,0.0,0.0,0.0,0.0,0.0,0.0,358.0,46.0,19.02.1997,22.0,295.0,117.0,167.0,7.0,27.0,61.111111111111114,0.0,61.111111111111114,0.0,0.0,0.0
N. Borges,D. Medvedev,1.0,0.0,0.0,1.0,0.0,0.0,0.0,0.0,0.0,0.0,0.0,0.0,0.0,0.0,0.0,358.0,46.0,19.02.1997,22.0,295.0,117.0,167.0,7.0,27.0,61.111111111111114,0.0,61.111111111111114,0.0,0.0,0.0
N. Borges,D. Schwartzman,1.0,0.0,0.0,0.0,0.0,0.0,1.0,0.0,0.0,0.0,0.0,0.0,0.0,0.0,0.0,358.0,46.0,19.02.1997,22.0,295.0,117.0,167.0,7.0,27.0,61.111111111111114,0.0,61.111111111111114,0.0,0.0,0.0
N. Borges,M. Giron,1.0,0.0,0.0,0.0,0.0,0.0,1.0,0.0,0.0,0.0,0.0,0.0,0.0,0.0,0.0,358.0,46.0,19.02.1997,22.0,295.0,117.0,167.0,7.0,27.0,61.111111111111114,0.0,61.111111111111114,0.0,0.0,0.0
N. Borges,S. Tsitsipas,1.0,0.0,0.0,0.0,0.0,0.0,1.0,0.0,0.0,0.0,0.0,0.0,0.0,0.0,0.0,358.0,46.0,19.02.1997,22.0,295.0,117.0,167.0,7.0,27.0,61.111111111111114,0.0,61.111111111111114,0.0,0.0,0.0
H. Dart,D. Semenistaja,1.0,1.0,100.0,1.0,1.0,100.0,0.0,0.0,0.0,0.0,0.0,0.0,0.0,0.0,0.0,2998.0,92.0,28.07.1996,4.0,265.0,173.0,31.0,57.0,27.0,42.857142857142854,47.368421052631575,0.0,0.0,0.0,0.0
H. Dart,C. Dolehide,1.0,0.0,0.0,1.0,0.0,0.0,0.0,0.0,0.0,0.0,0.0,0.0,0.0,0.0,0.0,2998.0,92.0,28.07.1996,4.0,265.0,173.0,31.0,57.0,27.0,42.857142857142854,47.368421052631575,0.0,0.0,0.0,0.0
O. Otte,B. Paire,1.0,1.0,100.0,0.0,0.0,0.0,0.0,0.0,0.0,1.0,1.0,100.0,0.0,0.0,0.0,1100.0,76.0,16.07.1993,11.0,340.0,176.0,142.0,22.0,30.0,53.84615384615385,53.84615384615385,0.0,0.0,0.0,0.0
O. Otte,D. Altmaier,1.0,0.0,0.0,0.0,0.0,0.0,1.0,0.0,0.0,0.0,0.0,0.0,0.0,0.0,0.0,1100.0,76.0,16.07.1993,11.0,340.0,176.0,142.0,22.0,30.0,53.84615384615385,53.84615384615385,0.0,0.0,0.0,0.0
Y. Watanuki,D. Yevseyev,1.0,1.0,100.0,0.0,0.0,0.0,0.0,0.0,0.0,0.0,0.0,0.0,1.0,1.0,100.0,1097.0,99.0,12.04.1998,4.0,189.0,158.0,16.0,12.0,26.0,43.63636363636363,41.86046511627907,50.0,0.0,206.0,108.994708994709
Y. Watanuki,A. Rinderknech,1.0,1.0,100.0,1.0,1.0,100.0,0.0,0.0,0.0,0.0,0.0,0.0,0.0,0.0,0.0,1097.0,99.0,12.04.1998,4.0,189.0,158.0,16.0,12.0,26.0,43.63636363636363,41.86046511627907,50.0,0.0,206.0,108.994708994709
I. Gakhov,M. Neuchrist,1.0,0.0,0.0,0.0,0.0,0.0,1.0,0.0,0.0,0.0,0.0,0.0,0.0,0.0,0.0,574.0,180.0,04.11.1996,11.0,341.0,52.0,289.0,0.0,27.0,25.0,33.33333333333333,0.0,0.0,0.0,0.0
J. M. Cerundolo,P. Andujar,1.0,1.0,100.0,0.0,0.0,0.0,1.0,1.0,100.0,0.0,0.0,0.0,0.0,0.0,0.0,388.0,90.0,15.11.2001,9.0,179.0,13.0,165.0,1.0,22.0,35.714285714285715,0.0,35.714285714285715,0.0,0.0,0.0
J. M. Cerundolo,D. Schwartzman,1.0,1.0,100.0,0.0,0.0,0.0,1.0,1.0,100.0,0.0,0.0,0.0,0.0,0.0,0.0,388.0,90.0,15.11.2001,9.0,179.0,13.0,165.0,1.0,22.0,35.714285714285715,0.0,35.714285714285715,0.0,0.0,0.0
J. M. Cerundolo,F. Bagnis,1.0,0.0,0.0,0.0,0.0,0.0,1.0,0.0,0.0,0.0,0.0,0.0,0.0,0.0,0.0,388.0,90.0,15.11.2001,9.0,179.0,13.0,165.0,1.0,22.0,35.714285714285715,0.0,35.714285714285715,0.0,0.0,0.0
J. M. Cerundolo,A. Davidovich Fokina,1.0,0.0,0.0,1.0,0.0,0.0,0.0,0.0,0.0,0.0,0.0,0.0,0.0,0.0,0.0,388.0,90.0,15.11.2001,9.0,179.0,13.0,165.0,1.0,22.0,35.714285714285715,0.0,35.714285714285715,0.0,0.0,0.0
M. Purcell,M. Arnaldi,1.0,1.0,100.0,1.0,1.0,100.0,0.0,0.0,0.0,0.0,0.0,0.0,0.0,0.0,0.0,1749.0,0.0,03.04.1998,39.0,449.0,358.0,61.0,47.0,26.0,0.0,0.0,0.0,0.0,99.0,22.048997772828507
M. Purcell,C. Ilkel,1.0,0.0,0.0,1.0,0.0,0.0,0.0,0.0,0.0,0.0,0.0,0.0,0.0,0.0,0.0,1749.0,0.0,03.04.1998,39.0,449.0,358.0,61.0,47.0,26.0,0.0,0.0,0.0,0.0,99.0,22.048997772828507
O. Krutykh,N. Mejia,1.0,1.0,100.0,0.0,0.0,0.0,0.0,0.0,0.0,0.0,0.0,0.0,1.0,1.0,100.0,1177.0,185.0,10.03.2000,8.0,208.0,63.0,141.0,1.0,24.0,60.0,0.0,60.0,0.0,0.0,0.0
F. Auger-Aliassime,B. Van De Zandschulp,1.0,1.0,100.0,0.0,0.0,0.0,1.0,1.0,100.0,0.0,0.0,0.0,0.0,0.0,0.0,2073.0,0.0,08.08.2000,16.0,354.0,198.0,117.0,37.0,23.0,53.84615384615385,58.333333333333336,46.666666666666664,0.0,0.0,0.0
F. Auger-Aliassime,J-L. Struff,1.0,1.0,100.0,1.0,1.0,100.0,0.0,0.0,0.0,0.0,0.0,0.0,0.0,0.0,0.0,2073.0,0.0,08.08.2000,16.0,354.0,198.0,117.0,37.0,23.0,53.84615384615385,58.333333333333336,46.666666666666664,0.0,0.0,0.0
F. Auger-Aliassime,G. Barrere,1.0,1.0,100.0,1.0,1.0,100.0,0.0,0.0,0.0,0.0,0.0,0.0,0.0,0.0,0.0,2073.0,0.0,08.08.2000,16.0,354.0,198.0,117.0,37.0,23.0,53.84615384615385,58.333333333333336,46.666666666666664,0.0,0.0,0.0
F. Auger-Aliassime,J. Kubler,1.0,1.0,100.0,1.0,1.0,100.0,0.0,0.0,0.0,0.0,0.0,0.0,0.0,0.0,0.0,2073.0,0.0,08.08.2000,16.0,354.0,198.0,117.0,37.0,23.0,53.84615384615385,58.333333333333336,46.666666666666664,0.0,0.0,0.0
F. Auger-Aliassime,J. Lehecka,1.0,1.0,100.0,0.0,0.0,0.0,1.0,1.0,100.0,0.0,0.0,0.0,0.0,0.0,0.0,2073.0,0.0,08.08.2000,16.0,354.0,198.0,117.0,37.0,23.0,53.84615384615385,58.333333333333336,46.666666666666664,0.0,0.0,0.0
F. Auger-Aliassime,M. Berrettini,1.0,1.0,100.0,1.0,1.0,100.0,0.0,0.0,0.0,0.0,0.0,0.0,0.0,0.0,0.0,2073.0,0.0,08.08.2000,16.0,354.0,198.0,117.0,37.0,23.0,53.84615384615385,58.333333333333336,46.666666666666664,0.0,0.0,0.0
F. Auger-Aliassime,C. Ruud,1.0,1.0,100.0,0.0,0.0,0.0,1.0,1.0,100.0,0.0,0.0,0.0,0.0,0.0,0.0,2073.0,0.0,08.08.2000,16.0,354.0,198.0,117.0,37.0,23.0,53.84615384615385,58.333333333333336,46.666666666666664,0.0,0.0,0.0
F. Auger-Aliassime,C. Alcaraz,1.0,0.0,0.0,1.0,0.0,0.0,0.0,0.0,0.0,0.0,0.0,0.0,0.0,0.0,0.0,2073.0,0.0,08.08.2000,16.0,354.0,198.0,117.0,37.0,23.0,53.84615384615385,58.333333333333336,46.666666666666664,0.0,0.0,0.0
F. Auger-Aliassime,A. Rublev,1.0,0.0,0.0,0.0,0.0,0.0,1.0,0.0,0.0,0.0,0.0,0.0,0.0,0.0,0.0,2073.0,0.0,08.08.2000,16.0,354.0,198.0,117.0,37.0,23.0,53.84615384615385,58.333333333333336,46.666666666666664,0.0,0.0,0.0
F. Auger-Aliassime,D. Medvedev,1.0,0.0,0.0,1.0,0.0,0.0,0.0,0.0,0.0,0.0,0.0,0.0,0.0,0.0,0.0,2073.0,0.0,08.08.2000,16.0,354.0,198.0,117.0,37.0,23.0,53.84615384615385,58.333333333333336,46.666666666666664,0.0,0.0,0.0
F. Auger-Aliassime,M. Fucsovics,1.0,0.0,0.0,1.0,0.0,0.0,0.0,0.0,0.0,0.0,0.0,0.0,0.0,0.0,0.0,2073.0,0.0,08.08.2000,16.0,354.0,198.0,117.0,37.0,23.0,53.84615384615385,58.333333333333336,46.666666666666664,0.0,0.0,0.0
F. Auger-Aliassime,M. McDonald,1.0,0.0,0.0,1.0,0.0,0.0,0.0,0.0,0.0,0.0,0.0,0.0,0.0,0.0,0.0,2073.0,0.0,08.08.2000,16.0,354.0,198.0,117.0,37.0,23.0,53.84615384615385,58.333333333333336,46.666666666666664,0.0,0.0,0.0
F. Auger-Aliassime,A. De Minaur,1.0,0.0,0.0,0.0,0.0,0.0,1.0,0.0,0.0,0.0,0.0,0.0,0.0,0.0,0.0,2073.0,0.0,08.08.2000,16.0,354.0,198.0,117.0,37.0,23.0,53.84615384615385,58.333333333333336,46.666666666666664,0.0,0.0,0.0
N. Bains,T. Babos,1.0,0.0,0.0,0.0,0.0,0.0,1.0,0.0,0.0,0.0,0.0,0.0,0.0,0.0,0.0,2567.0,101.0,17.12.1997,8.0,167.0,122.0,24.0,21.0,26.0,52.38095238095239,0.0,55.00000000000001,0.0,0.0,0.0
J. Chardy,C. Alcaraz,1.0,0.0,0.0,0.0,0.0,0.0,0.0,0.0,0.0,1.0,0.0,0.0,0.0,0.0,0.0,2850.0,29.0,12.02.1987,11.0,561.0,303.0,208.0,50.0,37.0,66.66666666666666,0.0,0.0,0.0,0.0,0.0
J. Chardy,D. Evans,1.0,0.0,0.0,1.0,0.0,0.0,0.0,0.0,0.0,0.0,0.0,0.0,0.0,0.0,0.0,2850.0,29.0,12.02.1987,11.0,561.0,303.0,208.0,50.0,37.0,66.66666666666666,0.0,0.0,0.0,0.0,0.0
G. Olmos,Ar. Rodionova,1.0,0.0,0.0,0.0,0.0,0.0,0.0,0.0,0.0,0.0,0.0,0.0,1.0,0.0,0.0,3444.0,8.0,04.03.1993,7.0,204.0,129.0,44.0,17.0,31.0,47.72727272727273,51.724137931034484,22.22222222222222,66.66666666666666,0.0,0.0
D. Svrcina,O. Jasika,1.0,0.0,0.0,1.0,0.0,0.0,0.0,0.0,0.0,0.0,0.0,0.0,0.0,0.0,0.0,1754.0,164.0,02.10.2002,6.0,178.0,77.0,95.0,6.0,21.0,72.72727272727273,0.0,72.72727272727273,0.0,318.0,178.65168539325842
L. Fruhvirtova,L. Miyazaki,1.0,1.0,100.0,0.0,0.0,0.0,1.0,1.0,100.0,0.0,0.0,0.0,0.0,0.0,0.0,446.0,79.0,01.05.2005,6.0,135.0,94.0,25.0,16.0,19.0,48.888888888888886,56.00000000000001,40.0,0.0,0.0,0.0
L. Fruhvirtova,A. Rus,2.0,1.0,50.0,2.0,1.0,50.0,0.0,0.0,0.0,0.0,0.0,0.0,0.0,0.0,0.0,446.0,79.0,01.05.2005,6.0,135.0,94.0,25.0,16.0,19.0,48.888888888888886,56.00000000000001,40.0,0.0,0.0,0.0
L. Fruhvirtova,J. Ostapenko,1.0,0.0,0.0,0.0,0.0,0.0,1.0,0.0,0.0,0.0,0.0,0.0,0.0,0.0,0.0,446.0,79.0,01.05.2005,6.0,135.0,94.0,25.0,16.0,19.0,48.888888888888886,56.00000000000001,40.0,0.0,0.0,0.0
L. Fruhvirtova,L. Stefanini,1.0,0.0,0.0,0.0,0.0,0.0,1.0,0.0,0.0,0.0,0.0,0.0,0.0,0.0,0.0,446.0,79.0,01.05.2005,6.0,135.0,94.0,25.0,16.0,19.0,48.888888888888886,56.00000000000001,40.0,0.0,0.0,0.0
L. Fruhvirtova,T. Maria,1.0,0.0,0.0,0.0,0.0,0.0,1.0,0.0,0.0,0.0,0.0,0.0,0.0,0.0,0.0,446.0,79.0,01.05.2005,6.0,135.0,94.0,25.0,16.0,19.0,48.888888888888886,56.00000000000001,40.0,0.0,0.0,0.0
Y. Yuan,A. Blinkova,1.0,1.0,100.0,1.0,1.0,100.0,0.0,0.0,0.0,0.0,0.0,0.0,0.0,0.0,0.0,1112.0,38.0,25.09.1998,7.0,167.0,115.0,38.0,7.0,25.0,33.33333333333333,33.33333333333333,0.0,0.0,67.0,40.119760479041915
Y. Yuan,Xiy. Wang,1.0,1.0,100.0,1.0,1.0,100.0,0.0,0.0,0.0,0.0,0.0,0.0,0.0,0.0,0.0,1112.0,38.0,25.09.1998,7.0,167.0,115.0,38.0,7.0,25.0,33.33333333333333,33.33333333333333,0.0,0.0,67.0,40.119760479041915
Y. Yuan,N. Podoroska,1.0,1.0,100.0,1.0,1.0,100.0,0.0,0.0,0.0,0.0,0.0,0.0,0.0,0.0,0.0,1112.0,38.0,25.09.1998,7.0,167.0,115.0,38.0,7.0,25.0,33.33333333333333,33.33333333333333,0.0,0.0,67.0,40.119760479041915
Y. Yuan,C. Gauff,1.0,0.0,0.0,1.0,0.0,0.0,0.0,0.0,0.0,0.0,0.0,0.0,0.0,0.0,0.0,1112.0,38.0,25.09.1998,7.0,167.0,115.0,38.0,7.0,25.0,33.33333333333333,33.33333333333333,0.0,0.0,67.0,40.119760479041915
H. Sakatsume,K. Juvan,1.0,0.0,0.0,1.0,0.0,0.0,0.0,0.0,0.0,0.0,0.0,0.0,0.0,0.0,0.0,115.0,181.0,03.08.2001,4.0,136.0,116.0,17.0,1.0,22.0,36.36363636363637,0.0,42.10526315789473,0.0,0.0,0.0
H. Dellien,P. Cachin,1.0,1.0,100.0,0.0,0.0,0.0,1.0,1.0,100.0,0.0,0.0,0.0,0.0,0.0,0.0,2980.0,75.0,16.06.1993,17.0,389.0,17.0,369.0,1.0,31.0,50.0,50.0,0.0,0.0,0.0,0.0
H. Dellien,M. Martineau,1.0,1.0,100.0,0.0,0.0,0.0,1.0,1.0,100.0,0.0,0.0,0.0,0.0,0.0,0.0,2980.0,75.0,16.06.1993,17.0,389.0,17.0,369.0,1.0,31.0,50.0,50.0,0.0,0.0,0.0,0.0
H. Dellien,C. Norrie,1.0,0.0,0.0,0.0,0.0,0.0,1.0,0.0,0.0,0.0,0.0,0.0,0.0,0.0,0.0,2980.0,75.0,16.06.1993,17.0,389.0,17.0,369.0,1.0,31.0,50.0,50.0,0.0,0.0,0.0,0.0
H. Dellien,J.J. Wolf,1.0,0.0,0.0,0.0,0.0,0.0,1.0,0.0,0.0,0.0,0.0,0.0,0.0,0.0,0.0,2980.0,75.0,16.06.1993,17.0,389.0,17.0,369.0,1.0,31.0,50.0,50.0,0.0,0.0,0.0,0.0
A. Bublik,B. Coric,1.0,1.0,100.0,0.0,0.0,0.0,0.0,0.0,0.0,1.0,1.0,100.0,0.0,0.0,0.0,1895.0,0.0,17.06.1997,13.0,320.0,229.0,45.0,45.0,27.0,63.63636363636363,63.63636363636363,0.0,0.0,347.0,108.43750000000001
A. Bublik,J. Sinner,1.0,1.0,100.0,0.0,0.0,0.0,0.0,0.0,0.0,1.0,1.0,100.0,0.0,0.0,0.0,1895.0,0.0,17.06.1997,13.0,320.0,229.0,45.0,45.0,27.0,63.63636363636363,63.63636363636363,0.0,0.0,347.0,108.43750000000001
A. Bublik,B. Shelton,1.0,1.0,100.0,0.0,0.0,0.0,1.0,1.0,100.0,0.0,0.0,0.0,0.0,0.0,0.0,1895.0,0.0,17.06.1997,13.0,320.0,229.0,45.0,45.0,27.0,63.63636363636363,63.63636363636363,0.0,0.0,347.0,108.43750000000001
A. Bublik,D. Goffin,1.0,1.0,100.0,0.0,0.0,0.0,0.0,0.0,0.0,1.0,1.0,100.0,0.0,0.0,0.0,1895.0,0.0,17.06.1997,13.0,320.0,229.0,45.0,45.0,27.0,63.63636363636363,63.63636363636363,0.0,0.0,347.0,108.43750000000001
A. Bublik,A. Rublev,2.0,1.0,50.0,1.0,1.0,100.0,0.0,0.0,0.0,1.0,0.0,0.0,0.0,0.0,0.0,1895.0,0.0,17.06.1997,13.0,320.0,229.0,45.0,45.0,27.0,63.63636363636363,63.63636363636363,0.0,0.0,347.0,108.43750000000001
A. Bublik,G. Monfils,1.0,0.0,0.0,1.0,0.0,0.0,0.0,0.0,0.0,0.0,0.0,0.0,0.0,0.0,0.0,1895.0,0.0,17.06.1997,13.0,320.0,229.0,45.0,45.0,27.0,63.63636363636363,63.63636363636363,0.0,0.0,347.0,108.43750000000001
A. Bublik,S. Nagal,1.0,0.0,0.0,1.0,0.0,0.0,0.0,0.0,0.0,0.0,0.0,0.0,0.0,0.0,0.0,1895.0,0.0,17.06.1997,13.0,320.0,229.0,45.0,45.0,27.0,63.63636363636363,63.63636363636363,0.0,0.0,347.0,108.43750000000001
I. Begu,L. Samsonova,1.0,1.0,100.0,0.0,0.0,0.0,1.0,1.0,100.0,0.0,0.0,0.0,0.0,0.0,0.0,2828.0,23.0,26.08.1990,18.0,514.0,245.0,236.0,33.0,33.0,0.0,0.0,0.0,0.0,59.0,11.478599221789883
I. Begu,E. Mertens,1.0,1.0,100.0,0.0,0.0,0.0,1.0,1.0,100.0,0.0,0.0,0.0,0.0,0.0,0.0,2828.0,23.0,26.08.1990,18.0,514.0,245.0,236.0,33.0,33.0,0.0,0.0,0.0,0.0,59.0,11.478599221789883
I. Begu,M. Sakkari,1.0,0.0,0.0,0.0,0.0,0.0,1.0,0.0,0.0,0.0,0.0,0.0,0.0,0.0,0.0,2828.0,23.0,26.08.1990,18.0,514.0,245.0,236.0,33.0,33.0,0.0,0.0,0.0,0.0,59.0,11.478599221789883
I. Begu,A. Sabalenka,1.0,0.0,0.0,1.0,0.0,0.0,0.0,0.0,0.0,0.0,0.0,0.0,0.0,0.0,0.0,2828.0,23.0,26.08.1990,18.0,514.0,245.0,236.0,33.0,33.0,0.0,0.0,0.0,0.0,59.0,11.478599221789883
E. Navarro,E. Andreeva,1.0,1.0,100.0,0.0,0.0,0.0,1.0,1.0,100.0,0.0,0.0,0.0,0.0,0.0,0.0,2823.0,24.0,18.05.2001,10.0,190.0,68.0,107.0,13.0,23.0,70.2127659574468,71.11111111111111,50.0,0.0,0.0,0.0
E. Navarro,R. Marino,1.0,1.0,100.0,1.0,1.0,100.0,0.0,0.0,0.0,0.0,0.0,0.0,0.0,0.0,0.0,2823.0,24.0,18.05.2001,10.0,190.0,68.0,107.0,13.0,23.0,70.2127659574468,71.11111111111111,50.0,0.0,0.0,0.0
E. Navarro,K. Volynets,1.0,1.0,100.0,0.0,0.0,0.0,1.0,1.0,100.0,0.0,0.0,0.0,0.0,0.0,0.0,2823.0,24.0,18.05.2001,10.0,190.0,68.0,107.0,13.0,23.0,70.2127659574468,71.11111111111111,50.0,0.0,0.0,0.0
E. Navarro,M. Sakkari,2.0,1.0,50.0,2.0,1.0,50.0,0.0,0.0,0.0,0.0,0.0,0.0,0.0,0.0,0.0,2823.0,24.0,18.05.2001,10.0,190.0,68.0,107.0,13.0,23.0,70.2127659574468,71.11111111111111,50.0,0.0,0.0,0.0
E. Navarro,K. Siniakova,1.0,0.0,0.0,0.0,0.0,0.0,0.0,0.0,0.0,1.0,0.0,0.0,0.0,0.0,0.0,2823.0,24.0,18.05.2001,10.0,190.0,68.0,107.0,13.0,23.0,70.2127659574468,71.11111111111111,50.0,0.0,0.0,0.0
E. Navarro,J. Pegula,1.0,0.0,0.0,1.0,0.0,0.0,0.0,0.0,0.0,0.0,0.0,0.0,0.0,0.0,0.0,2823.0,24.0,18.05.2001,10.0,190.0,68.0,107.0,13.0,23.0,70.2127659574468,71.11111111111111,50.0,0.0,0.0,0.0
E. Navarro,C. Gauff,1.0,0.0,0.0,1.0,0.0,0.0,0.0,0.0,0.0,0.0,0.0,0.0,0.0,0.0,0.0,2823.0,24.0,18.05.2001,10.0,190.0,68.0,107.0,13.0,23.0,70.2127659574468,71.11111111111111,50.0,0.0,0.0,0.0
E. Navarro,A. Sabalenka,1.0,0.0,0.0,0.0,0.0,0.0,1.0,0.0,0.0,0.0,0.0,0.0,0.0,0.0,0.0,2823.0,24.0,18.05.2001,10.0,190.0,68.0,107.0,13.0,23.0,70.2127659574468,71.11111111111111,50.0,0.0,0.0,0.0
L. Neumayer,H. Medjedovic,1.0,0.0,0.0,0.0,0.0,0.0,1.0,0.0,0.0,0.0,0.0,0.0,0.0,0.0,0.0,2022.0,235.0,06.09.2002,7.0,168.0,27.0,141.0,0.0,21.0,0.0,0.0,0.0,0.0,0.0,0.0
P. Kudermetova,M. Andreeva,1.0,0.0,0.0,0.0,0.0,0.0,1.0,0.0,0.0,0.0,0.0,0.0,0.0,0.0,0.0,9259.0,168.0,04.06.2003,9.0,197.0,124.0,59.0,14.0,21.0,50.0,47.05882352941176,33.33333333333333,70.0,0.0,0.0
C. Alves,D. Yastremska,1.0,1.0,100.0,0.0,0.0,0.0,1.0,1.0,100.0,0.0,0.0,0.0,0.0,0.0,0.0,495.0,132.0,23.04.1996,14.0,250.0,61.0,185.0,0.0,28.0,33.33333333333333,0.0,33.33333333333333,0.0,0.0,0.0
R. Peterson,S. Zhang,1.0,1.0,100.0,1.0,1.0,100.0,0.0,0.0,0.0,0.0,0.0,0.0,0.0,0.0,0.0,1811.0,44.0,06.08.1995,7.0,290.0,196.0,81.0,10.0,28.0,0.0,0.0,0.0,0.0,50.0,17.24137931034483
H. Grenier,M. Marterer,1.0,1.0,100.0,1.0,1.0,100.0,0.0,0.0,0.0,0.0,0.0,0.0,0.0,0.0,0.0,1073.0,141.0,23.03.1996,6.0,213.0,172.0,35.0,6.0,28.0,70.2127659574468,74.35897435897436,50.0,0.0,0.0,0.0
H. Grenier,D. Kuzmanov,1.0,0.0,0.0,0.0,0.0,0.0,1.0,0.0,0.0,0.0,0.0,0.0,0.0,0.0,0.0,1073.0,141.0,23.03.1996,6.0,213.0,172.0,35.0,6.0,28.0,70.2127659574468,74.35897435897436,50.0,0.0,0.0,0.0
F. Jones,T. Maria,1.0,0.0,0.0,0.0,0.0,0.0,1.0,0.0,0.0,0.0,0.0,0.0,0.0,0.0,0.0,2991.0,151.0,19.09.2000,2.0,103.0,24.0,77.0,2.0,23.0,47.72727272727273,48.717948717948715,40.0,0.0,0.0,0.0
C. Eubanks,G. Barrere,1.0,1.0,100.0,1.0,1.0,100.0,0.0,0.0,0.0,0.0,0.0,0.0,0.0,0.0,0.0,1059.0,34.0,05.05.1996,8.0,255.0,223.0,7.0,22.0,28.0,0.0,0.0,0.0,0.0,0.0,0.0
C. Eubanks,A. Mannarino,1.0,1.0,100.0,0.0,0.0,0.0,0.0,0.0,0.0,1.0,1.0,100.0,0.0,0.0,0.0,1059.0,34.0,05.05.1996,8.0,255.0,223.0,7.0,22.0,28.0,0.0,0.0,0.0,0.0,0.0,0.0
C. Eubanks,L. Harris,1.0,1.0,100.0,0.0,0.0,0.0,0.0,0.0,0.0,1.0,1.0,100.0,0.0,0.0,0.0,1059.0,34.0,05.05.1996,8.0,255.0,223.0,7.0,22.0,28.0,0.0,0.0,0.0,0.0,0.0,0.0
C. Eubanks,J. Thompson,1.0,0.0,0.0,1.0,0.0,0.0,0.0,0.0,0.0,0.0,0.0,0.0,0.0,0.0,0.0,1059.0,34.0,05.05.1996,8.0,255.0,223.0,7.0,22.0,28.0,0.0,0.0,0.0,0.0,0.0,0.0
C. Eubanks,D. Medvedev,1.0,0.0,0.0,1.0,0.0,0.0,0.0,0.0,0.0,0.0,0.0,0.0,0.0,0.0,0.0,1059.0,34.0,05.05.1996,8.0,255.0,223.0,7.0,22.0,28.0,0.0,0.0,0.0,0.0,0.0,0.0
D. Glinka,M. Samardzic,1.0,1.0,100.0,0.0,0.0,0.0,0.0,0.0,0.0,0.0,0.0,0.0,1.0,1.0,100.0,780.0,419.0,12.05.2000,3.0,129.0,124.0,2.0,0.0,24.0,33.33333333333333,33.33333333333333,0.0,0.0,0.0,0.0
J. Munar,N. Jarry,1.0,0.0,0.0,0.0,0.0,0.0,1.0,0.0,0.0,0.0,0.0,0.0,0.0,0.0,0.0,2083.0,58.0,05.05.1997,16.0,390.0,77.0,307.0,6.0,27.0,0.0,0.0,0.0,0.0,0.0,0.0
M. Giron,N. Borges,1.0,1.0,100.0,0.0,0.0,0.0,1.0,1.0,100.0,0.0,0.0,0.0,0.0,0.0,0.0,1766.0,48.0,24.07.1993,9.0,298.0,253.0,29.0,16.0,30.0,66.66666666666666,0.0,66.66666666666666,0.0,143.0,47.98657718120805
M. Giron,A. Vavassori,1.0,1.0,100.0,0.0,0.0,0.0,0.0,0.0,0.0,1.0,1.0,100.0,0.0,0.0,0.0,1766.0,48.0,24.07.1993,9.0,298.0,253.0,29.0,16.0,30.0,66.66666666666666,0.0,66.66666666666666,0.0,143.0,47.98657718120805
M. Giron,F. Coria,1.0,1.0,100.0,1.0,1.0,100.0,0.0,0.0,0.0,0.0,0.0,0.0,0.0,0.0,0.0,1766.0,48.0,24.07.1993,9.0,298.0,253.0,29.0,16.0,30.0,66.66666666666666,0.0,66.66666666666666,0.0,143.0,47.98657718120805
M. Giron,R. Carballes Baena,1.0,1.0,100.0,0.0,0.0,0.0,1.0,1.0,100.0,0.0,0.0,0.0,0.0,0.0,0.0,1766.0,48.0,24.07.1993,9.0,298.0,253.0,29.0,16.0,30.0,66.66666666666666,0.0,66.66666666666666,0.0,143.0,47.98657718120805
M. Giron,D. Thiem,1.0,0.0,0.0,1.0,0.0,0.0,0.0,0.0,0.0,0.0,0.0,0.0,0.0,0.0,0.0,1766.0,48.0,24.07.1993,9.0,298.0,253.0,29.0,16.0,30.0,66.66666666666666,0.0,66.66666666666666,0.0,143.0,47.98657718120805
M. Giron,L. Sonego,1.0,0.0,0.0,1.0,0.0,0.0,0.0,0.0,0.0,0.0,0.0,0.0,0.0,0.0,0.0,1766.0,48.0,24.07.1993,9.0,298.0,253.0,29.0,16.0,30.0,66.66666666666666,0.0,66.66666666666666,0.0,143.0,47.98657718120805
M. Giron,S. Baez,1.0,0.0,0.0,0.0,0.0,0.0,1.0,0.0,0.0,0.0,0.0,0.0,0.0,0.0,0.0,1766.0,48.0,24.07.1993,9.0,298.0,253.0,29.0,16.0,30.0,66.66666666666666,0.0,66.66666666666666,0.0,143.0,47.98657718120805
C. Dinu,L. Pigossi,1.0,0.0,0.0,0.0,0.0,0.0,1.0,0.0,0.0,0.0,0.0,0.0,0.0,0.0,0.0,1441.0,213.0,18.01.1993,20.0,304.0,23.0,281.0,0.0,31.0,29.166666666666668,31.818181818181817,0.0,0.0,59.0,19.407894736842106
B. Bencic,L. Samsonova,1.0,1.0,100.0,1.0,1.0,100.0,0.0,0.0,0.0,0.0,0.0,0.0,0.0,0.0,0.0,2387.0,8.0,10.03.1997,16.0,423.0,282.0,74.0,57.0,27.0,25.0,33.33333333333333,0.0,0.0,115.0,27.18676122931442
B. Bencic,E. Alexandrova,1.0,1.0,100.0,0.0,0.0,0.0,1.0,1.0,100.0,0.0,0.0,0.0,0.0,0.0,0.0,2387.0,8.0,10.03.1997,16.0,423.0,282.0,74.0,57.0,27.0,25.0,33.33333333333333,0.0,0.0,115.0,27.18676122931442
B. Bencic,S. Rogers,1.0,1.0,100.0,1.0,1.0,100.0,0.0,0.0,0.0,0.0,0.0,0.0,0.0,0.0,0.0,2387.0,8.0,10.03.1997,16.0,423.0,282.0,74.0,57.0,27.0,25.0,33.33333333333333,0.0,0.0,115.0,27.18676122931442
B. Bencic,B. Haddad Maia,1.0,1.0,100.0,1.0,1.0,100.0,0.0,0.0,0.0,0.0,0.0,0.0,0.0,0.0,0.0,2387.0,8.0,10.03.1997,16.0,423.0,282.0,74.0,57.0,27.0,25.0,33.33333333333333,0.0,0.0,115.0,27.18676122931442
B. Bencic,C. Gauff,1.0,0.0,0.0,1.0,0.0,0.0,0.0,0.0,0.0,0.0,0.0,0.0,0.0,0.0,0.0,2387.0,8.0,10.03.1997,16.0,423.0,282.0,74.0,57.0,27.0,25.0,33.33333333333333,0.0,0.0,115.0,27.18676122931442
B. Bencic,A. Sabalenka,1.0,0.0,0.0,1.0,0.0,0.0,0.0,0.0,0.0,0.0,0.0,0.0,0.0,0.0,0.0,2387.0,8.0,10.03.1997,16.0,423.0,282.0,74.0,57.0,27.0,25.0,33.33333333333333,0.0,0.0,115.0,27.18676122931442
E. Tse,B. Fruhvirtova,1.0,0.0,0.0,1.0,0.0,0.0,0.0,0.0,0.0,0.0,0.0,0.0,0.0,0.0,0.0,13809.0,1019.0,01.01.2004,0.0,15.0,15.0,0.0,0.0,20.0,71.01449275362319,66.66666666666666,77.77777777777779,83.33333333333334,0.0,0.0
K. Volodko,E. Routliffe,1.0,1.0,100.0,1.0,1.0,100.0,0.0,0.0,0.0,0.0,0.0,0.0,0.0,0.0,0.0,2691.0,10.0,08.08.1986,11.0,537.0,372.0,124.0,38.0,37.0,55.932203389830505,44.44444444444444,68.96551724137932,33.33333333333333,0.0,0.0
C. H. Tseng,N. D. Ionel,1.0,1.0,100.0,0.0,0.0,0.0,0.0,0.0,0.0,0.0,0.0,0.0,1.0,1.0,100.0,389.0,115.0,08.08.2001,10.0,226.0,82.0,131.0,7.0,22.0,16.666666666666664,0.0,20.0,0.0,0.0,0.0
C. H. Tseng,A. Mannarino,1.0,0.0,0.0,1.0,0.0,0.0,0.0,0.0,0.0,0.0,0.0,0.0,0.0,0.0,0.0,389.0,115.0,08.08.2001,10.0,226.0,82.0,131.0,7.0,22.0,16.666666666666664,0.0,20.0,0.0,0.0,0.0
C. H. Tseng,P. Cachin,1.0,0.0,0.0,0.0,0.0,0.0,1.0,0.0,0.0,0.0,0.0,0.0,0.0,0.0,0.0,389.0,115.0,08.08.2001,10.0,226.0,82.0,131.0,7.0,22.0,16.666666666666664,0.0,20.0,0.0,0.0,0.0
K. Rakhimova,S. Bejlek,1.0,1.0,100.0,0.0,0.0,0.0,1.0,1.0,100.0,0.0,0.0,0.0,0.0,0.0,0.0,1140.0,70.0,28.08.2001,10.0,195.0,128.0,61.0,6.0,22.0,50.0,50.0,50.0,50.0,0.0,0.0
K. Rakhimova,A. Kalinskaya,1.0,0.0,0.0,1.0,0.0,0.0,0.0,0.0,0.0,0.0,0.0,0.0,0.0,0.0,0.0,1140.0,70.0,28.08.2001,10.0,195.0,128.0,61.0,6.0,22.0,50.0,50.0,50.0,50.0,0.0,0.0
A. Parks,C. Bucsa,1.0,1.0,100.0,1.0,1.0,100.0,0.0,0.0,0.0,0.0,0.0,0.0,0.0,0.0,0.0,1792.0,0.0,31.12.2000,14.0,168.0,111.0,49.0,11.0,23.0,50.0,50.0,50.0,50.0,0.0,0.0
A. Parks,L. Fernandez,1.0,1.0,100.0,1.0,1.0,100.0,0.0,0.0,0.0,0.0,0.0,0.0,0.0,0.0,0.0,1792.0,0.0,31.12.2000,14.0,168.0,111.0,49.0,11.0,23.0,50.0,50.0,50.0,50.0,0.0,0.0
A. Parks,E. Arango,1.0,0.0,0.0,1.0,0.0,0.0,0.0,0.0,0.0,0.0,0.0,0.0,0.0,0.0,0.0,1792.0,0.0,31.12.2000,14.0,168.0,111.0,49.0,11.0,23.0,50.0,50.0,50.0,50.0,0.0,0.0
L. Siegemund,M. Chwalinska,1.0,1.0,100.0,0.0,0.0,0.0,1.0,1.0,100.0,0.0,0.0,0.0,0.0,0.0,0.0,464.0,5.0,04.03.1988,25.0,488.0,247.0,210.0,29.0,36.0,19.230769230769234,33.33333333333333,18.75,0.0,0.0,0.0
L. Siegemund,P. Martic,1.0,0.0,0.0,0.0,0.0,0.0,1.0,0.0,0.0,0.0,0.0,0.0,0.0,0.0,0.0,464.0,5.0,04.03.1988,25.0,488.0,247.0,210.0,29.0,36.0,19.230769230769234,33.33333333333333,18.75,0.0,0.0,0.0
L. Siegemund,B. Pera,1.0,0.0,0.0,1.0,0.0,0.0,0.0,0.0,0.0,0.0,0.0,0.0,0.0,0.0,0.0,464.0,5.0,04.03.1988,25.0,488.0,247.0,210.0,29.0,36.0,19.230769230769234,33.33333333333333,18.75,0.0,0.0,0.0
L. Siegemund,A. Bogdan,1.0,0.0,0.0,1.0,0.0,0.0,0.0,0.0,0.0,0.0,0.0,0.0,0.0,0.0,0.0,464.0,5.0,04.03.1988,25.0,488.0,247.0,210.0,29.0,36.0,19.230769230769234,33.33333333333333,18.75,0.0,0.0,0.0
L. Siegemund,D. Yastremska,1.0,0.0,0.0,1.0,0.0,0.0,0.0,0.0,0.0,0.0,0.0,0.0,0.0,0.0,0.0,464.0,5.0,04.03.1988,25.0,488.0,247.0,210.0,29.0,36.0,19.230769230769234,33.33333333333333,18.75,0.0,0.0,0.0
I. Khromacheva,A. Hartono,1.0,0.0,0.0,1.0,0.0,0.0,0.0,0.0,0.0,0.0,0.0,0.0,0.0,0.0,0.0,217.0,51.0,12.05.1995,23.0,346.0,146.0,196.0,4.0,29.0,52.38095238095239,40.0,56.25,0.0,0.0,0.0
I. Khromacheva,K. Deichmann,1.0,0.0,0.0,1.0,0.0,0.0,0.0,0.0,0.0,0.0,0.0,0.0,0.0,0.0,0.0,217.0,51.0,12.05.1995,23.0,346.0,146.0,196.0,4.0,29.0,52.38095238095239,40.0,56.25,0.0,0.0,0.0
J. Duckworth,Y. Hanfmann,1.0,1.0,100.0,1.0,1.0,100.0,0.0,0.0,0.0,0.0,0.0,0.0,0.0,0.0,0.0,1900.0,0.0,21.01.1992,20.0,418.0,322.0,63.0,39.0,32.0,50.0,0.0,50.0,0.0,0.0,0.0
J. Duckworth,J. McCabe,1.0,1.0,100.0,1.0,1.0,100.0,0.0,0.0,0.0,0.0,0.0,0.0,0.0,0.0,0.0,1900.0,0.0,21.01.1992,20.0,418.0,322.0,63.0,39.0,32.0,50.0,0.0,50.0,0.0,0.0,0.0
T. Seyboth Wild,C. O&apos;Connell,1.0,0.0,0.0,1.0,0.0,0.0,0.0,0.0,0.0,0.0,0.0,0.0,0.0,0.0,0.0,1086.0,58.0,10.03.2000,8.0,223.0,40.0,179.0,3.0,24.0,39.473684210526315,41.66666666666667,0.0,0.0,0.0,0.0
T. Seyboth Wild,A. Davidovich Fokina,1.0,0.0,0.0,0.0,0.0,0.0,0.0,0.0,0.0,0.0,0.0,0.0,1.0,0.0,0.0,1086.0,58.0,10.03.2000,8.0,223.0,40.0,179.0,3.0,24.0,39.473684210526315,41.66666666666667,0.0,0.0,0.0,0.0
H. Rune,T. Fritz,1.0,1.0,100.0,1.0,1.0,100.0,0.0,0.0,0.0,0.0,0.0,0.0,0.0,0.0,0.0,437.0,0.0,29.04.2003,18.0,264.0,113.0,140.0,14.0,21.0,50.0,28.57142857142857,54.054054054054056,0.0,0.0,0.0
H. Rune,S. Nagal,1.0,1.0,100.0,0.0,0.0,0.0,1.0,1.0,100.0,0.0,0.0,0.0,0.0,0.0,0.0,437.0,0.0,29.04.2003,18.0,264.0,113.0,140.0,14.0,21.0,50.0,28.57142857142857,54.054054054054056,0.0,0.0,0.0
H. Rune,D. Medvedev,2.0,1.0,50.0,1.0,0.0,0.0,1.0,1.0,100.0,0.0,0.0,0.0,0.0,0.0,0.0,437.0,0.0,29.04.2003,18.0,264.0,113.0,140.0,14.0,21.0,50.0,28.57142857142857,54.054054054054056,0.0,0.0,0.0
H. Rune,N. Djokovic,2.0,1.0,50.0,1.0,0.0,0.0,1.0,1.0,100.0,0.0,0.0,0.0,0.0,0.0,0.0,437.0,0.0,29.04.2003,18.0,264.0,113.0,140.0,14.0,21.0,50.0,28.57142857142857,54.054054054054056,0.0,0.0,0.0
H. Rune,G. Dimitrov,2.0,1.0,50.0,1.0,0.0,0.0,0.0,0.0,0.0,1.0,1.0,100.0,0.0,0.0,0.0,437.0,0.0,29.04.2003,18.0,264.0,113.0,140.0,14.0,21.0,50.0,28.57142857142857,54.054054054054056,0.0,0.0,0.0
H. Rune,C. Alcaraz,1.0,0.0,0.0,0.0,0.0,0.0,0.0,0.0,0.0,1.0,0.0,0.0,0.0,0.0,0.0,437.0,0.0,29.04.2003,18.0,264.0,113.0,140.0,14.0,21.0,50.0,28.57142857142857,54.054054054054056,0.0,0.0,0.0
H. Rune,A. Rublev,1.0,0.0,0.0,0.0,0.0,0.0,1.0,0.0,0.0,0.0,0.0,0.0,0.0,0.0,0.0,437.0,0.0,29.04.2003,18.0,264.0,113.0,140.0,14.0,21.0,50.0,28.57142857142857,54.054054054054056,0.0,0.0,0.0
H. Rune,A. Davidovich Fokina,1.0,0.0,0.0,0.0,0.0,0.0,1.0,0.0,0.0,0.0,0.0,0.0,0.0,0.0,0.0,437.0,0.0,29.04.2003,18.0,264.0,113.0,140.0,14.0,21.0,50.0,28.57142857142857,54.054054054054056,0.0,0.0,0.0
H. Rune,M. Kecmanovic,1.0,0.0,0.0,1.0,0.0,0.0,0.0,0.0,0.0,0.0,0.0,0.0,0.0,0.0,0.0,437.0,0.0,29.04.2003,18.0,264.0,113.0,140.0,14.0,21.0,50.0,28.57142857142857,54.054054054054056,0.0,0.0,0.0
B. Strycova,M. Zanevska,1.0,1.0,100.0,0.0,0.0,0.0,1.0,1.0,100.0,0.0,0.0,0.0,0.0,0.0,0.0,2903.0,1.0,28.03.1986,33.0,810.0,484.0,203.0,120.0,38.0,52.83018867924528,61.29032258064516,40.909090909090914,0.0,121.0,14.938271604938272
C. Naef,A. Potapova,1.0,0.0,0.0,1.0,0.0,0.0,0.0,0.0,0.0,0.0,0.0,0.0,0.0,0.0,0.0,10911.0,0.0,25.06.2005,13.0,133.0,86.0,37.0,14.0,19.0,63.46153846153846,59.375,70.0,70.0,0.0,0.0
C. Naef,D. Collins,1.0,0.0,0.0,0.0,0.0,0.0,0.0,0.0,0.0,0.0,0.0,0.0,1.0,0.0,0.0,10911.0,0.0,25.06.2005,13.0,133.0,86.0,37.0,14.0,19.0,63.46153846153846,59.375,70.0,70.0,0.0,0.0
Y. Y. Yang,E. Mandlik,1.0,0.0,0.0,1.0,0.0,0.0,0.0,0.0,0.0,0.0,0.0,0.0,0.0,0.0,0.0,1023.0,210.0,30.05.2004,10.0,127.0,74.0,43.0,5.0,20.0,0.0,0.0,0.0,0.0,0.0,0.0
I. Burillo Escorihuela,K. Kanepi,1.0,1.0,100.0,0.0,0.0,0.0,1.0,1.0,100.0,0.0,0.0,0.0,0.0,0.0,0.0,1907.0,215.0,23.07.1997,3.0,147.0,48.0,98.0,1.0,26.0,0.0,0.0,0.0,0.0,68.0,46.25850340136054
J. Niemeier,C. Liu,1.0,1.0,100.0,1.0,1.0,100.0,0.0,0.0,0.0,0.0,0.0,0.0,0.0,0.0,0.0,471.0,65.0,12.08.1999,3.0,149.0,58.0,64.0,19.0,24.0,25.0,0.0,50.0,0.0,0.0,0.0
J. Niemeier,J. Pegula,1.0,0.0,0.0,1.0,0.0,0.0,0.0,0.0,0.0,0.0,0.0,0.0,0.0,0.0,0.0,471.0,65.0,12.08.1999,3.0,149.0,58.0,64.0,19.0,24.0,25.0,0.0,50.0,0.0,0.0,0.0
J. Sousa,F. Misolic,1.0,0.0,0.0,1.0,0.0,0.0,0.0,0.0,0.0,0.0,0.0,0.0,0.0,0.0,0.0,423.0,33.0,30.03.1989,12.0,537.0,234.0,267.0,32.0,35.0,61.016949152542374,55.55555555555556,62.0,0.0,0.0,0.0
T. Paul,H. Hurkacz,1.0,1.0,100.0,0.0,0.0,0.0,1.0,1.0,100.0,0.0,0.0,0.0,0.0,0.0,0.0,1894.0,0.0,17.05.1997,19.0,402.0,262.0,116.0,30.0,27.0,47.61904761904761,31.57894736842105,63.63636363636363,0.0,83.0,20.64676616915423
T. Paul,J. Thompson,1.0,1.0,100.0,1.0,1.0,100.0,0.0,0.0,0.0,0.0,0.0,0.0,0.0,0.0,0.0,1894.0,0.0,17.05.1997,19.0,402.0,262.0,116.0,30.0,27.0,47.61904761904761,31.57894736842105,63.63636363636363,0.0,83.0,20.64676616915423
T. Paul,B. Shelton,2.0,1.0,50.0,2.0,1.0,50.0,0.0,0.0,0.0,0.0,0.0,0.0,0.0,0.0,0.0,1894.0,0.0,17.05.1997,19.0,402.0,262.0,116.0,30.0,27.0,47.61904761904761,31.57894736842105,63.63636363636363,0.0,83.0,20.64676616915423
T. Paul,D. Medvedev,1.0,0.0,0.0,1.0,0.0,0.0,0.0,0.0,0.0,0.0,0.0,0.0,0.0,0.0,0.0,1894.0,0.0,17.05.1997,19.0,402.0,262.0,116.0,30.0,27.0,47.61904761904761,31.57894736842105,63.63636363636363,0.0,83.0,20.64676616915423
T. Paul,F. Cerundolo,1.0,0.0,0.0,0.0,0.0,0.0,1.0,0.0,0.0,0.0,0.0,0.0,0.0,0.0,0.0,1894.0,0.0,17.05.1997,19.0,402.0,262.0,116.0,30.0,27.0,47.61904761904761,31.57894736842105,63.63636363636363,0.0,83.0,20.64676616915423
T. Paul,J. Lehecka,1.0,0.0,0.0,0.0,0.0,0.0,0.0,0.0,0.0,1.0,0.0,0.0,0.0,0.0,0.0,1894.0,0.0,17.05.1997,19.0,402.0,262.0,116.0,30.0,27.0,47.61904761904761,31.57894736842105,63.63636363636363,0.0,83.0,20.64676616915423
E. Routliffe,K. Volodko,1.0,0.0,0.0,1.0,0.0,0.0,0.0,0.0,0.0,0.0,0.0,0.0,0.0,0.0,0.0,3219.0,0.0,11.04.1995,17.0,152.0,97.0,44.0,23.0,29.0,50.0,50.0,0.0,0.0,0.0,0.0
D. Collins,D. Kasatkina,1.0,1.0,100.0,0.0,0.0,0.0,1.0,1.0,100.0,0.0,0.0,0.0,0.0,0.0,0.0,34409.0,10.0,13.12.1993,8.0,246.0,160.0,68.0,12.0,30.0,0.0,0.0,0.0,0.0,0.0,0.0
D. Collins,E. Alexandrova,1.0,1.0,100.0,1.0,1.0,100.0,0.0,0.0,0.0,0.0,0.0,0.0,0.0,0.0,0.0,34409.0,10.0,13.12.1993,8.0,246.0,160.0,68.0,12.0,30.0,0.0,0.0,0.0,0.0,0.0,0.0
D. Collins,C. Naef,1.0,1.0,100.0,0.0,0.0,0.0,0.0,0.0,0.0,0.0,0.0,0.0,1.0,1.0,100.0,34409.0,10.0,13.12.1993,8.0,246.0,160.0,68.0,12.0,30.0,0.0,0.0,0.0,0.0,0.0,0.0
D. Collins,E. Rybakina,1.0,1.0,100.0,1.0,1.0,100.0,0.0,0.0,0.0,0.0,0.0,0.0,0.0,0.0,0.0,34409.0,10.0,13.12.1993,8.0,246.0,160.0,68.0,12.0,30.0,0.0,0.0,0.0,0.0,0.0,0.0
D. Collins,A. Kerber,1.0,1.0,100.0,1.0,1.0,100.0,0.0,0.0,0.0,0.0,0.0,0.0,0.0,0.0,0.0,34409.0,10.0,13.12.1993,8.0,246.0,160.0,68.0,12.0,30.0,0.0,0.0,0.0,0.0,0.0,0.0
D. Collins,C. Garcia,1.0,1.0,100.0,1.0,1.0,100.0,0.0,0.0,0.0,0.0,0.0,0.0,0.0,0.0,0.0,34409.0,10.0,13.12.1993,8.0,246.0,160.0,68.0,12.0,30.0,0.0,0.0,0.0,0.0,0.0,0.0
D. Collins,A. Sabalenka,1.0,0.0,0.0,0.0,0.0,0.0,1.0,0.0,0.0,0.0,0.0,0.0,0.0,0.0,0.0,34409.0,10.0,13.12.1993,8.0,246.0,160.0,68.0,12.0,30.0,0.0,0.0,0.0,0.0,0.0,0.0
D. Altmaier,J. Sinner,1.0,1.0,100.0,0.0,0.0,0.0,1.0,1.0,100.0,0.0,0.0,0.0,0.0,0.0,0.0,1099.0,56.0,12.09.1998,9.0,243.0,89.0,142.0,11.0,25.0,32.0,41.17647058823529,12.5,0.0,0.0,0.0
D. Altmaier,M. Landaluce,1.0,1.0,100.0,0.0,0.0,0.0,1.0,1.0,100.0,0.0,0.0,0.0,0.0,0.0,0.0,1099.0,56.0,12.09.1998,9.0,243.0,89.0,142.0,11.0,25.0,32.0,41.17647058823529,12.5,0.0,0.0,0.0
D. Altmaier,O. Otte,1.0,1.0,100.0,0.0,0.0,0.0,1.0,1.0,100.0,0.0,0.0,0.0,0.0,0.0,0.0,1099.0,56.0,12.09.1998,9.0,243.0,89.0,142.0,11.0,25.0,32.0,41.17647058823529,12.5,0.0,0.0,0.0
D. Altmaier,C. O&apos;Connell,1.0,1.0,100.0,1.0,1.0,100.0,0.0,0.0,0.0,0.0,0.0,0.0,0.0,0.0,0.0,1099.0,56.0,12.09.1998,9.0,243.0,89.0,142.0,11.0,25.0,32.0,41.17647058823529,12.5,0.0,0.0,0.0
D. Altmaier,R. Gasquet,1.0,1.0,100.0,0.0,0.0,0.0,1.0,1.0,100.0,0.0,0.0,0.0,0.0,0.0,0.0,1099.0,56.0,12.09.1998,9.0,243.0,89.0,142.0,11.0,25.0,32.0,41.17647058823529,12.5,0.0,0.0,0.0
D. Altmaier,B. Coric,1.0,0.0,0.0,0.0,0.0,0.0,1.0,0.0,0.0,0.0,0.0,0.0,0.0,0.0,0.0,1099.0,56.0,12.09.1998,9.0,243.0,89.0,142.0,11.0,25.0,32.0,41.17647058823529,12.5,0.0,0.0,0.0
D. Altmaier,J-L. Struff,1.0,0.0,0.0,1.0,0.0,0.0,0.0,0.0,0.0,0.0,0.0,0.0,0.0,0.0,0.0,1099.0,56.0,12.09.1998,9.0,243.0,89.0,142.0,11.0,25.0,32.0,41.17647058823529,12.5,0.0,0.0,0.0
D. Altmaier,F. Coria,1.0,0.0,0.0,0.0,0.0,0.0,1.0,0.0,0.0,0.0,0.0,0.0,0.0,0.0,0.0,1099.0,56.0,12.09.1998,9.0,243.0,89.0,142.0,11.0,25.0,32.0,41.17647058823529,12.5,0.0,0.0,0.0
D. Altmaier,R. Carballes Baena,1.0,0.0,0.0,0.0,0.0,0.0,1.0,0.0,0.0,0.0,0.0,0.0,0.0,0.0,0.0,1099.0,56.0,12.09.1998,9.0,243.0,89.0,142.0,11.0,25.0,32.0,41.17647058823529,12.5,0.0,0.0,0.0
D. Galfi,A. Tomljanovic,1.0,1.0,100.0,1.0,1.0,100.0,0.0,0.0,0.0,0.0,0.0,0.0,0.0,0.0,0.0,507.0,0.0,13.08.1998,5.0,206.0,92.0,92.0,16.0,25.0,57.14285714285714,45.0,63.888888888888886,0.0,0.0,0.0
Y. Putintseva,S. Stephens,1.0,1.0,100.0,0.0,0.0,0.0,1.0,1.0,100.0,0.0,0.0,0.0,0.0,0.0,0.0,2177.0,28.0,07.01.1995,5.0,386.0,235.0,131.0,14.0,29.0,36.734693877551024,30.0,42.857142857142854,0.0,76.0,19.689119170984455
Y. Putintseva,E. Avanesyan,1.0,1.0,100.0,1.0,1.0,100.0,0.0,0.0,0.0,0.0,0.0,0.0,0.0,0.0,0.0,2177.0,28.0,07.01.1995,5.0,386.0,235.0,131.0,14.0,29.0,36.734693877551024,30.0,42.857142857142854,0.0,76.0,19.689119170984455
Y. Putintseva,H. Watson,1.0,0.0,0.0,1.0,0.0,0.0,0.0,0.0,0.0,0.0,0.0,0.0,0.0,0.0,0.0,2177.0,28.0,07.01.1995,5.0,386.0,235.0,131.0,14.0,29.0,36.734693877551024,30.0,42.857142857142854,0.0,76.0,19.689119170984455
Y. Putintseva,I. Swiatek,1.0,0.0,0.0,1.0,0.0,0.0,0.0,0.0,0.0,0.0,0.0,0.0,0.0,0.0,0.0,2177.0,28.0,07.01.1995,5.0,386.0,235.0,131.0,14.0,29.0,36.734693877551024,30.0,42.857142857142854,0.0,76.0,19.689119170984455
Y. Putintseva,E. Rybakina,1.0,0.0,0.0,0.0,0.0,0.0,1.0,0.0,0.0,0.0,0.0,0.0,0.0,0.0,0.0,2177.0,28.0,07.01.1995,5.0,386.0,235.0,131.0,14.0,29.0,36.734693877551024,30.0,42.857142857142854,0.0,76.0,19.689119170984455
Y. Putintseva,A. Blinkova,1.0,0.0,0.0,1.0,0.0,0.0,0.0,0.0,0.0,0.0,0.0,0.0,0.0,0.0,0.0,2177.0,28.0,07.01.1995,5.0,386.0,235.0,131.0,14.0,29.0,36.734693877551024,30.0,42.857142857142854,0.0,76.0,19.689119170984455
K. Zavatska,L. Tanasie,1.0,1.0,100.0,1.0,1.0,100.0,0.0,0.0,0.0,0.0,0.0,0.0,0.0,0.0,0.0,480.0,107.0,05.02.2000,6.0,175.0,60.0,108.0,4.0,24.0,66.66666666666666,68.42105263157895,65.21739130434783,0.0,0.0,0.0
L. Bronzetti,J. Grabher,1.0,1.0,100.0,0.0,0.0,0.0,1.0,1.0,100.0,0.0,0.0,0.0,0.0,0.0,0.0,516.0,54.0,10.12.1998,5.0,150.0,68.0,76.0,5.0,25.0,33.33333333333333,33.33333333333333,0.0,0.0,0.0,0.0
L. Bronzetti,K. Baindl,1.0,1.0,100.0,1.0,1.0,100.0,0.0,0.0,0.0,0.0,0.0,0.0,0.0,0.0,0.0,516.0,54.0,10.12.1998,5.0,150.0,68.0,76.0,5.0,25.0,33.33333333333333,33.33333333333333,0.0,0.0,0.0,0.0
L. Bronzetti,V. Gracheva,1.0,1.0,100.0,0.0,0.0,0.0,0.0,0.0,0.0,1.0,1.0,100.0,0.0,0.0,0.0,516.0,54.0,10.12.1998,5.0,150.0,68.0,76.0,5.0,25.0,33.33333333333333,33.33333333333333,0.0,0.0,0.0,0.0
L. Bronzetti,K. Siniakova,1.0,0.0,0.0,0.0,0.0,0.0,0.0,0.0,0.0,1.0,0.0,0.0,0.0,0.0,0.0,516.0,54.0,10.12.1998,5.0,150.0,68.0,76.0,5.0,25.0,33.33333333333333,33.33333333333333,0.0,0.0,0.0,0.0
L. Bronzetti,A. Sabalenka,1.0,0.0,0.0,1.0,0.0,0.0,0.0,0.0,0.0,0.0,0.0,0.0,0.0,0.0,0.0,516.0,54.0,10.12.1998,5.0,150.0,68.0,76.0,5.0,25.0,33.33333333333333,33.33333333333333,0.0,0.0,0.0,0.0
G. Barrere,F. Meligeni Alves,1.0,1.0,100.0,0.0,0.0,0.0,1.0,1.0,100.0,0.0,0.0,0.0,0.0,0.0,0.0,1772.0,82.0,16.02.1994,11.0,307.0,213.0,75.0,19.0,30.0,58.82352941176471,50.0,61.53846153846154,0.0,242.0,78.82736156351791
G. Barrere,P. Martinez,1.0,1.0,100.0,0.0,0.0,0.0,1.0,1.0,100.0,0.0,0.0,0.0,0.0,0.0,0.0,1772.0,82.0,16.02.1994,11.0,307.0,213.0,75.0,19.0,30.0,58.82352941176471,50.0,61.53846153846154,0.0,242.0,78.82736156351791
G. Barrere,C. Alcaraz,1.0,0.0,0.0,1.0,0.0,0.0,0.0,0.0,0.0,0.0,0.0,0.0,0.0,0.0,0.0,1772.0,82.0,16.02.1994,11.0,307.0,213.0,75.0,19.0,30.0,58.82352941176471,50.0,61.53846153846154,0.0,242.0,78.82736156351791
G. Barrere,C. Eubanks,1.0,0.0,0.0,1.0,0.0,0.0,0.0,0.0,0.0,0.0,0.0,0.0,0.0,0.0,0.0,1772.0,82.0,16.02.1994,11.0,307.0,213.0,75.0,19.0,30.0,58.82352941176471,50.0,61.53846153846154,0.0,242.0,78.82736156351791
G. Barrere,F. Auger-Aliassime,1.0,0.0,0.0,1.0,0.0,0.0,0.0,0.0,0.0,0.0,0.0,0.0,0.0,0.0,0.0,1772.0,82.0,16.02.1994,11.0,307.0,213.0,75.0,19.0,30.0,58.82352941176471,50.0,61.53846153846154,0.0,242.0,78.82736156351791
G. Barrere,A. Shevchenko,1.0,0.0,0.0,0.0,0.0,0.0,0.0,0.0,0.0,0.0,0.0,0.0,0.0,0.0,0.0,1772.0,82.0,16.02.1994,11.0,307.0,213.0,75.0,19.0,30.0,58.82352941176471,50.0,61.53846153846154,0.0,242.0,78.82736156351791
E. Svitolina,D. Kasatkina,1.0,1.0,100.0,1.0,1.0,100.0,0.0,0.0,0.0,0.0,0.0,0.0,0.0,0.0,0.0,2816.0,4.0,12.09.1994,22.0,460.0,320.0,108.0,29.0,29.0,20.0,20.0,0.0,0.0,0.0,0.0
E. Svitolina,V. Azarenka,1.0,1.0,100.0,0.0,0.0,0.0,0.0,0.0,0.0,1.0,1.0,100.0,0.0,0.0,0.0,2816.0,4.0,12.09.1994,22.0,460.0,320.0,108.0,29.0,29.0,20.0,20.0,0.0,0.0,0.0,0.0
E. Svitolina,A. Pavlyuchenkova,1.0,1.0,100.0,1.0,1.0,100.0,0.0,0.0,0.0,0.0,0.0,0.0,0.0,0.0,0.0,2816.0,4.0,12.09.1994,22.0,460.0,320.0,108.0,29.0,29.0,20.0,20.0,0.0,0.0,0.0,0.0
E. Svitolina,M. Vondrousova,1.0,0.0,0.0,0.0,0.0,0.0,0.0,0.0,0.0,1.0,0.0,0.0,0.0,0.0,0.0,2816.0,4.0,12.09.1994,22.0,460.0,320.0,108.0,29.0,29.0,20.0,20.0,0.0,0.0,0.0,0.0
J. Bradshaw,A. Rinderknech,1.0,0.0,0.0,1.0,0.0,0.0,0.0,0.0,0.0,0.0,0.0,0.0,0.0,0.0,0.0,37971.0,550.0,23.10.2002,1.0,63.0,63.0,0.0,0.0,21.0,0.0,0.0,0.0,0.0,0.0,0.0
G. Brouwer,F. Tiafoe,1.0,0.0,0.0,0.0,0.0,0.0,1.0,0.0,0.0,0.0,0.0,0.0,0.0,0.0,0.0,581.0,156.0,14.03.1996,11.0,279.0,180.0,82.0,17.0,28.0,0.0,0.0,0.0,0.0,0.0,0.0
R. Hijikata,L. Djere,1.0,1.0,100.0,1.0,1.0,100.0,0.0,0.0,0.0,0.0,0.0,0.0,0.0,0.0,0.0,3317.0,0.0,23.02.2001,17.0,237.0,203.0,19.0,21.0,23.0,43.47826086956522,43.47826086956522,0.0,0.0,0.0,0.0
R. Hijikata,J. Thompson,1.0,0.0,0.0,0.0,0.0,0.0,0.0,0.0,0.0,1.0,0.0,0.0,0.0,0.0,0.0,3317.0,0.0,23.02.2001,17.0,237.0,203.0,19.0,21.0,23.0,43.47826086956522,43.47826086956522,0.0,0.0,0.0,0.0
R. Hijikata,A. Mannarino,1.0,0.0,0.0,0.0,0.0,0.0,0.0,0.0,0.0,1.0,0.0,0.0,0.0,0.0,0.0,3317.0,0.0,23.02.2001,17.0,237.0,203.0,19.0,21.0,23.0,43.47826086956522,43.47826086956522,0.0,0.0,0.0,0.0
R. Hijikata,B. Nakashima,1.0,0.0,0.0,0.0,0.0,0.0,1.0,0.0,0.0,0.0,0.0,0.0,0.0,0.0,0.0,3317.0,0.0,23.02.2001,17.0,237.0,203.0,19.0,21.0,23.0,43.47826086956522,43.47826086956522,0.0,0.0,0.0,0.0
E. Mertens,A. Eala,1.0,1.0,100.0,1.0,1.0,100.0,0.0,0.0,0.0,0.0,0.0,0.0,0.0,0.0,0.0,521.0,1.0,17.11.1995,31.0,576.0,380.0,118.0,74.0,28.0,0.0,0.0,0.0,0.0,0.0,0.0
E. Mertens,G. Ruse,1.0,1.0,100.0,1.0,1.0,100.0,0.0,0.0,0.0,0.0,0.0,0.0,0.0,0.0,0.0,521.0,1.0,17.11.1995,31.0,576.0,380.0,118.0,74.0,28.0,0.0,0.0,0.0,0.0,0.0,0.0
E. Mertens,C. Osorio,1.0,1.0,100.0,0.0,0.0,0.0,1.0,1.0,100.0,0.0,0.0,0.0,0.0,0.0,0.0,521.0,1.0,17.11.1995,31.0,576.0,380.0,118.0,74.0,28.0,0.0,0.0,0.0,0.0,0.0,0.0
E. Mertens,D. Kasatkina,1.0,0.0,0.0,1.0,0.0,0.0,0.0,0.0,0.0,0.0,0.0,0.0,0.0,0.0,0.0,521.0,1.0,17.11.1995,31.0,576.0,380.0,118.0,74.0,28.0,0.0,0.0,0.0,0.0,0.0,0.0
E. Mertens,I. Begu,1.0,0.0,0.0,0.0,0.0,0.0,1.0,0.0,0.0,0.0,0.0,0.0,0.0,0.0,0.0,521.0,1.0,17.11.1995,31.0,576.0,380.0,118.0,74.0,28.0,0.0,0.0,0.0,0.0,0.0,0.0
E. Mertens,C. Gauff,1.0,0.0,0.0,1.0,0.0,0.0,0.0,0.0,0.0,0.0,0.0,0.0,0.0,0.0,0.0,521.0,1.0,17.11.1995,31.0,576.0,380.0,118.0,74.0,28.0,0.0,0.0,0.0,0.0,0.0,0.0
E. Mertens,A. Pavlyuchenkova,1.0,0.0,0.0,0.0,0.0,0.0,1.0,0.0,0.0,0.0,0.0,0.0,0.0,0.0,0.0,521.0,1.0,17.11.1995,31.0,576.0,380.0,118.0,74.0,28.0,0.0,0.0,0.0,0.0,0.0,0.0
M. Ng,L. Chan,1.0,0.0,0.0,0.0,0.0,0.0,0.0,0.0,0.0,0.0,0.0,0.0,1.0,0.0,0.0,2.0,748.0,28.03.1996,2.0,72.0,64.0,0.0,0.0,28.0,54.54545454545454,44.44444444444444,0.0,0.0,0.0,0.0
F. Agamenone,O. Virtanen,1.0,1.0,100.0,0.0,0.0,0.0,1.0,1.0,100.0,0.0,0.0,0.0,0.0,0.0,0.0,373.0,138.0,15.04.1993,20.0,274.0,49.0,225.0,0.0,31.0,26.666666666666668,12.5,42.857142857142854,0.0,0.0,0.0
F. Agamenone,F. Comesana,1.0,1.0,100.0,1.0,1.0,100.0,0.0,0.0,0.0,0.0,0.0,0.0,0.0,0.0,0.0,373.0,138.0,15.04.1993,20.0,274.0,49.0,225.0,0.0,31.0,26.666666666666668,12.5,42.857142857142854,0.0,0.0,0.0
E. Lys,P. Udvardy,1.0,1.0,100.0,0.0,0.0,0.0,1.0,1.0,100.0,0.0,0.0,0.0,0.0,0.0,0.0,2088.0,127.0,12.01.2002,3.0,98.0,66.0,30.0,1.0,22.0,33.33333333333333,33.33333333333333,0.0,0.0,100.0,102.04081632653062
E. Lys,C. Bucsa,1.0,0.0,0.0,1.0,0.0,0.0,0.0,0.0,0.0,0.0,0.0,0.0,0.0,0.0,0.0,2088.0,127.0,12.01.2002,3.0,98.0,66.0,30.0,1.0,22.0,33.33333333333333,33.33333333333333,0.0,0.0,100.0,102.04081632653062
E. Lys,M. Bouzkova,1.0,0.0,0.0,1.0,0.0,0.0,0.0,0.0,0.0,0.0,0.0,0.0,0.0,0.0,0.0,2088.0,127.0,12.01.2002,3.0,98.0,66.0,30.0,1.0,22.0,33.33333333333333,33.33333333333333,0.0,0.0,100.0,102.04081632653062
Z. Li,X. You,1.0,0.0,0.0,1.0,0.0,0.0,0.0,0.0,0.0,0.0,0.0,0.0,0.0,0.0,0.0,22722.0,358.0,01.01.1970,5.0,111.0,92.0,19.0,0.0,54.0,45.0,47.368421052631575,0.0,0.0,0.0,0.0
E. Cocciaretto,S. Kenin,1.0,1.0,100.0,1.0,1.0,100.0,0.0,0.0,0.0,0.0,0.0,0.0,0.0,0.0,0.0,477.0,46.0,25.01.2001,9.0,162.0,64.0,86.0,6.0,23.0,40.0,50.0,0.0,0.0,0.0,0.0
E. Cocciaretto,A. Potapova,1.0,0.0,0.0,1.0,0.0,0.0,0.0,0.0,0.0,0.0,0.0,0.0,0.0,0.0,0.0,477.0,46.0,25.01.2001,9.0,162.0,64.0,86.0,6.0,23.0,40.0,50.0,0.0,0.0,0.0,0.0
E. Cocciaretto,L. Davis,1.0,0.0,0.0,1.0,0.0,0.0,0.0,0.0,0.0,0.0,0.0,0.0,0.0,0.0,0.0,477.0,46.0,25.01.2001,9.0,162.0,64.0,86.0,6.0,23.0,40.0,50.0,0.0,0.0,0.0,0.0
E. Cocciaretto,C. Garcia,1.0,0.0,0.0,1.0,0.0,0.0,0.0,0.0,0.0,0.0,0.0,0.0,0.0,0.0,0.0,477.0,46.0,25.01.2001,9.0,162.0,64.0,86.0,6.0,23.0,40.0,50.0,0.0,0.0,0.0,0.0
E. Escobedo,R. Te,1.0,0.0,0.0,0.0,0.0,0.0,0.0,0.0,0.0,0.0,0.0,0.0,1.0,0.0,0.0,402.0,0.0,04.07.1996,10.0,284.0,238.0,37.0,14.0,27.0,25.0,0.0,25.0,0.0,0.0,0.0
P. Brown,T. Atmane,1.0,0.0,0.0,1.0,0.0,0.0,0.0,0.0,0.0,0.0,0.0,0.0,0.0,0.0,0.0,1232.0,762.0,23.08.2001,0.0,54.0,40.0,14.0,0.0,22.0,50.0,50.0,50.0,0.0,66.0,122.22222222222223
E. Mandlik,J. Ponchet,1.0,1.0,100.0,0.0,0.0,0.0,1.0,1.0,100.0,0.0,0.0,0.0,0.0,0.0,0.0,209.0,113.0,19.05.2001,7.0,141.0,87.0,41.0,13.0,23.0,0.0,0.0,0.0,0.0,0.0,0.0
E. Mandlik,V. Tomova,1.0,1.0,100.0,0.0,0.0,0.0,0.0,0.0,0.0,1.0,1.0,100.0,0.0,0.0,0.0,209.0,113.0,19.05.2001,7.0,141.0,87.0,41.0,13.0,23.0,0.0,0.0,0.0,0.0,0.0,0.0
E. Mandlik,Y. Y. Yang,1.0,1.0,100.0,1.0,1.0,100.0,0.0,0.0,0.0,0.0,0.0,0.0,0.0,0.0,0.0,209.0,113.0,19.05.2001,7.0,141.0,87.0,41.0,13.0,23.0,0.0,0.0,0.0,0.0,0.0,0.0
V. Azarenka,C. Giorgi,1.0,1.0,100.0,1.0,1.0,100.0,0.0,0.0,0.0,0.0,0.0,0.0,0.0,0.0,0.0,2174.0,1.0,31.07.1989,34.0,770.0,519.0,172.0,79.0,34.0,0.0,0.0,0.0,0.0,117.0,15.194805194805195
V. Azarenka,B. Krejcikova,1.0,1.0,100.0,1.0,1.0,100.0,0.0,0.0,0.0,0.0,0.0,0.0,0.0,0.0,0.0,2174.0,1.0,31.07.1989,34.0,770.0,519.0,172.0,79.0,34.0,0.0,0.0,0.0,0.0,117.0,15.194805194805195
V. Azarenka,N. Stevanovic,1.0,1.0,100.0,0.0,0.0,0.0,0.0,0.0,0.0,1.0,1.0,100.0,0.0,0.0,0.0,2174.0,1.0,31.07.1989,34.0,770.0,519.0,172.0,79.0,34.0,0.0,0.0,0.0,0.0,117.0,15.194805194805195
V. Azarenka,F. Ferro,1.0,1.0,100.0,1.0,1.0,100.0,0.0,0.0,0.0,0.0,0.0,0.0,0.0,0.0,0.0,2174.0,1.0,31.07.1989,34.0,770.0,519.0,172.0,79.0,34.0,0.0,0.0,0.0,0.0,117.0,15.194805194805195
V. Azarenka,D. Yastremska,1.0,0.0,0.0,1.0,0.0,0.0,0.0,0.0,0.0,0.0,0.0,0.0,0.0,0.0,0.0,2174.0,1.0,31.07.1989,34.0,770.0,519.0,172.0,79.0,34.0,0.0,0.0,0.0,0.0,117.0,15.194805194805195
V. Azarenka,I. Swiatek,1.0,0.0,0.0,1.0,0.0,0.0,0.0,0.0,0.0,0.0,0.0,0.0,0.0,0.0,0.0,2174.0,1.0,31.07.1989,34.0,770.0,519.0,172.0,79.0,34.0,0.0,0.0,0.0,0.0,117.0,15.194805194805195
V. Azarenka,E. Rybakina,1.0,0.0,0.0,1.0,0.0,0.0,0.0,0.0,0.0,0.0,0.0,0.0,0.0,0.0,0.0,2174.0,1.0,31.07.1989,34.0,770.0,519.0,172.0,79.0,34.0,0.0,0.0,0.0,0.0,117.0,15.194805194805195
V. Azarenka,E. Svitolina,1.0,0.0,0.0,0.0,0.0,0.0,0.0,0.0,0.0,1.0,0.0,0.0,0.0,0.0,0.0,2174.0,1.0,31.07.1989,34.0,770.0,519.0,172.0,79.0,34.0,0.0,0.0,0.0,0.0,117.0,15.194805194805195
M. Kubka,G. Ruse,1.0,0.0,0.0,1.0,0.0,0.0,0.0,0.0,0.0,0.0,0.0,0.0,0.0,0.0,0.0,2295.0,189.0,19.04.2001,16.0,194.0,128.0,61.0,4.0,23.0,44.0,50.0,0.0,0.0,78.0,40.20618556701031
P. Llamas Ruiz,C. Hemery,1.0,1.0,100.0,0.0,0.0,0.0,0.0,0.0,0.0,0.0,0.0,0.0,0.0,0.0,0.0,987.0,142.0,13.10.2002,6.0,169.0,30.0,138.0,1.0,21.0,0.0,0.0,0.0,0.0,0.0,0.0
L. Broady,A. Rublev,1.0,0.0,0.0,1.0,0.0,0.0,0.0,0.0,0.0,0.0,0.0,0.0,0.0,0.0,0.0,410.0,108.0,04.01.1994,9.0,416.0,320.0,53.0,43.0,30.0,46.666666666666664,50.0,44.44444444444444,0.0,0.0,0.0
A-L. Friedsam,P. Badosa,1.0,0.0,0.0,0.0,0.0,0.0,1.0,0.0,0.0,0.0,0.0,0.0,0.0,0.0,0.0,522.0,37.0,01.02.1994,13.0,346.0,202.0,116.0,25.0,30.0,11.11111111111111,11.11111111111111,0.0,0.0,0.0,0.0
S. Napolitano,R. Gasquet,1.0,0.0,0.0,0.0,0.0,0.0,1.0,0.0,0.0,0.0,0.0,0.0,0.0,0.0,0.0,3915.0,125.0,11.04.1995,8.0,303.0,107.0,186.0,10.0,29.0,58.333333333333336,65.0,0.0,25.0,0.0,0.0
T. Atmane,P. Brown,1.0,1.0,100.0,1.0,1.0,100.0,0.0,0.0,0.0,0.0,0.0,0.0,0.0,0.0,0.0,13091.0,121.0,09.01.2002,7.0,181.0,144.0,37.0,0.0,22.0,79.48717948717949,84.61538461538461,50.0,77.77777777777779,0.0,0.0
T. Atmane,L. Musetti,1.0,1.0,100.0,0.0,0.0,0.0,1.0,1.0,100.0,0.0,0.0,0.0,0.0,0.0,0.0,13091.0,121.0,09.01.2002,7.0,181.0,144.0,37.0,0.0,22.0,79.48717948717949,84.61538461538461,50.0,77.77777777777779,0.0,0.0
T. Atmane,M. Kukushkin,1.0,1.0,100.0,1.0,1.0,100.0,0.0,0.0,0.0,0.0,0.0,0.0,0.0,0.0,0.0,13091.0,121.0,09.01.2002,7.0,181.0,144.0,37.0,0.0,22.0,79.48717948717949,84.61538461538461,50.0,77.77777777777779,0.0,0.0
T. Atmane,D. Medvedev,1.0,0.0,0.0,1.0,0.0,0.0,0.0,0.0,0.0,0.0,0.0,0.0,0.0,0.0,0.0,13091.0,121.0,09.01.2002,7.0,181.0,144.0,37.0,0.0,22.0,79.48717948717949,84.61538461538461,50.0,77.77777777777779,0.0,0.0
T. Atmane,G. Dimitrov,1.0,0.0,0.0,0.0,0.0,0.0,1.0,0.0,0.0,0.0,0.0,0.0,0.0,0.0,0.0,13091.0,121.0,09.01.2002,7.0,181.0,144.0,37.0,0.0,22.0,79.48717948717949,84.61538461538461,50.0,77.77777777777779,0.0,0.0
S. Stephens,T. Townsend,1.0,1.0,100.0,1.0,1.0,100.0,0.0,0.0,0.0,0.0,0.0,0.0,0.0,0.0,0.0,1826.0,6.0,20.03.1993,10.0,377.0,228.0,121.0,25.0,31.0,6.25,9.090909090909092,0.0,0.0,237.0,62.864721485411145
S. Stephens,Ka. Pliskova,1.0,1.0,100.0,1.0,1.0,100.0,0.0,0.0,0.0,0.0,0.0,0.0,0.0,0.0,0.0,1826.0,6.0,20.03.1993,10.0,377.0,228.0,121.0,25.0,31.0,6.25,9.090909090909092,0.0,0.0,237.0,62.864721485411145
S. Stephens,M. Linette,1.0,1.0,100.0,1.0,1.0,100.0,0.0,0.0,0.0,0.0,0.0,0.0,0.0,0.0,0.0,1826.0,6.0,20.03.1993,10.0,377.0,228.0,121.0,25.0,31.0,6.25,9.090909090909092,0.0,0.0,237.0,62.864721485411145
S. Stephens,C. Garcia,1.0,1.0,100.0,1.0,1.0,100.0,0.0,0.0,0.0,0.0,0.0,0.0,0.0,0.0,0.0,1826.0,6.0,20.03.1993,10.0,377.0,228.0,121.0,25.0,31.0,6.25,9.090909090909092,0.0,0.0,237.0,62.864721485411145
S. Stephens,V. Gracheva,2.0,1.0,50.0,2.0,1.0,50.0,0.0,0.0,0.0,0.0,0.0,0.0,0.0,0.0,0.0,1826.0,6.0,20.03.1993,10.0,377.0,228.0,121.0,25.0,31.0,6.25,9.090909090909092,0.0,0.0,237.0,62.864721485411145
S. Stephens,Y. Putintseva,1.0,0.0,0.0,0.0,0.0,0.0,1.0,0.0,0.0,0.0,0.0,0.0,0.0,0.0,0.0,1826.0,6.0,20.03.1993,10.0,377.0,228.0,121.0,25.0,31.0,6.25,9.090909090909092,0.0,0.0,237.0,62.864721485411145
S. Stephens,S. Rogers,1.0,0.0,0.0,1.0,0.0,0.0,0.0,0.0,0.0,0.0,0.0,0.0,0.0,0.0,0.0,1826.0,6.0,20.03.1993,10.0,377.0,228.0,121.0,25.0,31.0,6.25,9.090909090909092,0.0,0.0,237.0,62.864721485411145
S. Stephens,S. Sorribes Tormo,1.0,0.0,0.0,1.0,0.0,0.0,0.0,0.0,0.0,0.0,0.0,0.0,0.0,0.0,0.0,1826.0,6.0,20.03.1993,10.0,377.0,228.0,121.0,25.0,31.0,6.25,9.090909090909092,0.0,0.0,237.0,62.864721485411145
S. Stephens,E. Rybakina,1.0,0.0,0.0,1.0,0.0,0.0,0.0,0.0,0.0,0.0,0.0,0.0,0.0,0.0,0.0,1826.0,6.0,20.03.1993,10.0,377.0,228.0,121.0,25.0,31.0,6.25,9.090909090909092,0.0,0.0,237.0,62.864721485411145
S. Stephens,S. Cirstea,1.0,0.0,0.0,1.0,0.0,0.0,0.0,0.0,0.0,0.0,0.0,0.0,0.0,0.0,0.0,1826.0,6.0,20.03.1993,10.0,377.0,228.0,121.0,25.0,31.0,6.25,9.090909090909092,0.0,0.0,237.0,62.864721485411145
L. Zhu,Xin. Wang,1.0,1.0,100.0,1.0,1.0,100.0,0.0,0.0,0.0,0.0,0.0,0.0,0.0,0.0,0.0,451.0,0.0,28.01.1994,15.0,346.0,309.0,12.0,23.0,30.0,30.76923076923077,50.0,14.285714285714285,0.0,0.0,0.0
L. Zhu,S. J. Jang,1.0,1.0,100.0,1.0,1.0,100.0,0.0,0.0,0.0,0.0,0.0,0.0,0.0,0.0,0.0,451.0,0.0,28.01.1994,15.0,346.0,309.0,12.0,23.0,30.0,30.76923076923077,50.0,14.285714285714285,0.0,0.0,0.0
A. Kalinskaya,C. Vandeweghe,1.0,1.0,100.0,1.0,1.0,100.0,0.0,0.0,0.0,0.0,0.0,0.0,0.0,0.0,0.0,1820.0,25.0,02.12.1998,5.0,263.0,189.0,53.0,20.0,25.0,16.666666666666664,20.0,0.0,0.0,140.0,53.2319391634981
A. Kalinskaya,C. Kuhl,1.0,1.0,100.0,0.0,0.0,0.0,1.0,1.0,100.0,0.0,0.0,0.0,0.0,0.0,0.0,1820.0,25.0,02.12.1998,5.0,263.0,189.0,53.0,20.0,25.0,16.666666666666664,20.0,0.0,0.0,140.0,53.2319391634981
A. Kalinskaya,K. Rakhimova,1.0,1.0,100.0,1.0,1.0,100.0,0.0,0.0,0.0,0.0,0.0,0.0,0.0,0.0,0.0,1820.0,25.0,02.12.1998,5.0,263.0,189.0,53.0,20.0,25.0,16.666666666666664,20.0,0.0,0.0,140.0,53.2319391634981
A. Kalinskaya,L. Noskova,1.0,0.0,0.0,1.0,0.0,0.0,0.0,0.0,0.0,0.0,0.0,0.0,0.0,0.0,0.0,1820.0,25.0,02.12.1998,5.0,263.0,189.0,53.0,20.0,25.0,16.666666666666664,20.0,0.0,0.0,140.0,53.2319391634981
A. Kalinskaya,Q. Zheng,1.0,0.0,0.0,1.0,0.0,0.0,0.0,0.0,0.0,0.0,0.0,0.0,0.0,0.0,0.0,1820.0,25.0,02.12.1998,5.0,263.0,189.0,53.0,20.0,25.0,16.666666666666664,20.0,0.0,0.0,140.0,53.2319391634981
A. Kalinskaya,J. Paolini,1.0,0.0,0.0,1.0,0.0,0.0,0.0,0.0,0.0,0.0,0.0,0.0,0.0,0.0,0.0,1820.0,25.0,02.12.1998,5.0,263.0,189.0,53.0,20.0,25.0,16.666666666666664,20.0,0.0,0.0,140.0,53.2319391634981
G. Minnen,S. Vickery,1.0,1.0,100.0,1.0,1.0,100.0,0.0,0.0,0.0,0.0,0.0,0.0,0.0,0.0,0.0,2191.0,59.0,14.08.1997,10.0,256.0,166.0,56.0,30.0,26.0,10.0,0.0,14.285714285714285,0.0,78.0,30.46875
G. Minnen,E. Arango,1.0,0.0,0.0,0.0,0.0,0.0,1.0,0.0,0.0,0.0,0.0,0.0,0.0,0.0,0.0,2191.0,59.0,14.08.1997,10.0,256.0,166.0,56.0,30.0,26.0,10.0,0.0,14.285714285714285,0.0,78.0,30.46875
C. Monnet,T. Maria,1.0,0.0,0.0,0.0,0.0,0.0,1.0,0.0,0.0,0.0,0.0,0.0,0.0,0.0,0.0,1831.0,190.0,01.12.2001,6.0,205.0,108.0,94.0,3.0,22.0,0.0,0.0,0.0,0.0,194.0,94.6341463414634
H. Watson,Y. Putintseva,1.0,1.0,100.0,1.0,1.0,100.0,0.0,0.0,0.0,0.0,0.0,0.0,0.0,0.0,0.0,1155.0,46.0,19.05.1992,13.0,437.0,300.0,54.0,79.0,32.0,66.66666666666666,66.66666666666666,0.0,0.0,0.0,0.0
H. Watson,C. Bucsa,1.0,0.0,0.0,1.0,0.0,0.0,0.0,0.0,0.0,0.0,0.0,0.0,0.0,0.0,0.0,1155.0,46.0,19.05.1992,13.0,437.0,300.0,54.0,79.0,32.0,66.66666666666666,66.66666666666666,0.0,0.0,0.0,0.0
H. Watson,Xin. Wang,1.0,0.0,0.0,1.0,0.0,0.0,0.0,0.0,0.0,0.0,0.0,0.0,0.0,0.0,0.0,1155.0,46.0,19.05.1992,13.0,437.0,300.0,54.0,79.0,32.0,66.66666666666666,66.66666666666666,0.0,0.0,0.0,0.0
R. Vicens Mas,I. Shymanovich,1.0,1.0,100.0,0.0,0.0,0.0,1.0,1.0,100.0,0.0,0.0,0.0,0.0,0.0,0.0,9354.0,220.0,25.06.2000,7.0,169.0,52.0,117.0,0.0,24.0,54.285714285714285,56.52173913043478,40.0,57.14285714285714,0.0,0.0
J. Choinski,G. Hussey,1.0,1.0,100.0,0.0,0.0,0.0,0.0,0.0,0.0,1.0,1.0,100.0,0.0,0.0,0.0,5979.0,160.0,10.06.1996,8.0,259.0,108.0,148.0,3.0,28.0,72.72727272727273,80.0,0.0,0.0,0.0,0.0
Y. Wang,E. Arango,1.0,1.0,100.0,1.0,1.0,100.0,0.0,0.0,0.0,0.0,0.0,0.0,0.0,0.0,0.0,2276.0,0.0,20.12.1998,22.0,315.0,240.0,51.0,42.0,25.0,50.0,50.0,0.0,0.0,0.0,0.0
J-L. Struff,A. Karatsev,1.0,1.0,100.0,0.0,0.0,0.0,1.0,1.0,100.0,0.0,0.0,0.0,0.0,0.0,0.0,2831.0,22.0,25.04.1990,21.0,619.0,319.0,254.0,39.0,34.0,50.0,66.66666666666666,0.0,0.0,0.0,0.0
J-L. Struff,D. Altmaier,1.0,1.0,100.0,1.0,1.0,100.0,0.0,0.0,0.0,0.0,0.0,0.0,0.0,0.0,0.0,2831.0,22.0,25.04.1990,21.0,619.0,319.0,254.0,39.0,34.0,50.0,66.66666666666666,0.0,0.0,0.0,0.0
J-L. Struff,C. Alcaraz,1.0,0.0,0.0,0.0,0.0,0.0,1.0,0.0,0.0,0.0,0.0,0.0,0.0,0.0,0.0,2831.0,22.0,25.04.1990,21.0,619.0,319.0,254.0,39.0,34.0,50.0,66.66666666666666,0.0,0.0,0.0,0.0
J-L. Struff,H. Gaston,1.0,0.0,0.0,1.0,0.0,0.0,0.0,0.0,0.0,0.0,0.0,0.0,0.0,0.0,0.0,2831.0,22.0,25.04.1990,21.0,619.0,319.0,254.0,39.0,34.0,50.0,66.66666666666666,0.0,0.0,0.0,0.0
J-L. Struff,F. Auger-Aliassime,1.0,0.0,0.0,1.0,0.0,0.0,0.0,0.0,0.0,0.0,0.0,0.0,0.0,0.0,0.0,2831.0,22.0,25.04.1990,21.0,619.0,319.0,254.0,39.0,34.0,50.0,66.66666666666666,0.0,0.0,0.0,0.0
J-L. Struff,J. Draper,1.0,0.0,0.0,1.0,0.0,0.0,0.0,0.0,0.0,0.0,0.0,0.0,0.0,0.0,0.0,2831.0,22.0,25.04.1990,21.0,619.0,319.0,254.0,39.0,34.0,50.0,66.66666666666666,0.0,0.0,0.0,0.0
S. Baez,A. Tabilo,1.0,1.0,100.0,0.0,0.0,0.0,1.0,1.0,100.0,0.0,0.0,0.0,0.0,0.0,0.0,1101.0,20.0,28.12.2000,14.0,214.0,48.0,161.0,3.0,23.0,27.27272727272727,27.27272727272727,0.0,0.0,0.0,0.0
S. Baez,J. P. Varillas,1.0,1.0,100.0,0.0,0.0,0.0,1.0,1.0,100.0,0.0,0.0,0.0,0.0,0.0,0.0,1101.0,20.0,28.12.2000,14.0,214.0,48.0,161.0,3.0,23.0,27.27272727272727,27.27272727272727,0.0,0.0,0.0,0.0
S. Baez,B. Zapata Miralles,1.0,1.0,100.0,0.0,0.0,0.0,1.0,1.0,100.0,0.0,0.0,0.0,0.0,0.0,0.0,1101.0,20.0,28.12.2000,14.0,214.0,48.0,161.0,3.0,23.0,27.27272727272727,27.27272727272727,0.0,0.0,0.0,0.0
S. Baez,T. Monteiro,1.0,1.0,100.0,0.0,0.0,0.0,1.0,1.0,100.0,0.0,0.0,0.0,0.0,0.0,0.0,1101.0,20.0,28.12.2000,14.0,214.0,48.0,161.0,3.0,23.0,27.27272727272727,27.27272727272727,0.0,0.0,0.0,0.0
S. Baez,C. O&apos;Connell,1.0,1.0,100.0,1.0,1.0,100.0,0.0,0.0,0.0,0.0,0.0,0.0,0.0,0.0,0.0,1101.0,20.0,28.12.2000,14.0,214.0,48.0,161.0,3.0,23.0,27.27272727272727,27.27272727272727,0.0,0.0,0.0,0.0
S. Baez,M. Giron,1.0,1.0,100.0,0.0,0.0,0.0,1.0,1.0,100.0,0.0,0.0,0.0,0.0,0.0,0.0,1101.0,20.0,28.12.2000,14.0,214.0,48.0,161.0,3.0,23.0,27.27272727272727,27.27272727272727,0.0,0.0,0.0,0.0
S. Baez,C. Ruud,2.0,0.0,0.0,0.0,0.0,0.0,2.0,0.0,0.0,0.0,0.0,0.0,0.0,0.0,0.0,1101.0,20.0,28.12.2000,14.0,214.0,48.0,161.0,3.0,23.0,27.27272727272727,27.27272727272727,0.0,0.0,0.0,0.0
S. Baez,T. Barrios Vera,1.0,0.0,0.0,0.0,0.0,0.0,0.0,0.0,0.0,1.0,0.0,0.0,0.0,0.0,0.0,1101.0,20.0,28.12.2000,14.0,214.0,48.0,161.0,3.0,23.0,27.27272727272727,27.27272727272727,0.0,0.0,0.0,0.0
S. Baez,J. Draper,1.0,0.0,0.0,1.0,0.0,0.0,0.0,0.0,0.0,0.0,0.0,0.0,0.0,0.0,0.0,1101.0,20.0,28.12.2000,14.0,214.0,48.0,161.0,3.0,23.0,27.27272727272727,27.27272727272727,0.0,0.0,0.0,0.0
E. Andreeva,E. Arango,1.0,1.0,100.0,1.0,1.0,100.0,0.0,0.0,0.0,0.0,0.0,0.0,0.0,0.0,0.0,1958.0,101.0,24.06.2004,5.0,168.0,84.0,83.0,1.0,20.0,70.58823529411765,58.333333333333336,74.35897435897436,0.0,0.0,0.0
E. Andreeva,A. Sabalenka,1.0,0.0,0.0,0.0,0.0,0.0,1.0,0.0,0.0,0.0,0.0,0.0,0.0,0.0,0.0,1958.0,101.0,24.06.2004,5.0,168.0,84.0,83.0,1.0,20.0,70.58823529411765,58.333333333333336,74.35897435897436,0.0,0.0,0.0
E. Andreeva,E. Avanesyan,1.0,0.0,0.0,1.0,0.0,0.0,0.0,0.0,0.0,0.0,0.0,0.0,0.0,0.0,0.0,1958.0,101.0,24.06.2004,5.0,168.0,84.0,83.0,1.0,20.0,70.58823529411765,58.333333333333336,74.35897435897436,0.0,0.0,0.0
E. Andreeva,E. Navarro,1.0,0.0,0.0,0.0,0.0,0.0,1.0,0.0,0.0,0.0,0.0,0.0,0.0,0.0,0.0,1958.0,101.0,24.06.2004,5.0,168.0,84.0,83.0,1.0,20.0,70.58823529411765,58.333333333333336,74.35897435897436,0.0,0.0,0.0
M. Andreeva,L. Noskova,1.0,1.0,100.0,0.0,0.0,0.0,1.0,1.0,100.0,0.0,0.0,0.0,0.0,0.0,0.0,9534.0,0.0,29.04.2007,23.0,125.0,64.0,72.0,23.0,17.0,45.0,48.275862068965516,33.33333333333333,40.0,0.0,0.0
M. Andreeva,T. Korpatsch,1.0,1.0,100.0,1.0,1.0,100.0,0.0,0.0,0.0,0.0,0.0,0.0,0.0,0.0,0.0,9534.0,0.0,29.04.2007,23.0,125.0,64.0,72.0,23.0,17.0,45.0,48.275862068965516,33.33333333333333,40.0,0.0,0.0
M. Andreeva,C. Paquet,1.0,1.0,100.0,0.0,0.0,0.0,0.0,0.0,0.0,1.0,1.0,100.0,0.0,0.0,0.0,9534.0,0.0,29.04.2007,23.0,125.0,64.0,72.0,23.0,17.0,45.0,48.275862068965516,33.33333333333333,40.0,0.0,0.0
M. Andreeva,P. Kudermetova,1.0,1.0,100.0,0.0,0.0,0.0,1.0,1.0,100.0,0.0,0.0,0.0,0.0,0.0,0.0,9534.0,0.0,29.04.2007,23.0,125.0,64.0,72.0,23.0,17.0,45.0,48.275862068965516,33.33333333333333,40.0,0.0,0.0
M. Andreeva,A. Kalinina,1.0,0.0,0.0,1.0,0.0,0.0,0.0,0.0,0.0,0.0,0.0,0.0,0.0,0.0,0.0,9534.0,0.0,29.04.2007,23.0,125.0,64.0,72.0,23.0,17.0,45.0,48.275862068965516,33.33333333333333,40.0,0.0,0.0
M. Andreeva,M. Keys,1.0,0.0,0.0,0.0,0.0,0.0,0.0,0.0,0.0,1.0,0.0,0.0,0.0,0.0,0.0,9534.0,0.0,29.04.2007,23.0,125.0,64.0,72.0,23.0,17.0,45.0,48.275862068965516,33.33333333333333,40.0,0.0,0.0
M. Andreeva,K. Volynets,1.0,0.0,0.0,1.0,0.0,0.0,0.0,0.0,0.0,0.0,0.0,0.0,0.0,0.0,0.0,9534.0,0.0,29.04.2007,23.0,125.0,64.0,72.0,23.0,17.0,45.0,48.275862068965516,33.33333333333333,40.0,0.0,0.0
B. Bicknell,K. Marshall,1.0,1.0,100.0,0.0,0.0,0.0,0.0,0.0,0.0,0.0,0.0,0.0,1.0,1.0,100.0,1251.0,306.0,26.11.2001,2.0,101.0,62.0,25.0,0.0,22.0,33.33333333333333,0.0,33.33333333333333,0.0,0.0,0.0
H. Mayot,A. Vavassori,1.0,1.0,100.0,0.0,0.0,0.0,1.0,1.0,100.0,0.0,0.0,0.0,0.0,0.0,0.0,1189.0,0.0,04.02.2002,6.0,183.0,104.0,73.0,12.0,22.0,42.857142857142854,57.14285714285714,40.0,0.0,0.0,0.0
M. Fucsovics,M. Navone,1.0,1.0,100.0,0.0,0.0,0.0,1.0,1.0,100.0,0.0,0.0,0.0,0.0,0.0,0.0,2833.0,36.0,08.02.1992,8.0,463.0,268.0,152.0,36.0,32.0,25.0,16.666666666666664,37.5,0.0,0.0,0.0
M. Fucsovics,T. Fritz,1.0,1.0,100.0,0.0,0.0,0.0,0.0,0.0,0.0,1.0,1.0,100.0,0.0,0.0,0.0,2833.0,36.0,08.02.1992,8.0,463.0,268.0,152.0,36.0,32.0,25.0,16.666666666666664,37.5,0.0,0.0,0.0
M. Fucsovics,F. Auger-Aliassime,1.0,1.0,100.0,1.0,1.0,100.0,0.0,0.0,0.0,0.0,0.0,0.0,0.0,0.0,0.0,2833.0,36.0,08.02.1992,8.0,463.0,268.0,152.0,36.0,32.0,25.0,16.666666666666664,37.5,0.0,0.0,0.0
M. Fucsovics,B. Van De Zandschulp,1.0,0.0,0.0,0.0,0.0,0.0,1.0,0.0,0.0,0.0,0.0,0.0,0.0,0.0,0.0,2833.0,36.0,08.02.1992,8.0,463.0,268.0,152.0,36.0,32.0,25.0,16.666666666666664,37.5,0.0,0.0,0.0
M. Fucsovics,J. Sinner,1.0,0.0,0.0,1.0,0.0,0.0,0.0,0.0,0.0,0.0,0.0,0.0,0.0,0.0,0.0,2833.0,36.0,08.02.1992,8.0,463.0,268.0,152.0,36.0,32.0,25.0,16.666666666666664,37.5,0.0,0.0,0.0
M. Fucsovics,S. Ofner,1.0,0.0,0.0,1.0,0.0,0.0,0.0,0.0,0.0,0.0,0.0,0.0,0.0,0.0,0.0,2833.0,36.0,08.02.1992,8.0,463.0,268.0,152.0,36.0,32.0,25.0,16.666666666666664,37.5,0.0,0.0,0.0
M. Fucsovics,T. Machac,1.0,0.0,0.0,1.0,0.0,0.0,0.0,0.0,0.0,0.0,0.0,0.0,0.0,0.0,0.0,2833.0,36.0,08.02.1992,8.0,463.0,268.0,152.0,36.0,32.0,25.0,16.666666666666664,37.5,0.0,0.0,0.0
M. Fucsovics,C. Ruud,1.0,0.0,0.0,0.0,0.0,0.0,1.0,0.0,0.0,0.0,0.0,0.0,0.0,0.0,0.0,2833.0,36.0,08.02.1992,8.0,463.0,268.0,152.0,36.0,32.0,25.0,16.666666666666664,37.5,0.0,0.0,0.0
M. Fucsovics,S. Korda,1.0,0.0,0.0,1.0,0.0,0.0,0.0,0.0,0.0,0.0,0.0,0.0,0.0,0.0,0.0,2833.0,36.0,08.02.1992,8.0,463.0,268.0,152.0,36.0,32.0,25.0,16.666666666666664,37.5,0.0,0.0,0.0
M. Fucsovics,M. Arnaldi,1.0,0.0,0.0,1.0,0.0,0.0,0.0,0.0,0.0,0.0,0.0,0.0,0.0,0.0,0.0,2833.0,36.0,08.02.1992,8.0,463.0,268.0,152.0,36.0,32.0,25.0,16.666666666666664,37.5,0.0,0.0,0.0
M. Capurro Taborda,K. Weedon,1.0,1.0,100.0,0.0,0.0,0.0,0.0,0.0,0.0,0.0,0.0,0.0,1.0,1.0,100.0,1960.0,153.0,04.12.1997,11.0,161.0,13.0,141.0,0.0,26.0,65.38461538461539,80.0,61.904761904761905,0.0,72.0,44.72049689440994
J. Reis Da Silva,G. A. Olivieri,1.0,0.0,0.0,0.0,0.0,0.0,1.0,0.0,0.0,0.0,0.0,0.0,0.0,0.0,0.0,2408.0,213.0,26.03.2000,7.0,212.0,54.0,154.0,4.0,24.0,55.00000000000001,50.0,57.14285714285714,50.0,0.0,0.0
A. Kalinina,M. Andreeva,1.0,1.0,100.0,1.0,1.0,100.0,0.0,0.0,0.0,0.0,0.0,0.0,0.0,0.0,0.0,2393.0,28.0,07.02.1997,7.0,246.0,133.0,99.0,12.0,27.0,33.33333333333333,0.0,50.0,0.0,472.0,191.869918699187
A. Kalinina,C. Wozniacki,1.0,1.0,100.0,1.0,1.0,100.0,0.0,0.0,0.0,0.0,0.0,0.0,0.0,0.0,0.0,2393.0,28.0,07.02.1997,7.0,246.0,133.0,99.0,12.0,27.0,33.33333333333333,0.0,50.0,0.0,472.0,191.869918699187
A. Kalinina,M. Keys,1.0,1.0,100.0,0.0,0.0,0.0,1.0,1.0,100.0,0.0,0.0,0.0,0.0,0.0,0.0,2393.0,28.0,07.02.1997,7.0,246.0,133.0,99.0,12.0,27.0,33.33333333333333,0.0,50.0,0.0,472.0,191.869918699187
A. Kalinina,D. Saville,1.0,1.0,100.0,1.0,1.0,100.0,0.0,0.0,0.0,0.0,0.0,0.0,0.0,0.0,0.0,2393.0,28.0,07.02.1997,7.0,246.0,133.0,99.0,12.0,27.0,33.33333333333333,0.0,50.0,0.0,472.0,191.869918699187
A. Kalinina,V. Kudermetova,1.0,1.0,100.0,0.0,0.0,0.0,1.0,1.0,100.0,0.0,0.0,0.0,0.0,0.0,0.0,2393.0,28.0,07.02.1997,7.0,246.0,133.0,99.0,12.0,27.0,33.33333333333333,0.0,50.0,0.0,472.0,191.869918699187
A. Kalinina,B. Krejcikova,2.0,0.0,0.0,2.0,0.0,0.0,0.0,0.0,0.0,0.0,0.0,0.0,0.0,0.0,0.0,2393.0,28.0,07.02.1997,7.0,246.0,133.0,99.0,12.0,27.0,33.33333333333333,0.0,50.0,0.0,472.0,191.869918699187
A. Kalinina,Q. Zheng,1.0,0.0,0.0,1.0,0.0,0.0,0.0,0.0,0.0,0.0,0.0,0.0,0.0,0.0,0.0,2393.0,28.0,07.02.1997,7.0,246.0,133.0,99.0,12.0,27.0,33.33333333333333,0.0,50.0,0.0,472.0,191.869918699187
A. Kalinina,J. Brady,1.0,0.0,0.0,1.0,0.0,0.0,0.0,0.0,0.0,0.0,0.0,0.0,0.0,0.0,0.0,2393.0,28.0,07.02.1997,7.0,246.0,133.0,99.0,12.0,27.0,33.33333333333333,0.0,50.0,0.0,472.0,191.869918699187
A. Kalinina,C. Garcia,1.0,0.0,0.0,1.0,0.0,0.0,0.0,0.0,0.0,0.0,0.0,0.0,0.0,0.0,0.0,2393.0,28.0,07.02.1997,7.0,246.0,133.0,99.0,12.0,27.0,33.33333333333333,0.0,50.0,0.0,472.0,191.869918699187
R. Nadal,A. De Minaur,1.0,1.0,100.0,0.0,0.0,0.0,1.0,1.0,100.0,0.0,0.0,0.0,0.0,0.0,0.0,2170.0,0.0,03.06.1986,106.0,1213.0,619.0,509.0,84.0,38.0,20.0,20.0,0.0,0.0,0.0,0.0
M. Sakkari,I. Begu,1.0,1.0,100.0,0.0,0.0,0.0,1.0,1.0,100.0,0.0,0.0,0.0,0.0,0.0,0.0,2076.0,6.0,25.07.1995,2.0,333.0,205.0,94.0,28.0,28.0,33.33333333333333,33.33333333333333,0.0,0.0,0.0,0.0
M. Sakkari,S. Hunter,1.0,1.0,100.0,1.0,1.0,100.0,0.0,0.0,0.0,0.0,0.0,0.0,0.0,0.0,0.0,2076.0,6.0,25.07.1995,2.0,333.0,205.0,94.0,28.0,28.0,33.33333333333333,33.33333333333333,0.0,0.0,0.0,0.0
M. Sakkari,E. Alexandrova,1.0,1.0,100.0,1.0,1.0,100.0,0.0,0.0,0.0,0.0,0.0,0.0,0.0,0.0,0.0,2076.0,6.0,25.07.1995,2.0,333.0,205.0,94.0,28.0,28.0,33.33333333333333,33.33333333333333,0.0,0.0,0.0,0.0
M. Sakkari,A. Kerber,1.0,1.0,100.0,0.0,0.0,0.0,0.0,0.0,0.0,0.0,0.0,0.0,1.0,1.0,100.0,2076.0,6.0,25.07.1995,2.0,333.0,205.0,94.0,28.0,28.0,33.33333333333333,33.33333333333333,0.0,0.0,0.0,0.0
M. Sakkari,P. Kvitova,1.0,1.0,100.0,1.0,1.0,100.0,0.0,0.0,0.0,0.0,0.0,0.0,0.0,0.0,0.0,2076.0,6.0,25.07.1995,2.0,333.0,205.0,94.0,28.0,28.0,33.33333333333333,33.33333333333333,0.0,0.0,0.0,0.0
M. Sakkari,C. Dolehide,1.0,1.0,100.0,1.0,1.0,100.0,0.0,0.0,0.0,0.0,0.0,0.0,0.0,0.0,0.0,2076.0,6.0,25.07.1995,2.0,333.0,205.0,94.0,28.0,28.0,33.33333333333333,33.33333333333333,0.0,0.0,0.0,0.0
M. Sakkari,E. Arango,1.0,1.0,100.0,1.0,1.0,100.0,0.0,0.0,0.0,0.0,0.0,0.0,0.0,0.0,0.0,2076.0,6.0,25.07.1995,2.0,333.0,205.0,94.0,28.0,28.0,33.33333333333333,33.33333333333333,0.0,0.0,0.0,0.0
M. Sakkari,V. Kudermetova,1.0,1.0,100.0,0.0,0.0,0.0,1.0,1.0,100.0,0.0,0.0,0.0,0.0,0.0,0.0,2076.0,6.0,25.07.1995,2.0,333.0,205.0,94.0,28.0,28.0,33.33333333333333,33.33333333333333,0.0,0.0,0.0,0.0
M. Sakkari,C. Gauff,1.0,1.0,100.0,1.0,1.0,100.0,0.0,0.0,0.0,0.0,0.0,0.0,0.0,0.0,0.0,2076.0,6.0,25.07.1995,2.0,333.0,205.0,94.0,28.0,28.0,33.33333333333333,33.33333333333333,0.0,0.0,0.0,0.0
M. Sakkari,E. Navarro,2.0,1.0,50.0,2.0,1.0,50.0,0.0,0.0,0.0,0.0,0.0,0.0,0.0,0.0,0.0,2076.0,6.0,25.07.1995,2.0,333.0,205.0,94.0,28.0,28.0,33.33333333333333,33.33333333333333,0.0,0.0,0.0,0.0
M. Sakkari,K. Muchova,1.0,0.0,0.0,1.0,0.0,0.0,0.0,0.0,0.0,0.0,0.0,0.0,0.0,0.0,0.0,2076.0,6.0,25.07.1995,2.0,333.0,205.0,94.0,28.0,28.0,33.33333333333333,33.33333333333333,0.0,0.0,0.0,0.0
M. Sakkari,I. Swiatek,1.0,0.0,0.0,1.0,0.0,0.0,0.0,0.0,0.0,0.0,0.0,0.0,0.0,0.0,0.0,2076.0,6.0,25.07.1995,2.0,333.0,205.0,94.0,28.0,28.0,33.33333333333333,33.33333333333333,0.0,0.0,0.0,0.0
M. Sakkari,A. Sabalenka,2.0,0.0,0.0,2.0,0.0,0.0,0.0,0.0,0.0,0.0,0.0,0.0,0.0,0.0,0.0,2076.0,6.0,25.07.1995,2.0,333.0,205.0,94.0,28.0,28.0,33.33333333333333,33.33333333333333,0.0,0.0,0.0,0.0
M. Sakkari,J. Pegula,2.0,0.0,0.0,2.0,0.0,0.0,0.0,0.0,0.0,0.0,0.0,0.0,0.0,0.0,0.0,2076.0,6.0,25.07.1995,2.0,333.0,205.0,94.0,28.0,28.0,33.33333333333333,33.33333333333333,0.0,0.0,0.0,0.0
M. Sakkari,J. Paolini,1.0,0.0,0.0,1.0,0.0,0.0,0.0,0.0,0.0,0.0,0.0,0.0,0.0,0.0,0.0,2076.0,6.0,25.07.1995,2.0,333.0,205.0,94.0,28.0,28.0,33.33333333333333,33.33333333333333,0.0,0.0,0.0,0.0
M. Sakkari,E. Rybakina,1.0,0.0,0.0,1.0,0.0,0.0,0.0,0.0,0.0,0.0,0.0,0.0,0.0,0.0,0.0,2076.0,6.0,25.07.1995,2.0,333.0,205.0,94.0,28.0,28.0,33.33333333333333,33.33333333333333,0.0,0.0,0.0,0.0
D. Kuzmanov,H. Grenier,1.0,1.0,100.0,0.0,0.0,0.0,1.0,1.0,100.0,0.0,0.0,0.0,0.0,0.0,0.0,371.0,187.0,28.07.1993,4.0,247.0,105.0,136.0,2.0,30.0,35.714285714285715,0.0,41.66666666666667,0.0,0.0,0.0
A. Rublev,U. Humbert,1.0,1.0,100.0,1.0,1.0,100.0,0.0,0.0,0.0,0.0,0.0,0.0,0.0,0.0,0.0,2847.0,0.0,20.10.1997,32.0,515.0,352.0,139.0,32.0,26.0,55.55555555555556,0.0,62.5,0.0,0.0,0.0
A. Rublev,Y. Hanfmann,1.0,1.0,100.0,0.0,0.0,0.0,0.0,0.0,0.0,1.0,1.0,100.0,0.0,0.0,0.0,2847.0,0.0,20.10.1997,32.0,515.0,352.0,139.0,32.0,26.0,55.55555555555556,0.0,62.5,0.0,0.0,0.0
A. Rublev,A. De Minaur,1.0,1.0,100.0,1.0,1.0,100.0,0.0,0.0,0.0,0.0,0.0,0.0,0.0,0.0,0.0,2847.0,0.0,20.10.1997,32.0,515.0,352.0,139.0,32.0,26.0,55.55555555555556,0.0,62.5,0.0,0.0,0.0
A. Rublev,H. Rune,1.0,1.0,100.0,0.0,0.0,0.0,1.0,1.0,100.0,0.0,0.0,0.0,0.0,0.0,0.0,2847.0,0.0,20.10.1997,32.0,515.0,352.0,139.0,32.0,26.0,55.55555555555556,0.0,62.5,0.0,0.0,0.0
A. Rublev,A. Zverev,1.0,1.0,100.0,1.0,1.0,100.0,0.0,0.0,0.0,0.0,0.0,0.0,0.0,0.0,0.0,2847.0,0.0,20.10.1997,32.0,515.0,352.0,139.0,32.0,26.0,55.55555555555556,0.0,62.5,0.0,0.0,0.0
A. Rublev,T. Fritz,1.0,1.0,100.0,0.0,0.0,0.0,1.0,1.0,100.0,0.0,0.0,0.0,0.0,0.0,0.0,2847.0,0.0,20.10.1997,32.0,515.0,352.0,139.0,32.0,26.0,55.55555555555556,0.0,62.5,0.0,0.0,0.0
A. Rublev,F. Auger-Aliassime,1.0,1.0,100.0,0.0,0.0,0.0,1.0,1.0,100.0,0.0,0.0,0.0,0.0,0.0,0.0,2847.0,0.0,20.10.1997,32.0,515.0,352.0,139.0,32.0,26.0,55.55555555555556,0.0,62.5,0.0,0.0,0.0
A. Rublev,L. Broady,1.0,1.0,100.0,1.0,1.0,100.0,0.0,0.0,0.0,0.0,0.0,0.0,0.0,0.0,0.0,2847.0,0.0,20.10.1997,32.0,515.0,352.0,139.0,32.0,26.0,55.55555555555556,0.0,62.5,0.0,0.0,0.0
A. Rublev,C. Ruud,1.0,1.0,100.0,0.0,0.0,0.0,1.0,1.0,100.0,0.0,0.0,0.0,0.0,0.0,0.0,2847.0,0.0,20.10.1997,32.0,515.0,352.0,139.0,32.0,26.0,55.55555555555556,0.0,62.5,0.0,0.0,0.0
A. Rublev,D. Evans,1.0,1.0,100.0,1.0,1.0,100.0,0.0,0.0,0.0,0.0,0.0,0.0,0.0,0.0,0.0,2847.0,0.0,20.10.1997,32.0,515.0,352.0,139.0,32.0,26.0,55.55555555555556,0.0,62.5,0.0,0.0,0.0
A. Rublev,D. Dzumhur,1.0,1.0,100.0,0.0,0.0,0.0,1.0,1.0,100.0,0.0,0.0,0.0,0.0,0.0,0.0,2847.0,0.0,20.10.1997,32.0,515.0,352.0,139.0,32.0,26.0,55.55555555555556,0.0,62.5,0.0,0.0,0.0
A. Rublev,A. Bublik,2.0,1.0,50.0,1.0,0.0,0.0,0.0,0.0,0.0,1.0,1.0,100.0,0.0,0.0,0.0,2847.0,0.0,20.10.1997,32.0,515.0,352.0,139.0,32.0,26.0,55.55555555555556,0.0,62.5,0.0,0.0,0.0
A. Rublev,J. Lehecka,1.0,0.0,0.0,1.0,0.0,0.0,0.0,0.0,0.0,0.0,0.0,0.0,0.0,0.0,0.0,2847.0,0.0,20.10.1997,32.0,515.0,352.0,139.0,32.0,26.0,55.55555555555556,0.0,62.5,0.0,0.0,0.0
A. Rublev,H. Hurkacz,1.0,0.0,0.0,1.0,0.0,0.0,0.0,0.0,0.0,0.0,0.0,0.0,0.0,0.0,0.0,2847.0,0.0,20.10.1997,32.0,515.0,352.0,139.0,32.0,26.0,55.55555555555556,0.0,62.5,0.0,0.0,0.0
A. Rublev,C. Alcaraz,1.0,0.0,0.0,1.0,0.0,0.0,0.0,0.0,0.0,0.0,0.0,0.0,0.0,0.0,0.0,2847.0,0.0,20.10.1997,32.0,515.0,352.0,139.0,32.0,26.0,55.55555555555556,0.0,62.5,0.0,0.0,0.0
A. Rublev,J. Sinner,1.0,0.0,0.0,1.0,0.0,0.0,0.0,0.0,0.0,0.0,0.0,0.0,0.0,0.0,0.0,2847.0,0.0,20.10.1997,32.0,515.0,352.0,139.0,32.0,26.0,55.55555555555556,0.0,62.5,0.0,0.0,0.0
A. Rublev,D. Medvedev,2.0,0.0,0.0,2.0,0.0,0.0,0.0,0.0,0.0,0.0,0.0,0.0,0.0,0.0,0.0,2847.0,0.0,20.10.1997,32.0,515.0,352.0,139.0,32.0,26.0,55.55555555555556,0.0,62.5,0.0,0.0,0.0
F. Fognini,H. Gaston,1.0,1.0,100.0,0.0,0.0,0.0,1.0,1.0,100.0,0.0,0.0,0.0,0.0,0.0,0.0,1091.0,10.0,24.05.1987,22.0,728.0,305.0,395.0,24.0,37.0,20.0,0.0,0.0,50.0,74.0,10.164835164835164
B. Haddad Maia,A. Sasnovich,1.0,1.0,100.0,1.0,1.0,100.0,0.0,0.0,0.0,0.0,0.0,0.0,0.0,0.0,0.0,1951.0,0.0,30.05.1996,33.0,428.0,227.0,156.0,43.0,28.0,72.72727272727273,66.66666666666666,73.33333333333333,0.0,88.0,20.5607476635514
B. Haddad Maia,M. Keys,1.0,1.0,100.0,1.0,1.0,100.0,0.0,0.0,0.0,0.0,0.0,0.0,0.0,0.0,0.0,1951.0,0.0,30.05.1996,33.0,428.0,227.0,156.0,43.0,28.0,72.72727272727273,66.66666666666666,73.33333333333333,0.0,88.0,20.5607476635514
B. Haddad Maia,E. Rybakina,1.0,1.0,100.0,0.0,0.0,0.0,1.0,1.0,100.0,0.0,0.0,0.0,0.0,0.0,0.0,1951.0,0.0,30.05.1996,33.0,428.0,227.0,156.0,43.0,28.0,72.72727272727273,66.66666666666666,73.33333333333333,0.0,88.0,20.5607476635514
B. Haddad Maia,O. Jabeur,1.0,1.0,100.0,0.0,0.0,0.0,1.0,1.0,100.0,0.0,0.0,0.0,0.0,0.0,0.0,1951.0,0.0,30.05.1996,33.0,428.0,227.0,156.0,43.0,28.0,72.72727272727273,66.66666666666666,73.33333333333333,0.0,88.0,20.5607476635514
B. Haddad Maia,C. Garcia,1.0,1.0,100.0,1.0,1.0,100.0,0.0,0.0,0.0,0.0,0.0,0.0,0.0,0.0,0.0,1951.0,0.0,30.05.1996,33.0,428.0,227.0,156.0,43.0,28.0,72.72727272727273,66.66666666666666,73.33333333333333,0.0,88.0,20.5607476635514
B. Haddad Maia,S. Park,1.0,1.0,100.0,0.0,0.0,0.0,0.0,0.0,0.0,0.0,0.0,0.0,1.0,1.0,100.0,1951.0,0.0,30.05.1996,33.0,428.0,227.0,156.0,43.0,28.0,72.72727272727273,66.66666666666666,73.33333333333333,0.0,88.0,20.5607476635514
B. Haddad Maia,D. Kasatkina,2.0,1.0,50.0,2.0,1.0,50.0,0.0,0.0,0.0,0.0,0.0,0.0,0.0,0.0,0.0,1951.0,0.0,30.05.1996,33.0,428.0,227.0,156.0,43.0,28.0,72.72727272727273,66.66666666666666,73.33333333333333,0.0,88.0,20.5607476635514
B. Haddad Maia,B. Bencic,1.0,0.0,0.0,1.0,0.0,0.0,0.0,0.0,0.0,0.0,0.0,0.0,0.0,0.0,0.0,1951.0,0.0,30.05.1996,33.0,428.0,227.0,156.0,43.0,28.0,72.72727272727273,66.66666666666666,73.33333333333333,0.0,88.0,20.5607476635514
B. Haddad Maia,E. Raducanu,1.0,0.0,0.0,1.0,0.0,0.0,0.0,0.0,0.0,0.0,0.0,0.0,0.0,0.0,0.0,1951.0,0.0,30.05.1996,33.0,428.0,227.0,156.0,43.0,28.0,72.72727272727273,66.66666666666666,73.33333333333333,0.0,88.0,20.5607476635514
B. Nakashima,R. Hijikata,1.0,1.0,100.0,0.0,0.0,0.0,1.0,1.0,100.0,0.0,0.0,0.0,0.0,0.0,0.0,2838.0,47.0,03.08.2001,10.0,238.0,177.0,32.0,29.0,22.0,58.620689655172406,54.83870967741935,62.96296296296296,0.0,0.0,0.0
B. Nakashima,D. Ajdukovic,1.0,1.0,100.0,0.0,0.0,0.0,1.0,1.0,100.0,0.0,0.0,0.0,0.0,0.0,0.0,2838.0,47.0,03.08.2001,10.0,238.0,177.0,32.0,29.0,22.0,58.620689655172406,54.83870967741935,62.96296296296296,0.0,0.0,0.0
B. Nakashima,J. Lehecka,1.0,0.0,0.0,1.0,0.0,0.0,0.0,0.0,0.0,0.0,0.0,0.0,0.0,0.0,0.0,2838.0,47.0,03.08.2001,10.0,238.0,177.0,32.0,29.0,22.0,58.620689655172406,54.83870967741935,62.96296296296296,0.0,0.0,0.0
B. Nakashima,M. Kecmanovic,1.0,0.0,0.0,0.0,0.0,0.0,1.0,0.0,0.0,0.0,0.0,0.0,0.0,0.0,0.0,2838.0,47.0,03.08.2001,10.0,238.0,177.0,32.0,29.0,22.0,58.620689655172406,54.83870967741935,62.96296296296296,0.0,0.0,0.0
B. Fruhvirtova,T. Gibson,1.0,1.0,100.0,1.0,1.0,100.0,0.0,0.0,0.0,0.0,0.0,0.0,0.0,0.0,0.0,9532.0,89.0,02.04.2007,16.0,118.0,20.0,96.0,2.0,17.0,56.60377358490566,60.526315789473685,50.0,42.857142857142854,0.0,0.0
B. Fruhvirtova,E. Tse,1.0,1.0,100.0,1.0,1.0,100.0,0.0,0.0,0.0,0.0,0.0,0.0,0.0,0.0,0.0,9532.0,89.0,02.04.2007,16.0,118.0,20.0,96.0,2.0,17.0,56.60377358490566,60.526315789473685,50.0,42.857142857142854,0.0,0.0
B. Fruhvirtova,A. Bogdan,1.0,1.0,100.0,1.0,1.0,100.0,0.0,0.0,0.0,0.0,0.0,0.0,0.0,0.0,0.0,9532.0,89.0,02.04.2007,16.0,118.0,20.0,96.0,2.0,17.0,56.60377358490566,60.526315789473685,50.0,42.857142857142854,0.0,0.0
B. Fruhvirtova,C. Gauff,1.0,0.0,0.0,1.0,0.0,0.0,0.0,0.0,0.0,0.0,0.0,0.0,0.0,0.0,0.0,9532.0,89.0,02.04.2007,16.0,118.0,20.0,96.0,2.0,17.0,56.60377358490566,60.526315789473685,50.0,42.857142857142854,0.0,0.0
S. Errani,A. Potapova,1.0,0.0,0.0,1.0,0.0,0.0,0.0,0.0,0.0,0.0,0.0,0.0,0.0,0.0,0.0,474.0,1.0,29.04.1987,46.0,888.0,429.0,405.0,54.0,37.0,54.54545454545454,61.111111111111114,46.666666666666664,0.0,0.0,0.0
S. Errani,E. Avanesyan,1.0,0.0,0.0,0.0,0.0,0.0,1.0,0.0,0.0,0.0,0.0,0.0,0.0,0.0,0.0,474.0,1.0,29.04.1987,46.0,888.0,429.0,405.0,54.0,37.0,54.54545454545454,61.111111111111114,46.666666666666664,0.0,0.0,0.0
S. Errani,V. Gracheva,1.0,0.0,0.0,0.0,0.0,0.0,0.0,0.0,0.0,1.0,0.0,0.0,0.0,0.0,0.0,474.0,1.0,29.04.1987,46.0,888.0,429.0,405.0,54.0,37.0,54.54545454545454,61.111111111111114,46.666666666666664,0.0,0.0,0.0
F. Diaz Acosta,P. Martinez,1.0,0.0,0.0,0.0,0.0,0.0,1.0,0.0,0.0,0.0,0.0,0.0,0.0,0.0,0.0,2002.0,47.0,15.12.2000,13.0,233.0,27.0,206.0,0.0,23.0,0.0,0.0,0.0,0.0,0.0,0.0
A. Muller,A. Escoffier,1.0,1.0,100.0,0.0,0.0,0.0,0.0,0.0,0.0,0.0,0.0,0.0,0.0,0.0,0.0,374.0,0.0,01.02.1997,7.0,222.0,95.0,128.0,5.0,27.0,55.26315789473685,58.620689655172406,44.44444444444444,0.0,3.0,1.3513513513513513
A. Muller,T. Maulenov,1.0,1.0,100.0,1.0,1.0,100.0,0.0,0.0,0.0,0.0,0.0,0.0,0.0,0.0,0.0,374.0,0.0,01.02.1997,7.0,222.0,95.0,128.0,5.0,27.0,55.26315789473685,58.620689655172406,44.44444444444444,0.0,3.0,1.3513513513513513
A. Muller,M. Mmoh,1.0,0.0,0.0,0.0,0.0,0.0,0.0,0.0,0.0,0.0,0.0,0.0,0.0,0.0,0.0,374.0,0.0,01.02.1997,7.0,222.0,95.0,128.0,5.0,27.0,55.26315789473685,58.620689655172406,44.44444444444444,0.0,3.0,1.3513513513513513
A. K. Schmiedlova,M. Trevisan,1.0,1.0,100.0,1.0,1.0,100.0,0.0,0.0,0.0,0.0,0.0,0.0,0.0,0.0,0.0,1145.0,26.0,13.09.1994,11.0,345.0,170.0,165.0,7.0,29.0,70.83333333333334,72.72727272727273,50.0,0.0,53.0,15.36231884057971
A. K. Schmiedlova,C. Gauff,1.0,0.0,0.0,1.0,0.0,0.0,0.0,0.0,0.0,0.0,0.0,0.0,0.0,0.0,0.0,1145.0,26.0,13.09.1994,11.0,345.0,170.0,165.0,7.0,29.0,70.83333333333334,72.72727272727273,50.0,0.0,53.0,15.36231884057971
S. Wawrinka,N. Borges,1.0,0.0,0.0,0.0,0.0,0.0,1.0,0.0,0.0,0.0,0.0,0.0,0.0,0.0,0.0,2168.0,4.0,28.03.1985,22.0,673.0,389.0,243.0,37.0,39.0,0.0,0.0,0.0,0.0,0.0,0.0
S. Tsitsipas,K. Khachanov,1.0,1.0,100.0,1.0,1.0,100.0,0.0,0.0,0.0,0.0,0.0,0.0,0.0,0.0,0.0,1906.0,4.0,12.08.1998,19.0,509.0,277.0,191.0,34.0,25.0,37.5,50.0,25.0,0.0,0.0,0.0
S. Tsitsipas,N. Borges,1.0,1.0,100.0,0.0,0.0,0.0,1.0,1.0,100.0,0.0,0.0,0.0,0.0,0.0,0.0,1906.0,4.0,12.08.1998,19.0,509.0,277.0,191.0,34.0,25.0,37.5,50.0,25.0,0.0,0.0,0.0
S. Tsitsipas,L. Sonego,1.0,1.0,100.0,0.0,0.0,0.0,1.0,1.0,100.0,0.0,0.0,0.0,0.0,0.0,0.0,1906.0,4.0,12.08.1998,19.0,509.0,277.0,191.0,34.0,25.0,37.5,50.0,25.0,0.0,0.0,0.0
S. Tsitsipas,L. Musetti,1.0,1.0,100.0,0.0,0.0,0.0,1.0,1.0,100.0,0.0,0.0,0.0,0.0,0.0,0.0,1906.0,4.0,12.08.1998,19.0,509.0,277.0,191.0,34.0,25.0,37.5,50.0,25.0,0.0,0.0,0.0
S. Tsitsipas,C. Alcaraz,1.0,0.0,0.0,0.0,0.0,0.0,1.0,0.0,0.0,0.0,0.0,0.0,0.0,0.0,0.0,1906.0,4.0,12.08.1998,19.0,509.0,277.0,191.0,34.0,25.0,37.5,50.0,25.0,0.0,0.0,0.0
S. Tsitsipas,N. Djokovic,1.0,0.0,0.0,1.0,0.0,0.0,0.0,0.0,0.0,0.0,0.0,0.0,0.0,0.0,0.0,1906.0,4.0,12.08.1998,19.0,509.0,277.0,191.0,34.0,25.0,37.5,50.0,25.0,0.0,0.0,0.0
S. Tsitsipas,H. Hurkacz,1.0,0.0,0.0,1.0,0.0,0.0,0.0,0.0,0.0,0.0,0.0,0.0,0.0,0.0,0.0,1906.0,4.0,12.08.1998,19.0,509.0,277.0,191.0,34.0,25.0,37.5,50.0,25.0,0.0,0.0,0.0
S. Tsitsipas,G. Dimitrov,1.0,0.0,0.0,1.0,0.0,0.0,0.0,0.0,0.0,0.0,0.0,0.0,0.0,0.0,0.0,1906.0,4.0,12.08.1998,19.0,509.0,277.0,191.0,34.0,25.0,37.5,50.0,25.0,0.0,0.0,0.0
S. Tsitsipas,T. Fritz,1.0,0.0,0.0,1.0,0.0,0.0,0.0,0.0,0.0,0.0,0.0,0.0,0.0,0.0,0.0,1906.0,4.0,12.08.1998,19.0,509.0,277.0,191.0,34.0,25.0,37.5,50.0,25.0,0.0,0.0,0.0
J. Grabher,J. Riera,1.0,1.0,100.0,0.0,0.0,0.0,1.0,1.0,100.0,0.0,0.0,0.0,0.0,0.0,0.0,489.0,82.0,02.07.1996,6.0,140.0,27.0,107.0,1.0,27.0,47.368421052631575,57.14285714285714,41.66666666666667,0.0,0.0,0.0
J. Grabher,L. Bronzetti,1.0,0.0,0.0,0.0,0.0,0.0,1.0,0.0,0.0,0.0,0.0,0.0,0.0,0.0,0.0,489.0,82.0,02.07.1996,6.0,140.0,27.0,107.0,1.0,27.0,47.368421052631575,57.14285714285714,41.66666666666667,0.0,0.0,0.0
Q. Zheng,D. Parry,1.0,1.0,100.0,0.0,0.0,0.0,1.0,1.0,100.0,0.0,0.0,0.0,0.0,0.0,0.0,1813.0,8.0,08.10.2002,12.0,192.0,109.0,74.0,6.0,21.0,0.0,0.0,0.0,0.0,0.0,0.0
Q. Zheng,J. Ostapenko,1.0,1.0,100.0,1.0,1.0,100.0,0.0,0.0,0.0,0.0,0.0,0.0,0.0,0.0,0.0,1813.0,8.0,08.10.2002,12.0,192.0,109.0,74.0,6.0,21.0,0.0,0.0,0.0,0.0,0.0,0.0
Q. Zheng,M. Vondrousova,1.0,1.0,100.0,0.0,0.0,0.0,0.0,0.0,0.0,0.0,0.0,0.0,1.0,1.0,100.0,1813.0,8.0,08.10.2002,12.0,192.0,109.0,74.0,6.0,21.0,0.0,0.0,0.0,0.0,0.0,0.0
Q. Zheng,A. Kalinskaya,1.0,1.0,100.0,1.0,1.0,100.0,0.0,0.0,0.0,0.0,0.0,0.0,0.0,0.0,0.0,1813.0,8.0,08.10.2002,12.0,192.0,109.0,74.0,6.0,21.0,0.0,0.0,0.0,0.0,0.0,0.0
Q. Zheng,A. Kontaveit,1.0,1.0,100.0,1.0,1.0,100.0,0.0,0.0,0.0,0.0,0.0,0.0,0.0,0.0,0.0,1813.0,8.0,08.10.2002,12.0,192.0,109.0,74.0,6.0,21.0,0.0,0.0,0.0,0.0,0.0,0.0
Q. Zheng,A. Bondar,1.0,1.0,100.0,0.0,0.0,0.0,1.0,1.0,100.0,0.0,0.0,0.0,0.0,0.0,0.0,1813.0,8.0,08.10.2002,12.0,192.0,109.0,74.0,6.0,21.0,0.0,0.0,0.0,0.0,0.0,0.0
Q. Zheng,A. Kalinina,1.0,1.0,100.0,1.0,1.0,100.0,0.0,0.0,0.0,0.0,0.0,0.0,0.0,0.0,0.0,1813.0,8.0,08.10.2002,12.0,192.0,109.0,74.0,6.0,21.0,0.0,0.0,0.0,0.0,0.0,0.0
Q. Zheng,C. Gauff,1.0,0.0,0.0,0.0,0.0,0.0,1.0,0.0,0.0,0.0,0.0,0.0,0.0,0.0,0.0,1813.0,8.0,08.10.2002,12.0,192.0,109.0,74.0,6.0,21.0,0.0,0.0,0.0,0.0,0.0,0.0
Q. Zheng,A. Sabalenka,1.0,0.0,0.0,1.0,0.0,0.0,0.0,0.0,0.0,0.0,0.0,0.0,0.0,0.0,0.0,1813.0,8.0,08.10.2002,12.0,192.0,109.0,74.0,6.0,21.0,0.0,0.0,0.0,0.0,0.0,0.0
A. Samudio,L. Pigossi,1.0,0.0,0.0,0.0,0.0,0.0,1.0,0.0,0.0,0.0,0.0,0.0,0.0,0.0,0.0,1343.0,771.0,27.03.2001,1.0,43.0,7.0,36.0,0.0,23.0,33.33333333333333,28.57142857142857,40.0,0.0,3.0,6.976744186046512
D. Vekic,C. Burel,1.0,1.0,100.0,1.0,1.0,100.0,0.0,0.0,0.0,0.0,0.0,0.0,0.0,0.0,0.0,455.0,19.0,28.06.1996,7.0,335.0,231.0,50.0,49.0,27.0,0.0,0.0,0.0,0.0,0.0,0.0
D. Vekic,E. Alexandrova,1.0,1.0,100.0,0.0,0.0,0.0,1.0,1.0,100.0,0.0,0.0,0.0,0.0,0.0,0.0,455.0,19.0,28.06.1996,7.0,335.0,231.0,50.0,49.0,27.0,0.0,0.0,0.0,0.0,0.0,0.0
D. Vekic,V. Gracheva,1.0,1.0,100.0,0.0,0.0,0.0,0.0,0.0,0.0,1.0,1.0,100.0,0.0,0.0,0.0,455.0,19.0,28.06.1996,7.0,335.0,231.0,50.0,49.0,27.0,0.0,0.0,0.0,0.0,0.0,0.0
D. Vekic,N. Parrizas-Diaz,1.0,1.0,100.0,1.0,1.0,100.0,0.0,0.0,0.0,0.0,0.0,0.0,0.0,0.0,0.0,455.0,19.0,28.06.1996,7.0,335.0,231.0,50.0,49.0,27.0,0.0,0.0,0.0,0.0,0.0,0.0
D. Vekic,J. Paolini,1.0,0.0,0.0,1.0,0.0,0.0,0.0,0.0,0.0,0.0,0.0,0.0,0.0,0.0,0.0,455.0,19.0,28.06.1996,7.0,335.0,231.0,50.0,49.0,27.0,0.0,0.0,0.0,0.0,0.0,0.0
M. Trevisan,M. Stakusic,1.0,0.0,0.0,0.0,0.0,0.0,0.0,0.0,0.0,0.0,0.0,0.0,1.0,0.0,0.0,512.0,27.0,03.11.1993,2.0,181.0,68.0,105.0,2.0,30.0,20.0,20.0,0.0,0.0,0.0,0.0
M. Trevisan,A. K. Schmiedlova,1.0,0.0,0.0,1.0,0.0,0.0,0.0,0.0,0.0,0.0,0.0,0.0,0.0,0.0,0.0,512.0,27.0,03.11.1993,2.0,181.0,68.0,105.0,2.0,30.0,20.0,20.0,0.0,0.0,0.0,0.0
A. Escoffier,A. Muller,1.0,0.0,0.0,0.0,0.0,0.0,0.0,0.0,0.0,0.0,0.0,0.0,0.0,0.0,0.0,1068.0,159.0,29.02.1992,10.0,304.0,278.0,22.0,2.0,32.0,23.076923076923077,23.076923076923077,0.0,0.0,0.0,0.0
J. Brady,A. Kalinina,1.0,1.0,100.0,1.0,1.0,100.0,0.0,0.0,0.0,0.0,0.0,0.0,0.0,0.0,0.0,2683.0,24.0,12.04.1995,4.0,239.0,183.0,39.0,16.0,29.0,62.7906976744186,50.0,78.94736842105263,0.0,0.0,0.0
T. Maria,F. Jones,1.0,1.0,100.0,0.0,0.0,0.0,1.0,1.0,100.0,0.0,0.0,0.0,0.0,0.0,0.0,2414.0,46.0,08.08.1987,15.0,482.0,267.0,148.0,62.0,36.0,44.827586206896555,57.14285714285714,45.0,0.0,0.0,0.0
T. Maria,C. Monnet,1.0,1.0,100.0,0.0,0.0,0.0,1.0,1.0,100.0,0.0,0.0,0.0,0.0,0.0,0.0,2414.0,46.0,08.08.1987,15.0,482.0,267.0,148.0,62.0,36.0,44.827586206896555,57.14285714285714,45.0,0.0,0.0,0.0
T. Maria,L. Fruhvirtova,1.0,1.0,100.0,0.0,0.0,0.0,1.0,1.0,100.0,0.0,0.0,0.0,0.0,0.0,0.0,2414.0,46.0,08.08.1987,15.0,482.0,267.0,148.0,62.0,36.0,44.827586206896555,57.14285714285714,45.0,0.0,0.0,0.0
T. Maria,P. Stearns,1.0,1.0,100.0,0.0,0.0,0.0,1.0,1.0,100.0,0.0,0.0,0.0,0.0,0.0,0.0,2414.0,46.0,08.08.1987,15.0,482.0,267.0,148.0,62.0,36.0,44.827586206896555,57.14285714285714,45.0,0.0,0.0,0.0
T. Maria,D. Kasatkina,1.0,0.0,0.0,1.0,0.0,0.0,0.0,0.0,0.0,0.0,0.0,0.0,0.0,0.0,0.0,2414.0,46.0,08.08.1987,15.0,482.0,267.0,148.0,62.0,36.0,44.827586206896555,57.14285714285714,45.0,0.0,0.0,0.0
T. Maria,V. Gracheva,1.0,0.0,0.0,1.0,0.0,0.0,0.0,0.0,0.0,0.0,0.0,0.0,0.0,0.0,0.0,2414.0,46.0,08.08.1987,15.0,482.0,267.0,148.0,62.0,36.0,44.827586206896555,57.14285714285714,45.0,0.0,0.0,0.0
M. Bassols,Ar. Rodionova,1.0,1.0,100.0,1.0,1.0,100.0,0.0,0.0,0.0,0.0,0.0,0.0,0.0,0.0,0.0,135.0,109.0,13.12.1999,9.0,189.0,126.0,61.0,2.0,24.0,0.0,0.0,0.0,0.0,0.0,0.0
H. Rocha,M. Valkusz,1.0,1.0,100.0,0.0,0.0,0.0,1.0,1.0,100.0,0.0,0.0,0.0,0.0,0.0,0.0,827.0,182.0,06.04.2004,12.0,164.0,92.0,70.0,1.0,20.0,57.14285714285714,59.375,33.33333333333333,0.0,0.0,0.0
H. Rocha,R. Peniston,1.0,1.0,100.0,0.0,0.0,0.0,1.0,1.0,100.0,0.0,0.0,0.0,0.0,0.0,0.0,827.0,182.0,06.04.2004,12.0,164.0,92.0,70.0,1.0,20.0,57.14285714285714,59.375,33.33333333333333,0.0,0.0,0.0
S. Kwon,S. C. Hong,1.0,0.0,0.0,1.0,0.0,0.0,0.0,0.0,0.0,0.0,0.0,0.0,0.0,0.0,0.0,1098.0,53.0,02.12.1997,5.0,224.0,191.0,13.0,15.0,26.0,71.42857142857143,70.37037037037037,73.33333333333333,0.0,40.0,17.857142857142858
T. Maulenov,A. Muller,1.0,0.0,0.0,1.0,0.0,0.0,0.0,0.0,0.0,0.0,0.0,0.0,0.0,0.0,0.0,1941.0,932.0,30.05.2000,0.0,13.0,8.0,5.0,0.0,24.0,50.0,0.0,50.0,0.0,0.0,0.0
M. Martineau,H. Dellien,1.0,0.0,0.0,0.0,0.0,0.0,1.0,0.0,0.0,0.0,0.0,0.0,0.0,0.0,0.0,1185.0,179.0,16.01.1999,8.0,250.0,122.0,120.0,8.0,25.0,50.0,50.0,0.0,0.0,0.0,0.0
A. Davidovich Fokina,J. M. Cerundolo,1.0,1.0,100.0,1.0,1.0,100.0,0.0,0.0,0.0,0.0,0.0,0.0,0.0,0.0,0.0,2842.0,26.0,05.06.1999,4.0,244.0,124.0,101.0,18.0,25.0,62.5,66.66666666666666,57.14285714285714,0.0,0.0,0.0
A. Davidovich Fokina,T. Seyboth Wild,1.0,1.0,100.0,0.0,0.0,0.0,0.0,0.0,0.0,0.0,0.0,0.0,1.0,1.0,100.0,2842.0,26.0,05.06.1999,4.0,244.0,124.0,101.0,18.0,25.0,62.5,66.66666666666666,57.14285714285714,0.0,0.0,0.0
A. Davidovich Fokina,H. Rune,1.0,1.0,100.0,0.0,0.0,0.0,1.0,1.0,100.0,0.0,0.0,0.0,0.0,0.0,0.0,2842.0,26.0,05.06.1999,4.0,244.0,124.0,101.0,18.0,25.0,62.5,66.66666666666666,57.14285714285714,0.0,0.0,0.0
A. Davidovich Fokina,M. McDonald,1.0,1.0,100.0,1.0,1.0,100.0,0.0,0.0,0.0,0.0,0.0,0.0,0.0,0.0,0.0,2842.0,26.0,05.06.1999,4.0,244.0,124.0,101.0,18.0,25.0,62.5,66.66666666666666,57.14285714285714,0.0,0.0,0.0
A. Davidovich Fokina,B. Shelton,1.0,1.0,100.0,1.0,1.0,100.0,0.0,0.0,0.0,0.0,0.0,0.0,0.0,0.0,0.0,2842.0,26.0,05.06.1999,4.0,244.0,124.0,101.0,18.0,25.0,62.5,66.66666666666666,57.14285714285714,0.0,0.0,0.0
A. Davidovich Fokina,P. Cachin,1.0,1.0,100.0,0.0,0.0,0.0,1.0,1.0,100.0,0.0,0.0,0.0,0.0,0.0,0.0,2842.0,26.0,05.06.1999,4.0,244.0,124.0,101.0,18.0,25.0,62.5,66.66666666666666,57.14285714285714,0.0,0.0,0.0
A. Davidovich Fokina,T. M. Etcheverry,1.0,1.0,100.0,1.0,1.0,100.0,0.0,0.0,0.0,0.0,0.0,0.0,0.0,0.0,0.0,2842.0,26.0,05.06.1999,4.0,244.0,124.0,101.0,18.0,25.0,62.5,66.66666666666666,57.14285714285714,0.0,0.0,0.0
A. Davidovich Fokina,N. Djokovic,1.0,0.0,0.0,0.0,0.0,0.0,1.0,0.0,0.0,0.0,0.0,0.0,0.0,0.0,0.0,2842.0,26.0,05.06.1999,4.0,244.0,124.0,101.0,18.0,25.0,62.5,66.66666666666666,57.14285714285714,0.0,0.0,0.0
M. Berrettini,F. Auger-Aliassime,1.0,0.0,0.0,1.0,0.0,0.0,0.0,0.0,0.0,0.0,0.0,0.0,0.0,0.0,0.0,2844.0,7.0,12.04.1996,14.0,289.0,147.0,98.0,40.0,28.0,33.33333333333333,50.0,0.0,0.0,0.0,0.0
S. Kraus,A. Robbe,1.0,1.0,100.0,1.0,1.0,100.0,0.0,0.0,0.0,0.0,0.0,0.0,0.0,0.0,0.0,1424.0,196.0,29.04.2002,6.0,176.0,44.0,115.0,3.0,22.0,25.0,40.0,0.0,0.0,0.0,0.0
K. Boulter,E. Rybakina,1.0,0.0,0.0,0.0,0.0,0.0,0.0,0.0,0.0,1.0,0.0,0.0,0.0,0.0,0.0,2993.0,30.0,01.08.1996,5.0,185.0,134.0,7.0,40.0,27.0,41.17647058823529,41.17647058823529,0.0,0.0,0.0,0.0
K. Boulter,P. Stearns,1.0,0.0,0.0,1.0,0.0,0.0,0.0,0.0,0.0,0.0,0.0,0.0,0.0,0.0,0.0,2993.0,30.0,01.08.1996,5.0,185.0,134.0,7.0,40.0,27.0,41.17647058823529,41.17647058823529,0.0,0.0,0.0,0.0
K. Birrell,E. Alexandrova,1.0,0.0,0.0,0.0,0.0,0.0,0.0,0.0,0.0,1.0,0.0,0.0,0.0,0.0,0.0,92.0,0.0,29.04.1998,9.0,160.0,141.0,16.0,8.0,26.0,33.33333333333333,0.0,0.0,0.0,0.0,0.0
K. Birrell,A. Zakharova,1.0,0.0,0.0,1.0,0.0,0.0,0.0,0.0,0.0,0.0,0.0,0.0,0.0,0.0,0.0,92.0,0.0,29.04.1998,9.0,160.0,141.0,16.0,8.0,26.0,33.33333333333333,0.0,0.0,0.0,0.0,0.0
K. Birrell,S. Bejlek,1.0,0.0,0.0,0.0,0.0,0.0,1.0,0.0,0.0,0.0,0.0,0.0,0.0,0.0,0.0,92.0,0.0,29.04.1998,9.0,160.0,141.0,16.0,8.0,26.0,33.33333333333333,0.0,0.0,0.0,0.0,0.0
M. Cressy,T. van Rijthoven,1.0,1.0,100.0,1.0,1.0,100.0,0.0,0.0,0.0,0.0,0.0,0.0,0.0,0.0,0.0,2961.0,0.0,08.05.1997,13.0,239.0,205.0,17.0,23.0,27.0,0.0,0.0,0.0,0.0,0.0,0.0
M. Cressy,M. Huesler,1.0,0.0,0.0,0.0,0.0,0.0,0.0,0.0,0.0,1.0,0.0,0.0,0.0,0.0,0.0,2961.0,0.0,08.05.1997,13.0,239.0,205.0,17.0,23.0,27.0,0.0,0.0,0.0,0.0,0.0,0.0
M. Cressy,D. Lajovic,1.0,0.0,0.0,1.0,0.0,0.0,0.0,0.0,0.0,0.0,0.0,0.0,0.0,0.0,0.0,2961.0,0.0,08.05.1997,13.0,239.0,205.0,17.0,23.0,27.0,0.0,0.0,0.0,0.0,0.0,0.0
M. Cressy,J.J. Wolf,1.0,0.0,0.0,1.0,0.0,0.0,0.0,0.0,0.0,0.0,0.0,0.0,0.0,0.0,0.0,2961.0,0.0,08.05.1997,13.0,239.0,205.0,17.0,23.0,27.0,0.0,0.0,0.0,0.0,0.0,0.0
M. Cressy,Z. Zhang,1.0,0.0,0.0,0.0,0.0,0.0,0.0,0.0,0.0,1.0,0.0,0.0,0.0,0.0,0.0,2961.0,0.0,08.05.1997,13.0,239.0,205.0,17.0,23.0,27.0,0.0,0.0,0.0,0.0,0.0,0.0
N. Mejia,O. Krutykh,1.0,0.0,0.0,0.0,0.0,0.0,0.0,0.0,0.0,0.0,0.0,0.0,1.0,0.0,0.0,7641.0,164.0,11.02.2000,7.0,219.0,96.0,109.0,11.0,24.0,37.5,38.46153846153847,0.0,33.33333333333333,0.0,0.0
K. Deichmann,I. Khromacheva,1.0,1.0,100.0,1.0,1.0,100.0,0.0,0.0,0.0,0.0,0.0,0.0,0.0,0.0,0.0,459.0,164.0,16.05.1994,2.0,164.0,91.0,69.0,4.0,30.0,0.0,0.0,0.0,0.0,0.0,0.0
P. Stearns,M. Sherif,1.0,1.0,100.0,0.0,0.0,0.0,1.0,1.0,100.0,0.0,0.0,0.0,0.0,0.0,0.0,2827.0,0.0,08.10.2001,10.0,141.0,98.0,38.0,9.0,22.0,62.5,62.5,0.0,0.0,0.0,0.0
P. Stearns,K. Boulter,1.0,1.0,100.0,1.0,1.0,100.0,0.0,0.0,0.0,0.0,0.0,0.0,0.0,0.0,0.0,2827.0,0.0,08.10.2001,10.0,141.0,98.0,38.0,9.0,22.0,62.5,62.5,0.0,0.0,0.0,0.0
P. Stearns,E. Avanesyan,1.0,1.0,100.0,0.0,0.0,0.0,1.0,1.0,100.0,0.0,0.0,0.0,0.0,0.0,0.0,2827.0,0.0,08.10.2001,10.0,141.0,98.0,38.0,9.0,22.0,62.5,62.5,0.0,0.0,0.0,0.0
P. Stearns,M. Bjorklund,1.0,1.0,100.0,1.0,1.0,100.0,0.0,0.0,0.0,0.0,0.0,0.0,0.0,0.0,0.0,2827.0,0.0,08.10.2001,10.0,141.0,98.0,38.0,9.0,22.0,62.5,62.5,0.0,0.0,0.0,0.0
P. Stearns,A. Sabalenka,1.0,0.0,0.0,1.0,0.0,0.0,0.0,0.0,0.0,0.0,0.0,0.0,0.0,0.0,0.0,2827.0,0.0,08.10.2001,10.0,141.0,98.0,38.0,9.0,22.0,62.5,62.5,0.0,0.0,0.0,0.0
P. Stearns,J. Pegula,1.0,0.0,0.0,1.0,0.0,0.0,0.0,0.0,0.0,0.0,0.0,0.0,0.0,0.0,0.0,2827.0,0.0,08.10.2001,10.0,141.0,98.0,38.0,9.0,22.0,62.5,62.5,0.0,0.0,0.0,0.0
P. Stearns,J. Fourlis,1.0,0.0,0.0,0.0,0.0,0.0,0.0,0.0,0.0,1.0,0.0,0.0,0.0,0.0,0.0,2827.0,0.0,08.10.2001,10.0,141.0,98.0,38.0,9.0,22.0,62.5,62.5,0.0,0.0,0.0,0.0
P. Stearns,T. Maria,1.0,0.0,0.0,0.0,0.0,0.0,1.0,0.0,0.0,0.0,0.0,0.0,0.0,0.0,0.0,2827.0,0.0,08.10.2001,10.0,141.0,98.0,38.0,9.0,22.0,62.5,62.5,0.0,0.0,0.0,0.0
N. Stevanovic,V. Azarenka,1.0,0.0,0.0,0.0,0.0,0.0,0.0,0.0,0.0,1.0,0.0,0.0,0.0,0.0,0.0,219.0,160.0,25.07.1994,7.0,181.0,99.0,67.0,15.0,29.0,0.0,0.0,0.0,0.0,0.0,0.0
A. Bogdan,N. Bartunkova,1.0,1.0,100.0,1.0,1.0,100.0,0.0,0.0,0.0,0.0,0.0,0.0,0.0,0.0,0.0,2004.0,56.0,25.11.1992,5.0,276.0,154.0,95.0,22.0,31.0,39.130434782608695,38.095238095238095,50.0,0.0,55.0,19.92753623188406
A. Bogdan,A. Bondar,1.0,1.0,100.0,0.0,0.0,0.0,1.0,1.0,100.0,0.0,0.0,0.0,0.0,0.0,0.0,2004.0,56.0,25.11.1992,5.0,276.0,154.0,95.0,22.0,31.0,39.130434782608695,38.095238095238095,50.0,0.0,55.0,19.92753623188406
A. Bogdan,L. Siegemund,1.0,1.0,100.0,1.0,1.0,100.0,0.0,0.0,0.0,0.0,0.0,0.0,0.0,0.0,0.0,2004.0,56.0,25.11.1992,5.0,276.0,154.0,95.0,22.0,31.0,39.130434782608695,38.095238095238095,50.0,0.0,55.0,19.92753623188406
A. Bogdan,B. Fruhvirtova,1.0,0.0,0.0,1.0,0.0,0.0,0.0,0.0,0.0,0.0,0.0,0.0,0.0,0.0,0.0,2004.0,56.0,25.11.1992,5.0,276.0,154.0,95.0,22.0,31.0,39.130434782608695,38.095238095238095,50.0,0.0,55.0,19.92753623188406
A. Bogdan,C. Osorio,1.0,0.0,0.0,0.0,0.0,0.0,1.0,0.0,0.0,0.0,0.0,0.0,0.0,0.0,0.0,2004.0,56.0,25.11.1992,5.0,276.0,154.0,95.0,22.0,31.0,39.130434782608695,38.095238095238095,50.0,0.0,55.0,19.92753623188406
A. Bogdan,R. Masarova,1.0,0.0,0.0,1.0,0.0,0.0,0.0,0.0,0.0,0.0,0.0,0.0,0.0,0.0,0.0,2004.0,56.0,25.11.1992,5.0,276.0,154.0,95.0,22.0,31.0,39.130434782608695,38.095238095238095,50.0,0.0,55.0,19.92753623188406
A. Bogdan,S. Cirstea,1.0,0.0,0.0,0.0,0.0,0.0,0.0,0.0,0.0,1.0,0.0,0.0,0.0,0.0,0.0,2004.0,56.0,25.11.1992,5.0,276.0,154.0,95.0,22.0,31.0,39.130434782608695,38.095238095238095,50.0,0.0,55.0,19.92753623188406
J. Thompson,D. Kudla,1.0,1.0,100.0,1.0,1.0,100.0,0.0,0.0,0.0,0.0,0.0,0.0,0.0,0.0,0.0,207.0,36.0,20.04.1994,24.0,498.0,348.0,71.0,77.0,30.0,42.857142857142854,70.0,18.181818181818183,0.0,0.0,0.0
J. Thompson,R. Hijikata,1.0,1.0,100.0,0.0,0.0,0.0,0.0,0.0,0.0,1.0,1.0,100.0,0.0,0.0,0.0,207.0,36.0,20.04.1994,24.0,498.0,348.0,71.0,77.0,30.0,42.857142857142854,70.0,18.181818181818183,0.0,0.0,0.0
J. Thompson,C. Eubanks,1.0,1.0,100.0,1.0,1.0,100.0,0.0,0.0,0.0,0.0,0.0,0.0,0.0,0.0,0.0,207.0,36.0,20.04.1994,24.0,498.0,348.0,71.0,77.0,30.0,42.857142857142854,70.0,18.181818181818183,0.0,0.0,0.0
J. Thompson,T. Machac,2.0,1.0,50.0,1.0,1.0,100.0,0.0,0.0,0.0,0.0,0.0,0.0,1.0,0.0,0.0,207.0,36.0,20.04.1994,24.0,498.0,348.0,71.0,77.0,30.0,42.857142857142854,70.0,18.181818181818183,0.0,0.0,0.0
J. Thompson,F. Tiafoe,1.0,0.0,0.0,0.0,0.0,0.0,1.0,0.0,0.0,0.0,0.0,0.0,0.0,0.0,0.0,207.0,36.0,20.04.1994,24.0,498.0,348.0,71.0,77.0,30.0,42.857142857142854,70.0,18.181818181818183,0.0,0.0,0.0
J. Thompson,N. Djokovic,1.0,0.0,0.0,0.0,0.0,0.0,0.0,0.0,0.0,1.0,0.0,0.0,0.0,0.0,0.0,207.0,36.0,20.04.1994,24.0,498.0,348.0,71.0,77.0,30.0,42.857142857142854,70.0,18.181818181818183,0.0,0.0,0.0
J. Thompson,T. Paul,1.0,0.0,0.0,1.0,0.0,0.0,0.0,0.0,0.0,0.0,0.0,0.0,0.0,0.0,0.0,207.0,36.0,20.04.1994,24.0,498.0,348.0,71.0,77.0,30.0,42.857142857142854,70.0,18.181818181818183,0.0,0.0,0.0
F. A. Gomez,R. Olivo,1.0,1.0,100.0,0.0,0.0,0.0,1.0,1.0,100.0,0.0,0.0,0.0,0.0,0.0,0.0,717.0,155.0,26.11.1996,11.0,208.0,56.0,152.0,0.0,27.0,0.0,0.0,0.0,0.0,0.0,0.0
S. Nagal,A. Bublik,1.0,1.0,100.0,1.0,1.0,100.0,0.0,0.0,0.0,0.0,0.0,0.0,0.0,0.0,0.0,1077.0,77.0,16.08.1997,7.0,218.0,64.0,150.0,0.0,26.0,33.33333333333333,0.0,50.0,0.0,0.0,0.0
S. Nagal,S. C. Hong,1.0,0.0,0.0,1.0,0.0,0.0,0.0,0.0,0.0,0.0,0.0,0.0,0.0,0.0,0.0,1077.0,77.0,16.08.1997,7.0,218.0,64.0,150.0,0.0,26.0,33.33333333333333,0.0,50.0,0.0,0.0,0.0
S. Nagal,M. Raonic,1.0,0.0,0.0,1.0,0.0,0.0,0.0,0.0,0.0,0.0,0.0,0.0,0.0,0.0,0.0,1077.0,77.0,16.08.1997,7.0,218.0,64.0,150.0,0.0,26.0,33.33333333333333,0.0,50.0,0.0,0.0,0.0
S. Nagal,H. Rune,1.0,0.0,0.0,0.0,0.0,0.0,1.0,0.0,0.0,0.0,0.0,0.0,0.0,0.0,0.0,1077.0,77.0,16.08.1997,7.0,218.0,64.0,150.0,0.0,26.0,33.33333333333333,0.0,50.0,0.0,0.0,0.0
J. Ostapenko,R. Sramkova,1.0,1.0,100.0,0.0,0.0,0.0,1.0,1.0,100.0,0.0,0.0,0.0,0.0,0.0,0.0,2802.0,7.0,08.06.1997,18.0,520.0,319.0,114.0,81.0,27.0,0.0,0.0,0.0,0.0,0.0,0.0
J. Ostapenko,D. Kasatkina,1.0,1.0,100.0,1.0,1.0,100.0,0.0,0.0,0.0,0.0,0.0,0.0,0.0,0.0,0.0,2802.0,7.0,08.06.1997,18.0,520.0,319.0,114.0,81.0,27.0,0.0,0.0,0.0,0.0,0.0,0.0
J. Ostapenko,B. Krejcikova,1.0,1.0,100.0,0.0,0.0,0.0,0.0,0.0,0.0,1.0,1.0,100.0,0.0,0.0,0.0,2802.0,7.0,08.06.1997,18.0,520.0,319.0,114.0,81.0,27.0,0.0,0.0,0.0,0.0,0.0,0.0
J. Ostapenko,J. Pegula,1.0,1.0,100.0,1.0,1.0,100.0,0.0,0.0,0.0,0.0,0.0,0.0,0.0,0.0,0.0,2802.0,7.0,08.06.1997,18.0,520.0,319.0,114.0,81.0,27.0,0.0,0.0,0.0,0.0,0.0,0.0
J. Ostapenko,L. Fruhvirtova,1.0,1.0,100.0,0.0,0.0,0.0,1.0,1.0,100.0,0.0,0.0,0.0,0.0,0.0,0.0,2802.0,7.0,08.06.1997,18.0,520.0,319.0,114.0,81.0,27.0,0.0,0.0,0.0,0.0,0.0,0.0
J. Ostapenko,Q. Zheng,1.0,0.0,0.0,1.0,0.0,0.0,0.0,0.0,0.0,0.0,0.0,0.0,0.0,0.0,0.0,2802.0,7.0,08.06.1997,18.0,520.0,319.0,114.0,81.0,27.0,0.0,0.0,0.0,0.0,0.0,0.0
J. Ostapenko,E. Rybakina,1.0,0.0,0.0,1.0,0.0,0.0,0.0,0.0,0.0,0.0,0.0,0.0,0.0,0.0,0.0,2802.0,7.0,08.06.1997,18.0,520.0,319.0,114.0,81.0,27.0,0.0,0.0,0.0,0.0,0.0,0.0
J. Ostapenko,A. Sabalenka,1.0,0.0,0.0,0.0,0.0,0.0,1.0,0.0,0.0,0.0,0.0,0.0,0.0,0.0,0.0,2802.0,7.0,08.06.1997,18.0,520.0,319.0,114.0,81.0,27.0,0.0,0.0,0.0,0.0,0.0,0.0
J. Brooksby,D. Schwartzman,1.0,1.0,100.0,1.0,1.0,100.0,0.0,0.0,0.0,0.0,0.0,0.0,0.0,0.0,0.0,2169.0,0.0,26.10.2000,9.0,126.0,106.0,16.0,10.0,23.0,29.411764705882355,28.57142857142857,33.33333333333333,0.0,152.0,120.63492063492063
J. Brooksby,C. Norrie,1.0,0.0,0.0,1.0,0.0,0.0,0.0,0.0,0.0,0.0,0.0,0.0,0.0,0.0,0.0,2169.0,0.0,26.10.2000,9.0,126.0,106.0,16.0,10.0,23.0,29.411764705882355,28.57142857142857,33.33333333333333,0.0,152.0,120.63492063492063
R. Bonadio,G. Blancaneaux,1.0,0.0,0.0,0.0,0.0,0.0,1.0,0.0,0.0,0.0,0.0,0.0,0.0,0.0,0.0,1747.0,187.0,13.07.1993,6.0,282.0,28.0,253.0,1.0,30.0,0.0,0.0,0.0,0.0,0.0,0.0
R. Botran Neutze,F. Bendana,1.0,0.0,0.0,0.0,0.0,0.0,0.0,0.0,0.0,0.0,0.0,0.0,1.0,0.0,0.0,23885.0,0.0,01.01.1970,6.0,11.0,6.0,6.0,6.0,54.0,25.0,25.0,0.0,0.0,0.0,0.0
M. McDonald,D. Schwartzman,1.0,1.0,100.0,1.0,1.0,100.0,0.0,0.0,0.0,0.0,0.0,0.0,0.0,0.0,0.0,2839.0,0.0,16.04.1995,11.0,336.0,278.0,32.0,30.0,29.0,53.44827586206896,61.904761904761905,31.25,0.0,0.0,0.0
M. McDonald,F. Auger-Aliassime,1.0,1.0,100.0,1.0,1.0,100.0,0.0,0.0,0.0,0.0,0.0,0.0,0.0,0.0,0.0,2839.0,0.0,16.04.1995,11.0,336.0,278.0,32.0,30.0,29.0,53.44827586206896,61.904761904761905,31.25,0.0,0.0,0.0
M. McDonald,J. Sinner,1.0,0.0,0.0,1.0,0.0,0.0,0.0,0.0,0.0,0.0,0.0,0.0,0.0,0.0,0.0,2839.0,0.0,16.04.1995,11.0,336.0,278.0,32.0,30.0,29.0,53.44827586206896,61.904761904761905,31.25,0.0,0.0,0.0
M. McDonald,K. Khachanov,1.0,0.0,0.0,1.0,0.0,0.0,0.0,0.0,0.0,0.0,0.0,0.0,0.0,0.0,0.0,2839.0,0.0,16.04.1995,11.0,336.0,278.0,32.0,30.0,29.0,53.44827586206896,61.904761904761905,31.25,0.0,0.0,0.0
M. McDonald,A. Davidovich Fokina,1.0,0.0,0.0,1.0,0.0,0.0,0.0,0.0,0.0,0.0,0.0,0.0,0.0,0.0,0.0,2839.0,0.0,16.04.1995,11.0,336.0,278.0,32.0,30.0,29.0,53.44827586206896,61.904761904761905,31.25,0.0,0.0,0.0
J. Paolini,D. Kasatkina,1.0,1.0,100.0,0.0,0.0,0.0,1.0,1.0,100.0,0.0,0.0,0.0,0.0,0.0,0.0,2811.0,15.0,04.01.1996,11.0,268.0,137.0,121.0,4.0,28.0,59.70149253731343,59.70149253731343,0.0,0.0,0.0,0.0
J. Paolini,A. Kalinskaya,1.0,1.0,100.0,1.0,1.0,100.0,0.0,0.0,0.0,0.0,0.0,0.0,0.0,0.0,0.0,2811.0,15.0,04.01.1996,11.0,268.0,137.0,121.0,4.0,28.0,59.70149253731343,59.70149253731343,0.0,0.0,0.0,0.0
J. Paolini,D. Vekic,1.0,1.0,100.0,1.0,1.0,100.0,0.0,0.0,0.0,0.0,0.0,0.0,0.0,0.0,0.0,2811.0,15.0,04.01.1996,11.0,268.0,137.0,121.0,4.0,28.0,59.70149253731343,59.70149253731343,0.0,0.0,0.0,0.0
J. Paolini,C. Garcia,1.0,1.0,100.0,0.0,0.0,0.0,1.0,1.0,100.0,0.0,0.0,0.0,0.0,0.0,0.0,2811.0,15.0,04.01.1996,11.0,268.0,137.0,121.0,4.0,28.0,59.70149253731343,59.70149253731343,0.0,0.0,0.0,0.0
J. Paolini,M. Sakkari,1.0,1.0,100.0,1.0,1.0,100.0,0.0,0.0,0.0,0.0,0.0,0.0,0.0,0.0,0.0,2811.0,15.0,04.01.1996,11.0,268.0,137.0,121.0,4.0,28.0,59.70149253731343,59.70149253731343,0.0,0.0,0.0,0.0
J. Paolini,S. Cirstea,1.0,1.0,100.0,1.0,1.0,100.0,0.0,0.0,0.0,0.0,0.0,0.0,0.0,0.0,0.0,2811.0,15.0,04.01.1996,11.0,268.0,137.0,121.0,4.0,28.0,59.70149253731343,59.70149253731343,0.0,0.0,0.0,0.0
J. Paolini,A. Potapova,1.0,0.0,0.0,1.0,0.0,0.0,0.0,0.0,0.0,0.0,0.0,0.0,0.0,0.0,0.0,2811.0,15.0,04.01.1996,11.0,268.0,137.0,121.0,4.0,28.0,59.70149253731343,59.70149253731343,0.0,0.0,0.0,0.0
H. Baptiste,M. Frech,1.0,0.0,0.0,1.0,0.0,0.0,0.0,0.0,0.0,0.0,0.0,0.0,0.0,0.0,0.0,490.0,0.0,03.11.2001,10.0,199.0,114.0,83.0,6.0,22.0,51.515151515151516,50.0,52.17391304347826,0.0,0.0,0.0
C. Burel,J. Pegula,1.0,1.0,100.0,1.0,1.0,100.0,0.0,0.0,0.0,0.0,0.0,0.0,0.0,0.0,0.0,515.0,0.0,24.03.2001,8.0,171.0,88.0,74.0,13.0,23.0,0.0,0.0,0.0,0.0,0.0,0.0
C. Burel,B. Pera,1.0,1.0,100.0,0.0,0.0,0.0,1.0,1.0,100.0,0.0,0.0,0.0,0.0,0.0,0.0,515.0,0.0,24.03.2001,8.0,171.0,88.0,74.0,13.0,23.0,0.0,0.0,0.0,0.0,0.0,0.0
C. Burel,D. Vekic,1.0,0.0,0.0,1.0,0.0,0.0,0.0,0.0,0.0,0.0,0.0,0.0,0.0,0.0,0.0,515.0,0.0,24.03.2001,8.0,171.0,88.0,74.0,13.0,23.0,0.0,0.0,0.0,0.0,0.0,0.0
C. Gauff,P. Martic,1.0,1.0,100.0,1.0,1.0,100.0,0.0,0.0,0.0,0.0,0.0,0.0,0.0,0.0,0.0,2176.0,3.0,13.03.2004,17.0,340.0,205.0,96.0,36.0,20.0,0.0,0.0,0.0,0.0,0.0,0.0
C. Gauff,B. Bencic,1.0,1.0,100.0,1.0,1.0,100.0,0.0,0.0,0.0,0.0,0.0,0.0,0.0,0.0,0.0,2176.0,3.0,13.03.2004,17.0,340.0,205.0,96.0,36.0,20.0,0.0,0.0,0.0,0.0,0.0,0.0
C. Gauff,Y. Yuan,1.0,1.0,100.0,1.0,1.0,100.0,0.0,0.0,0.0,0.0,0.0,0.0,0.0,0.0,0.0,2176.0,3.0,13.03.2004,17.0,340.0,205.0,96.0,36.0,20.0,0.0,0.0,0.0,0.0,0.0,0.0
C. Gauff,O. Jabeur,1.0,1.0,100.0,1.0,1.0,100.0,0.0,0.0,0.0,0.0,0.0,0.0,0.0,0.0,0.0,2176.0,3.0,13.03.2004,17.0,340.0,205.0,96.0,36.0,20.0,0.0,0.0,0.0,0.0,0.0,0.0
C. Gauff,Q. Zheng,1.0,1.0,100.0,0.0,0.0,0.0,1.0,1.0,100.0,0.0,0.0,0.0,0.0,0.0,0.0,2176.0,3.0,13.03.2004,17.0,340.0,205.0,96.0,36.0,20.0,0.0,0.0,0.0,0.0,0.0,0.0
C. Gauff,B. Fruhvirtova,1.0,1.0,100.0,1.0,1.0,100.0,0.0,0.0,0.0,0.0,0.0,0.0,0.0,0.0,0.0,2176.0,3.0,13.03.2004,17.0,340.0,205.0,96.0,36.0,20.0,0.0,0.0,0.0,0.0,0.0,0.0
C. Gauff,E. Mertens,1.0,1.0,100.0,1.0,1.0,100.0,0.0,0.0,0.0,0.0,0.0,0.0,0.0,0.0,0.0,2176.0,3.0,13.03.2004,17.0,340.0,205.0,96.0,36.0,20.0,0.0,0.0,0.0,0.0,0.0,0.0
C. Gauff,M. Kostyuk,1.0,1.0,100.0,1.0,1.0,100.0,0.0,0.0,0.0,0.0,0.0,0.0,0.0,0.0,0.0,2176.0,3.0,13.03.2004,17.0,340.0,205.0,96.0,36.0,20.0,0.0,0.0,0.0,0.0,0.0,0.0
C. Gauff,E. Navarro,1.0,1.0,100.0,1.0,1.0,100.0,0.0,0.0,0.0,0.0,0.0,0.0,0.0,0.0,0.0,2176.0,3.0,13.03.2004,17.0,340.0,205.0,96.0,36.0,20.0,0.0,0.0,0.0,0.0,0.0,0.0
C. Gauff,A. K. Schmiedlova,1.0,1.0,100.0,1.0,1.0,100.0,0.0,0.0,0.0,0.0,0.0,0.0,0.0,0.0,0.0,2176.0,3.0,13.03.2004,17.0,340.0,205.0,96.0,36.0,20.0,0.0,0.0,0.0,0.0,0.0,0.0
C. Gauff,C. Liu,1.0,1.0,100.0,1.0,1.0,100.0,0.0,0.0,0.0,0.0,0.0,0.0,0.0,0.0,0.0,2176.0,3.0,13.03.2004,17.0,340.0,205.0,96.0,36.0,20.0,0.0,0.0,0.0,0.0,0.0,0.0
C. Gauff,M. Sakkari,1.0,0.0,0.0,1.0,0.0,0.0,0.0,0.0,0.0,0.0,0.0,0.0,0.0,0.0,0.0,2176.0,3.0,13.03.2004,17.0,340.0,205.0,96.0,36.0,20.0,0.0,0.0,0.0,0.0,0.0,0.0
C. Gauff,C. Garcia,1.0,0.0,0.0,1.0,0.0,0.0,0.0,0.0,0.0,0.0,0.0,0.0,0.0,0.0,0.0,2176.0,3.0,13.03.2004,17.0,340.0,205.0,96.0,36.0,20.0,0.0,0.0,0.0,0.0,0.0,0.0
C. Gauff,J. Pegula,1.0,0.0,0.0,1.0,0.0,0.0,0.0,0.0,0.0,0.0,0.0,0.0,0.0,0.0,0.0,2176.0,3.0,13.03.2004,17.0,340.0,205.0,96.0,36.0,20.0,0.0,0.0,0.0,0.0,0.0,0.0
C. Gauff,M. Keys,1.0,0.0,0.0,0.0,0.0,0.0,1.0,0.0,0.0,0.0,0.0,0.0,0.0,0.0,0.0,2176.0,3.0,13.03.2004,17.0,340.0,205.0,96.0,36.0,20.0,0.0,0.0,0.0,0.0,0.0,0.0
C. Gauff,P. Badosa,1.0,0.0,0.0,0.0,0.0,0.0,1.0,0.0,0.0,0.0,0.0,0.0,0.0,0.0,0.0,2176.0,3.0,13.03.2004,17.0,340.0,205.0,96.0,36.0,20.0,0.0,0.0,0.0,0.0,0.0,0.0
C. Gauff,V. Kudermetova,1.0,0.0,0.0,1.0,0.0,0.0,0.0,0.0,0.0,0.0,0.0,0.0,0.0,0.0,0.0,2176.0,3.0,13.03.2004,17.0,340.0,205.0,96.0,36.0,20.0,0.0,0.0,0.0,0.0,0.0,0.0
C. Gauff,E. Alexandrova,1.0,0.0,0.0,0.0,0.0,0.0,0.0,0.0,0.0,1.0,0.0,0.0,0.0,0.0,0.0,2176.0,3.0,13.03.2004,17.0,340.0,205.0,96.0,36.0,20.0,0.0,0.0,0.0,0.0,0.0,0.0
C. Gauff,A. Sabalenka,1.0,0.0,0.0,1.0,0.0,0.0,0.0,0.0,0.0,0.0,0.0,0.0,0.0,0.0,0.0,2176.0,3.0,13.03.2004,17.0,340.0,205.0,96.0,36.0,20.0,0.0,0.0,0.0,0.0,0.0,0.0
T. Daniel,F. Comesana,1.0,1.0,100.0,1.0,1.0,100.0,0.0,0.0,0.0,0.0,0.0,0.0,0.0,0.0,0.0,2406.0,75.0,27.01.1993,11.0,492.0,232.0,252.0,6.0,31.0,32.25806451612903,31.25,35.714285714285715,0.0,0.0,0.0
T. Daniel,A. Vukic,1.0,1.0,100.0,1.0,1.0,100.0,0.0,0.0,0.0,0.0,0.0,0.0,0.0,0.0,0.0,2406.0,75.0,27.01.1993,11.0,492.0,232.0,252.0,6.0,31.0,32.25806451612903,31.25,35.714285714285715,0.0,0.0,0.0
T. Daniel,A. Tabilo,1.0,0.0,0.0,1.0,0.0,0.0,0.0,0.0,0.0,0.0,0.0,0.0,0.0,0.0,0.0,2406.0,75.0,27.01.1993,11.0,492.0,232.0,252.0,6.0,31.0,32.25806451612903,31.25,35.714285714285715,0.0,0.0,0.0
T. Daniel,A. Rai,1.0,0.0,0.0,1.0,0.0,0.0,0.0,0.0,0.0,0.0,0.0,0.0,0.0,0.0,0.0,2406.0,75.0,27.01.1993,11.0,492.0,232.0,252.0,6.0,31.0,32.25806451612903,31.25,35.714285714285715,0.0,0.0,0.0
T. Daniel,D. Sweeny,1.0,0.0,0.0,1.0,0.0,0.0,0.0,0.0,0.0,0.0,0.0,0.0,0.0,0.0,0.0,2406.0,75.0,27.01.1993,11.0,492.0,232.0,252.0,6.0,31.0,32.25806451612903,31.25,35.714285714285715,0.0,0.0,0.0
T. Daniel,C. O&apos;Connell,1.0,0.0,0.0,1.0,0.0,0.0,0.0,0.0,0.0,0.0,0.0,0.0,0.0,0.0,0.0,2406.0,75.0,27.01.1993,11.0,492.0,232.0,252.0,6.0,31.0,32.25806451612903,31.25,35.714285714285715,0.0,0.0,0.0
Q. D. Vazquez M.,Aucun,0.0,0.0,0.0,0.0,0.0,0.0,0.0,0.0,0.0,0.0,0.0,0.0,,,,3.0,0.0,01.01.1970,10.0,14.0,14.0,10.0,10.0,54.0,62.96296296296296,62.96296296296296,0.0,0.0,0.0,0.0
K. Kozarov,Aucun,0.0,0.0,0.0,0.0,0.0,0.0,0.0,0.0,0.0,0.0,0.0,0.0,,,,4.0,311.0,01.05.1998,6.0,126.0,108.0,15.0,0.0,26.0,60.0,60.0,0.0,0.0,0.0,0.0
B. Walker,Aucun,0.0,0.0,0.0,0.0,0.0,0.0,0.0,0.0,0.0,0.0,0.0,0.0,,,,5.0,0.0,01.01.1970,3.0,26.0,26.0,3.0,3.0,54.0,0.0,0.0,0.0,0.0,10.0,38.46153846153847
N. Zeballos,Aucun,0.0,0.0,0.0,0.0,0.0,0.0,0.0,0.0,0.0,0.0,0.0,0.0,,,,6.0,296.0,02.05.1994,5.0,166.0,37.0,114.0,0.0,30.0,46.666666666666664,46.666666666666664,0.0,0.0,0.0,0.0
E. Vyrlan,Aucun,0.0,0.0,0.0,0.0,0.0,0.0,0.0,0.0,0.0,0.0,0.0,0.0,,,,7.0,1076.0,01.01.1970,0.0,14.0,14.0,0.0,0.0,54.0,36.84210526315789,36.84210526315789,0.0,0.0,3.0,21.428571428571427
M. Morales,Aucun,0.0,0.0,0.0,0.0,0.0,0.0,0.0,0.0,0.0,0.0,0.0,0.0,,,,8.0,796.0,04.12.1990,0.0,34.0,20.0,7.0,0.0,33.0,66.66666666666666,66.66666666666666,0.0,0.0,0.0,0.0
K. Marthiens,Aucun,0.0,0.0,0.0,0.0,0.0,0.0,0.0,0.0,0.0,0.0,0.0,0.0,,,,10.0,0.0,01.04.2004,3.0,11.0,7.0,7.0,3.0,20.0,0.0,0.0,0.0,0.0,0.0,0.0
M. Laki,Aucun,0.0,0.0,0.0,0.0,0.0,0.0,0.0,0.0,0.0,0.0,0.0,0.0,,,,11.0,516.0,24.03.2005,7.0,121.0,45.0,75.0,0.0,19.0,0.0,0.0,0.0,0.0,0.0,0.0
L. Salvi,Aucun,0.0,0.0,0.0,0.0,0.0,0.0,0.0,0.0,0.0,0.0,0.0,0.0,,,,12.0,974.0,01.01.1970,0.0,32.0,2.0,30.0,0.0,54.0,41.935483870967744,42.857142857142854,0.0,0.0,0.0,0.0
I. Sebestova,Aucun,0.0,0.0,0.0,0.0,0.0,0.0,0.0,0.0,0.0,0.0,0.0,0.0,,,,14.0,459.0,04.03.2001,7.0,93.0,32.0,61.0,0.0,23.0,27.77777777777778,15.384615384615385,0.0,0.0,3.0,3.225806451612903
D. Shalamanova,Aucun,0.0,0.0,0.0,0.0,0.0,0.0,0.0,0.0,0.0,0.0,0.0,0.0,,,,16.0,752.0,03.12.2002,0.0,23.0,5.0,18.0,0.0,21.0,25.0,25.0,0.0,0.0,0.0,0.0
E. Christofi,Aucun,0.0,0.0,0.0,0.0,0.0,0.0,0.0,0.0,0.0,0.0,0.0,0.0,,,,18.0,248.0,09.08.1998,13.0,172.0,26.0,141.0,3.0,25.0,50.0,50.0,50.0,50.0,0.0,0.0
S. J. Visscher,Aucun,0.0,0.0,0.0,0.0,0.0,0.0,0.0,0.0,0.0,0.0,0.0,0.0,,,,21.0,282.0,25.01.2000,15.0,235.0,130.0,105.0,0.0,24.0,50.0,50.0,50.0,50.0,0.0,0.0
L. Petretic,Aucun,0.0,0.0,0.0,0.0,0.0,0.0,0.0,0.0,0.0,0.0,0.0,0.0,,,,22.0,699.0,07.04.2004,4.0,83.0,10.0,73.0,0.0,20.0,42.857142857142854,42.857142857142854,0.0,0.0,0.0,0.0
M. Bergen,Aucun,0.0,0.0,0.0,0.0,0.0,0.0,0.0,0.0,0.0,0.0,0.0,0.0,,,,23.0,833.0,12.06.2001,0.0,38.0,9.0,29.0,0.0,23.0,33.33333333333333,33.33333333333333,0.0,0.0,0.0,0.0
M. Radenkovic,Aucun,0.0,0.0,0.0,0.0,0.0,0.0,0.0,0.0,0.0,0.0,0.0,0.0,,,,24.0,1105.0,07.04.2002,1.0,32.0,9.0,23.0,0.0,22.0,50.0,50.0,50.0,50.0,0.0,0.0
G. Bestetti,Aucun,0.0,0.0,0.0,0.0,0.0,0.0,0.0,0.0,0.0,0.0,0.0,0.0,,,,25.0,877.0,01.10.1997,1.0,44.0,34.0,10.0,0.0,26.0,50.0,50.0,50.0,50.0,0.0,0.0
A. Vangelova,Aucun,0.0,0.0,0.0,0.0,0.0,0.0,0.0,0.0,0.0,0.0,0.0,0.0,,,,26.0,448.0,14.07.1993,1.0,135.0,19.0,113.0,3.0,30.0,72.72727272727273,76.19047619047619,0.0,0.0,0.0,0.0
M. Spigarelli,Aucun,0.0,0.0,0.0,0.0,0.0,0.0,0.0,0.0,0.0,0.0,0.0,0.0,,,,27.0,642.0,12.05.1992,2.0,96.0,20.0,76.0,0.0,32.0,66.66666666666666,66.66666666666666,0.0,0.0,0.0,0.0
D. Pavlou,Aucun,0.0,0.0,0.0,0.0,0.0,0.0,0.0,0.0,0.0,0.0,0.0,0.0,,,,28.0,374.0,21.04.2004,9.0,126.0,8.0,118.0,0.0,20.0,66.66666666666666,71.42857142857143,50.0,0.0,0.0,0.0
B. E. Barbulescu .,Aucun,0.0,0.0,0.0,0.0,0.0,0.0,0.0,0.0,0.0,0.0,0.0,0.0,,,,29.0,1213.0,01.01.1970,0.0,32.0,7.0,25.0,0.0,54.0,54.285714285714285,55.88235294117647,0.0,0.0,0.0,0.0
I. D. Amariei,Aucun,0.0,0.0,0.0,0.0,0.0,0.0,0.0,0.0,0.0,0.0,0.0,0.0,,,,30.0,326.0,30.07.2002,10.0,162.0,13.0,149.0,0.0,21.0,45.0,45.0,0.0,0.0,0.0,0.0
Z. Bouzo,Aucun,0.0,0.0,0.0,0.0,0.0,0.0,0.0,0.0,0.0,0.0,0.0,0.0,,,,31.0,604.0,06.09.1999,3.0,123.0,59.0,64.0,0.0,24.0,33.33333333333333,42.857142857142854,0.0,0.0,0.0,0.0
S. Yuldasheva,Aucun,0.0,0.0,0.0,0.0,0.0,0.0,0.0,0.0,0.0,0.0,0.0,0.0,,,,32.0,892.0,09.01.2002,1.0,44.0,20.0,24.0,0.0,22.0,57.14285714285714,62.5,50.0,0.0,0.0,0.0
G. T. Di,Aucun,0.0,0.0,0.0,0.0,0.0,0.0,0.0,0.0,0.0,0.0,0.0,0.0,,,,33.0,438.0,01.01.1970,6.0,111.0,58.0,53.0,0.0,54.0,50.943396226415096,52.0,33.33333333333333,0.0,0.0,0.0
M. Matoula,Aucun,0.0,0.0,0.0,0.0,0.0,0.0,0.0,0.0,0.0,0.0,0.0,0.0,,,,34.0,318.0,26.04.1997,4.0,133.0,32.0,97.0,0.0,27.0,75.0,80.0,71.42857142857143,0.0,0.0,0.0
Y. Shan,Aucun,0.0,0.0,0.0,0.0,0.0,0.0,0.0,0.0,0.0,0.0,0.0,0.0,,,,37.0,1316.0,15.02.2000,0.0,11.0,9.0,2.0,0.0,24.0,47.82608695652174,38.46153846153847,60.0,0.0,0.0,0.0
C. Takayama,Aucun,0.0,0.0,0.0,0.0,0.0,0.0,0.0,0.0,0.0,0.0,0.0,0.0,,,,39.0,428.0,10.02.1991,0.0,27.0,24.0,2.0,1.0,33.0,50.0,50.0,50.0,50.0,0.0,0.0
D. Daley,Aucun,0.0,0.0,0.0,0.0,0.0,0.0,0.0,0.0,0.0,0.0,0.0,0.0,,,,41.0,850.0,15.06.2000,0.0,27.0,25.0,2.0,0.0,24.0,50.0,50.0,50.0,50.0,0.0,0.0
Y. Mansouri,Aucun,0.0,0.0,0.0,0.0,0.0,0.0,0.0,0.0,0.0,0.0,0.0,0.0,,,,42.0,229.0,15.05.2001,10.0,228.0,190.0,37.0,1.0,23.0,46.15384615384615,46.15384615384615,0.0,0.0,0.0,0.0
M. Zhabrailova,Aucun,0.0,0.0,0.0,0.0,0.0,0.0,0.0,0.0,0.0,0.0,0.0,0.0,,,,43.0,625.0,10.02.2003,3.0,91.0,86.0,5.0,0.0,21.0,0.0,0.0,0.0,0.0,0.0,0.0
E. Margolina,Aucun,0.0,0.0,0.0,0.0,0.0,0.0,0.0,0.0,0.0,0.0,0.0,0.0,,,,45.0,0.0,01.01.1970,28.0,28.0,28.0,28.0,28.0,54.0,50.0,56.25,0.0,0.0,0.0,0.0
X. Yao,Aucun,0.0,0.0,0.0,0.0,0.0,0.0,0.0,0.0,0.0,0.0,0.0,0.0,,,,46.0,424.0,01.01.1970,8.0,153.0,150.0,3.0,0.0,54.0,14.285714285714285,14.285714285714285,0.0,0.0,0.0,0.0
L. Brunskog,Aucun,0.0,0.0,0.0,0.0,0.0,0.0,0.0,0.0,0.0,0.0,0.0,0.0,,,,48.0,759.0,02.01.1993,0.0,35.0,9.0,26.0,0.0,31.0,53.84615384615385,53.84615384615385,0.0,0.0,0.0,0.0
E. Jamshidi,Aucun,0.0,0.0,0.0,0.0,0.0,0.0,0.0,0.0,0.0,0.0,0.0,0.0,,,,50.0,0.0,16.03.2001,3.0,31.0,23.0,11.0,3.0,23.0,54.71698113207547,42.857142857142854,55.55555555555556,0.0,0.0,0.0
C. Garri Murcia,Aucun,0.0,0.0,0.0,0.0,0.0,0.0,0.0,0.0,0.0,0.0,0.0,0.0,,,,51.0,1253.0,20.01.1997,0.0,4.0,1.0,2.0,1.0,27.0,53.65853658536586,53.333333333333336,50.0,0.0,0.0,0.0
L. Meyer Auf Der Heide,Aucun,0.0,0.0,0.0,0.0,0.0,0.0,0.0,0.0,0.0,0.0,0.0,0.0,,,,53.0,302.0,31.01.2002,8.0,131.0,7.0,124.0,0.0,22.0,50.0,0.0,50.0,0.0,0.0,0.0
D. Nweke,Aucun,0.0,0.0,0.0,0.0,0.0,0.0,0.0,0.0,0.0,0.0,0.0,0.0,,,,55.0,0.0,01.01.1970,10.0,30.0,13.0,22.0,10.0,54.0,66.66666666666666,0.0,50.0,0.0,0.0,0.0
S. Bhasin,Aucun,0.0,0.0,0.0,0.0,0.0,0.0,0.0,0.0,0.0,0.0,0.0,0.0,,,,58.0,953.0,01.01.1970,1.0,34.0,12.0,22.0,0.0,54.0,50.0,0.0,50.0,0.0,28.0,82.35294117647058
I. Ibbou,Aucun,0.0,0.0,0.0,0.0,0.0,0.0,0.0,0.0,0.0,0.0,0.0,0.0,,,,59.0,323.0,05.01.1999,5.0,99.0,61.0,36.0,0.0,25.0,56.86274509803921,60.0,52.38095238095239,0.0,0.0,0.0
W. J. Forys,Aucun,0.0,0.0,0.0,0.0,0.0,0.0,0.0,0.0,0.0,0.0,0.0,0.0,,,,60.0,1500.0,25.12.1998,0.0,2.0,0.0,2.0,0.0,25.0,45.714285714285715,50.0,36.84210526315789,0.0,0.0,0.0
L. Stevens,Aucun,0.0,0.0,0.0,0.0,0.0,0.0,0.0,0.0,0.0,0.0,0.0,0.0,,,,62.0,191.0,08.06.1999,13.0,166.0,26.0,138.0,1.0,25.0,100.0,0.0,100.0,0.0,0.0,0.0
M. Dagan Fruchtman,Aucun,0.0,0.0,0.0,0.0,0.0,0.0,0.0,0.0,0.0,0.0,0.0,0.0,,,,63.0,806.0,12.05.2003,0.0,29.0,25.0,4.0,0.0,21.0,75.0,0.0,50.0,0.0,0.0,0.0
O. Tjandramulia,Aucun,0.0,0.0,0.0,0.0,0.0,0.0,0.0,0.0,0.0,0.0,0.0,0.0,,,,64.0,125.0,11.05.1997,6.0,118.0,71.0,47.0,0.0,27.0,0.0,0.0,0.0,0.0,3.0,2.5423728813559325
S. Kimchi,Aucun,0.0,0.0,0.0,0.0,0.0,0.0,0.0,0.0,0.0,0.0,0.0,0.0,,,,65.0,423.0,12.01.2002,4.0,97.0,61.0,32.0,1.0,22.0,33.33333333333333,0.0,33.33333333333333,0.0,0.0,0.0
N. Arakawa,Aucun,0.0,0.0,0.0,0.0,0.0,0.0,0.0,0.0,0.0,0.0,0.0,0.0,,,,68.0,286.0,03.09.1997,5.0,85.0,85.0,0.0,0.0,26.0,53.84615384615385,61.53846153846154,56.52173913043478,0.0,0.0,0.0
S. Lansere,Aucun,0.0,0.0,0.0,0.0,0.0,0.0,0.0,0.0,0.0,0.0,0.0,0.0,,,,69.0,132.0,29.09.2000,11.0,169.0,125.0,39.0,5.0,23.0,30.76923076923077,16.666666666666664,31.25,0.0,0.0,0.0
A. Osborne,Aucun,0.0,0.0,0.0,0.0,0.0,0.0,0.0,0.0,0.0,0.0,0.0,0.0,,,,71.0,277.0,08.04.1995,3.0,81.0,56.0,23.0,2.0,29.0,45.83333333333333,71.42857142857143,35.294117647058826,0.0,0.0,0.0
V. Morvayova,Aucun,0.0,0.0,0.0,0.0,0.0,0.0,0.0,0.0,0.0,0.0,0.0,0.0,,,,72.0,412.0,10.03.2001,2.0,109.0,97.0,11.0,1.0,23.0,12.5,12.5,0.0,0.0,0.0,0.0
R. Saigo,Aucun,0.0,0.0,0.0,0.0,0.0,0.0,0.0,0.0,0.0,0.0,0.0,0.0,,,,73.0,323.0,17.10.2000,4.0,134.0,81.0,44.0,9.0,23.0,50.0,50.0,0.0,0.0,0.0,0.0
H. Arakawa,Aucun,0.0,0.0,0.0,0.0,0.0,0.0,0.0,0.0,0.0,0.0,0.0,0.0,,,,75.0,251.0,27.10.1999,7.0,153.0,150.0,1.0,2.0,24.0,0.0,0.0,0.0,0.0,0.0,0.0
E.-T. Cadar,Aucun,0.0,0.0,0.0,0.0,0.0,0.0,0.0,0.0,0.0,0.0,0.0,0.0,,,,77.0,386.0,24.02.1994,8.0,198.0,167.0,31.0,0.0,30.0,25.0,25.0,0.0,0.0,0.0,0.0
T. Curovic,Aucun,0.0,0.0,0.0,0.0,0.0,0.0,0.0,0.0,0.0,0.0,0.0,0.0,,,,78.0,217.0,31.10.1994,12.0,199.0,59.0,139.0,1.0,29.0,26.666666666666668,26.666666666666668,0.0,0.0,0.0,0.0
A. Kovaleva,Aucun,0.0,0.0,0.0,0.0,0.0,0.0,0.0,0.0,0.0,0.0,0.0,0.0,,,,79.0,418.0,01.01.1970,1.0,79.0,64.0,15.0,0.0,54.0,0.0,0.0,0.0,0.0,0.0,0.0
K. Pavlova,Aucun,0.0,0.0,0.0,0.0,0.0,0.0,0.0,0.0,0.0,0.0,0.0,0.0,,,,80.0,1422.0,01.01.1970,0.0,5.0,5.0,0.0,0.0,54.0,50.0,50.0,0.0,0.0,0.0,0.0
S. Lieberman,Aucun,0.0,0.0,0.0,0.0,0.0,0.0,0.0,0.0,0.0,0.0,0.0,0.0,,,,82.0,1280.0,10.04.2003,0.0,9.0,0.0,9.0,0.0,21.0,0.0,0.0,0.0,0.0,0.0,0.0
E. Lindh,Aucun,0.0,0.0,0.0,0.0,0.0,0.0,0.0,0.0,0.0,0.0,0.0,0.0,,,,83.0,526.0,12.01.2000,3.0,117.0,95.0,18.0,4.0,24.0,0.0,0.0,0.0,0.0,354.0,302.56410256410254
Z. Yankovskaya,Aucun,0.0,0.0,0.0,0.0,0.0,0.0,0.0,0.0,0.0,0.0,0.0,0.0,,,,85.0,0.0,01.01.1970,6.0,7.0,7.0,6.0,6.0,54.0,100.0,0.0,100.0,0.0,0.0,0.0
N. Nadel,Aucun,0.0,0.0,0.0,0.0,0.0,0.0,0.0,0.0,0.0,0.0,0.0,0.0,,,,86.0,593.0,12.06.2000,0.0,30.0,26.0,4.0,0.0,24.0,23.076923076923077,33.33333333333333,0.0,0.0,0.0,0.0
A. J. Cabaj,Aucun,0.0,0.0,0.0,0.0,0.0,0.0,0.0,0.0,0.0,0.0,0.0,0.0,,,,87.0,261.0,28.01.1996,6.0,197.0,133.0,56.0,0.0,28.0,55.55555555555556,40.0,0.0,0.0,0.0,0.0
O. Parres Azcoitia,Aucun,0.0,0.0,0.0,0.0,0.0,0.0,0.0,0.0,0.0,0.0,0.0,0.0,,,,88.0,315.0,26.03.1993,5.0,101.0,72.0,16.0,13.0,31.0,100.0,100.0,0.0,0.0,0.0,0.0
A. Grubor,Aucun,0.0,0.0,0.0,0.0,0.0,0.0,0.0,0.0,0.0,0.0,0.0,0.0,,,,89.0,0.0,01.01.1970,3.0,17.0,9.0,11.0,3.0,54.0,0.0,0.0,0.0,0.0,0.0,0.0
I. Murta,Aucun,0.0,0.0,0.0,0.0,0.0,0.0,0.0,0.0,0.0,0.0,0.0,0.0,,,,90.0,477.0,31.05.1997,5.0,102.0,51.0,46.0,0.0,27.0,100.0,0.0,100.0,0.0,0.0,0.0
R. Bhatia,Aucun,0.0,0.0,0.0,0.0,0.0,0.0,0.0,0.0,0.0,0.0,0.0,0.0,,,,93.0,353.0,24.09.1997,0.0,72.0,44.0,27.0,0.0,26.0,25.0,50.0,0.0,0.0,0.0,0.0
S. Lanca,Aucun,0.0,0.0,0.0,0.0,0.0,0.0,0.0,0.0,0.0,0.0,0.0,0.0,,,,94.0,656.0,02.03.1997,0.0,28.0,26.0,2.0,0.0,27.0,50.0,0.0,50.0,0.0,0.0,0.0
M. Jorge,Aucun,0.0,0.0,0.0,0.0,0.0,0.0,0.0,0.0,0.0,0.0,0.0,0.0,,,,97.0,126.0,07.04.2004,17.0,168.0,105.0,50.0,0.0,20.0,50.0,50.0,50.0,50.0,0.0,0.0
M. Yamaguchi,Aucun,0.0,0.0,0.0,0.0,0.0,0.0,0.0,0.0,0.0,0.0,0.0,0.0,,,,98.0,505.0,14.06.1999,1.0,55.0,46.0,7.0,2.0,25.0,50.0,50.0,50.0,50.0,0.0,0.0
A.F. Santos,Aucun,0.0,0.0,0.0,0.0,0.0,0.0,0.0,0.0,0.0,0.0,0.0,0.0,,,,100.0,631.0,12.02.1996,2.0,55.0,29.0,26.0,0.0,28.0,0.0,0.0,0.0,0.0,0.0,0.0
V. Ryser,Aucun,0.0,0.0,0.0,0.0,0.0,0.0,0.0,0.0,0.0,0.0,0.0,0.0,,,,101.0,238.0,22.03.2001,10.0,202.0,163.0,30.0,9.0,23.0,0.0,0.0,0.0,0.0,0.0,0.0
P. Ozgen,Aucun,0.0,0.0,0.0,0.0,0.0,0.0,0.0,0.0,0.0,0.0,0.0,0.0,,,,102.0,212.0,08.05.1986,1.0,134.0,101.0,29.0,1.0,38.0,21.428571428571427,25.0,16.666666666666664,0.0,0.0,0.0
S. Bavisetti,Aucun,0.0,0.0,0.0,0.0,0.0,0.0,0.0,0.0,0.0,0.0,0.0,0.0,,,,103.0,541.0,11.12.1993,1.0,55.0,47.0,8.0,0.0,30.0,72.72727272727273,71.42857142857143,80.0,0.0,6.0,10.909090909090908
A. Rushiti,Aucun,0.0,0.0,0.0,0.0,0.0,0.0,0.0,0.0,0.0,0.0,0.0,0.0,,,,104.0,353.0,27.03.1999,1.0,102.0,86.0,7.0,0.0,25.0,41.66666666666667,50.0,44.44444444444444,0.0,0.0,0.0
S. B. Grey,Aucun,0.0,0.0,0.0,0.0,0.0,0.0,0.0,0.0,0.0,0.0,0.0,0.0,,,,105.0,146.0,10.08.1995,10.0,167.0,140.0,19.0,8.0,28.0,0.0,0.0,0.0,0.0,0.0,0.0
E. Halbauer,Aucun,0.0,0.0,0.0,0.0,0.0,0.0,0.0,0.0,0.0,0.0,0.0,0.0,,,,107.0,311.0,10.07.1997,1.0,39.0,11.0,28.0,0.0,26.0,59.57446808510638,62.96296296296296,58.82352941176471,0.0,0.0,0.0
E. Tchakarova,Aucun,0.0,0.0,0.0,0.0,0.0,0.0,0.0,0.0,0.0,0.0,0.0,0.0,,,,108.0,622.0,29.07.1994,0.0,26.0,18.0,8.0,0.0,29.0,65.21739130434783,33.33333333333333,73.68421052631578,0.0,3.0,11.538461538461538
S. Macavei,Aucun,0.0,0.0,0.0,0.0,0.0,0.0,0.0,0.0,0.0,0.0,0.0,0.0,,,,109.0,928.0,25.03.2004,0.0,9.0,0.0,8.0,1.0,20.0,50.0,0.0,57.14285714285714,0.0,0.0,0.0
M. Mateas,Aucun,0.0,0.0,0.0,0.0,0.0,0.0,0.0,0.0,0.0,0.0,0.0,0.0,,,,111.0,0.0,21.07.1999,9.0,145.0,95.0,52.0,3.0,24.0,27.27272727272727,0.0,33.33333333333333,0.0,0.0,0.0
C. Rosca,Aucun,0.0,0.0,0.0,0.0,0.0,0.0,0.0,0.0,0.0,0.0,0.0,0.0,,,,112.0,162.0,25.07.1997,10.0,108.0,56.0,52.0,0.0,26.0,58.82352941176471,20.0,68.29268292682927,0.0,3.0,2.7777777777777777
A. Nefedova,Aucun,0.0,0.0,0.0,0.0,0.0,0.0,0.0,0.0,0.0,0.0,0.0,0.0,,,,113.0,429.0,11.01.1999,2.0,137.0,56.0,81.0,0.0,25.0,53.84615384615385,50.0,57.14285714285714,0.0,0.0,0.0
G. Price,Aucun,0.0,0.0,0.0,0.0,0.0,0.0,0.0,0.0,0.0,0.0,0.0,0.0,,,,114.0,631.0,11.06.2003,0.0,32.0,24.0,7.0,1.0,21.0,50.0,50.0,50.0,0.0,0.0,0.0
H. Inoue,Aucun,0.0,0.0,0.0,0.0,0.0,0.0,0.0,0.0,0.0,0.0,0.0,0.0,,,,118.0,362.0,01.06.2003,6.0,126.0,108.0,18.0,0.0,21.0,31.25,0.0,45.45454545454545,0.0,0.0,0.0
C. Hsu,Aucun,0.0,0.0,0.0,0.0,0.0,0.0,0.0,0.0,0.0,0.0,0.0,0.0,,,,119.0,147.0,14.01.1992,6.0,140.0,89.0,47.0,0.0,32.0,0.0,0.0,0.0,0.0,0.0,0.0
S. Shapatava,Aucun,0.0,0.0,0.0,0.0,0.0,0.0,0.0,0.0,0.0,0.0,0.0,0.0,,,,120.0,138.0,12.01.1989,4.0,227.0,98.0,126.0,0.0,35.0,30.434782608695656,0.0,33.33333333333333,0.0,0.0,0.0
L. Proctor,Aucun,0.0,0.0,0.0,0.0,0.0,0.0,0.0,0.0,0.0,0.0,0.0,0.0,,,,121.0,615.0,08.01.1997,4.0,91.0,85.0,6.0,0.0,27.0,38.88888888888889,33.33333333333333,41.66666666666667,0.0,0.0,0.0
D. Marcinkevica,Aucun,0.0,0.0,0.0,0.0,0.0,0.0,0.0,0.0,0.0,0.0,0.0,0.0,,,,122.0,170.0,03.08.1992,8.0,299.0,179.0,119.0,0.0,31.0,0.0,0.0,0.0,0.0,0.0,0.0
A. S. Sanchez,Aucun,0.0,0.0,0.0,0.0,0.0,0.0,0.0,0.0,0.0,0.0,0.0,0.0,,,,123.0,249.0,13.04.1994,6.0,211.0,118.0,93.0,0.0,30.0,25.0,0.0,33.33333333333333,0.0,0.0,0.0
A. S. Rogers,Aucun,0.0,0.0,0.0,0.0,0.0,0.0,0.0,0.0,0.0,0.0,0.0,0.0,,,,124.0,151.0,21.03.1998,13.0,122.0,82.0,40.0,0.0,26.0,33.33333333333333,0.0,42.857142857142854,0.0,0.0,0.0
A. Sysoeva,Aucun,0.0,0.0,0.0,0.0,0.0,0.0,0.0,0.0,0.0,0.0,0.0,0.0,,,,125.0,868.0,05.04.2003,1.0,30.0,22.0,8.0,0.0,21.0,55.81395348837209,57.14285714285714,54.54545454545454,0.0,0.0,0.0
Y. Ma,Aucun,0.0,0.0,0.0,0.0,0.0,0.0,0.0,0.0,0.0,0.0,0.0,0.0,,,,126.0,193.0,10.06.1999,14.0,220.0,186.0,23.0,11.0,25.0,9.090909090909092,14.285714285714285,0.0,0.0,0.0,0.0
A. Urhobo,Aucun,0.0,0.0,0.0,0.0,0.0,0.0,0.0,0.0,0.0,0.0,0.0,0.0,,,,127.0,0.0,19.01.2007,11.0,45.0,15.0,39.0,10.0,17.0,0.0,0.0,0.0,0.0,0.0,0.0
K. Shaffer,Aucun,0.0,0.0,0.0,0.0,0.0,0.0,0.0,0.0,0.0,0.0,0.0,0.0,,,,128.0,518.0,21.05.1997,0.0,19.0,7.0,12.0,0.0,27.0,48.64864864864865,37.5,57.14285714285714,0.0,0.0,0.0
H. T. Black,Aucun,0.0,0.0,0.0,0.0,0.0,0.0,0.0,0.0,0.0,0.0,0.0,0.0,,,,130.0,410.0,02.03.2001,7.0,98.0,27.0,68.0,3.0,23.0,0.0,0.0,0.0,0.0,0.0,0.0
S. Xu,Aucun,0.0,0.0,0.0,0.0,0.0,0.0,0.0,0.0,0.0,0.0,0.0,0.0,,,,131.0,216.0,10.01.1998,1.0,67.0,46.0,20.0,1.0,26.0,45.94594594594595,60.0,43.75,0.0,0.0,0.0
A. Zhu,Aucun,0.0,0.0,0.0,0.0,0.0,0.0,0.0,0.0,0.0,0.0,0.0,0.0,,,,133.0,417.0,28.10.1994,4.0,104.0,52.0,52.0,0.0,29.0,64.70588235294117,40.0,75.0,0.0,3.0,2.8846153846153846
C. Scholl,Aucun,0.0,0.0,0.0,0.0,0.0,0.0,0.0,0.0,0.0,0.0,0.0,0.0,,,,134.0,170.0,05.07.1992,7.0,197.0,77.0,120.0,0.0,31.0,43.75,42.857142857142854,44.44444444444444,0.0,0.0,0.0
C. Cervino Ruiz,Aucun,0.0,0.0,0.0,0.0,0.0,0.0,0.0,0.0,0.0,0.0,0.0,0.0,,,,137.0,337.0,14.12.1997,3.0,94.0,73.0,21.0,0.0,26.0,0.0,0.0,0.0,0.0,0.0,0.0
I. L. Rosca,Aucun,0.0,0.0,0.0,0.0,0.0,0.0,0.0,0.0,0.0,0.0,0.0,0.0,,,,138.0,211.0,20.09.1996,12.0,122.0,56.0,66.0,0.0,27.0,0.0,0.0,0.0,0.0,0.0,0.0
L. Kung,Aucun,0.0,0.0,0.0,0.0,0.0,0.0,0.0,0.0,0.0,0.0,0.0,0.0,,,,139.0,157.0,21.10.2000,13.0,194.0,98.0,85.0,11.0,23.0,0.0,0.0,0.0,0.0,0.0,0.0
S. Sierra,Aucun,0.0,0.0,0.0,0.0,0.0,0.0,0.0,0.0,0.0,0.0,0.0,0.0,,,,140.0,175.0,17.06.2004,8.0,135.0,28.0,103.0,0.0,20.0,33.33333333333333,25.0,36.36363636363637,0.0,0.0,0.0
L. Romero Gormaz,Aucun,0.0,0.0,0.0,0.0,0.0,0.0,0.0,0.0,0.0,0.0,0.0,0.0,,,,141.0,169.0,06.04.2002,12.0,207.0,36.0,171.0,0.0,22.0,33.33333333333333,33.33333333333333,33.33333333333333,0.0,0.0,0.0
G. Maristany,Aucun,0.0,0.0,0.0,0.0,0.0,0.0,0.0,0.0,0.0,0.0,0.0,0.0,,,,142.0,243.0,19.02.1999,8.0,120.0,46.0,74.0,0.0,25.0,0.0,0.0,0.0,0.0,0.0,0.0
M. Bondarenko,Aucun,0.0,0.0,0.0,0.0,0.0,0.0,0.0,0.0,0.0,0.0,0.0,0.0,,,,143.0,310.0,09.04.2003,2.0,125.0,80.0,45.0,0.0,21.0,57.14285714285714,60.0,56.25,0.0,0.0,0.0
C. Martinez Cirez,Aucun,0.0,0.0,0.0,0.0,0.0,0.0,0.0,0.0,0.0,0.0,0.0,0.0,,,,144.0,236.0,13.02.2001,4.0,154.0,10.0,143.0,1.0,23.0,22.22222222222222,0.0,33.33333333333333,0.0,0.0,0.0
F. Curmi,Aucun,0.0,0.0,0.0,0.0,0.0,0.0,0.0,0.0,0.0,0.0,0.0,0.0,,,,145.0,315.0,07.07.2002,5.0,126.0,70.0,42.0,1.0,21.0,0.0,0.0,0.0,0.0,0.0,0.0
C. Hoste Ferrer,Aucun,0.0,0.0,0.0,0.0,0.0,0.0,0.0,0.0,0.0,0.0,0.0,0.0,,,,146.0,592.0,12.11.1998,2.0,90.0,8.0,82.0,0.0,25.0,25.0,0.0,33.33333333333333,0.0,0.0,0.0
M. Hodzic,Aucun,0.0,0.0,0.0,0.0,0.0,0.0,0.0,0.0,0.0,0.0,0.0,0.0,,,,147.0,0.0,06.06.2002,5.0,30.0,11.0,22.0,3.0,22.0,12.5,0.0,14.285714285714285,0.0,0.0,0.0
V. Strakhova,Aucun,0.0,0.0,0.0,0.0,0.0,0.0,0.0,0.0,0.0,0.0,0.0,0.0,,,,148.0,105.0,09.06.1995,33.0,338.0,76.0,262.0,0.0,29.0,27.27272727272727,16.666666666666664,40.0,0.0,0.0,0.0
M. Nuudi,Aucun,0.0,0.0,0.0,0.0,0.0,0.0,0.0,0.0,0.0,0.0,0.0,0.0,,,,149.0,474.0,24.05.2000,3.0,68.0,17.0,40.0,0.0,24.0,33.33333333333333,33.33333333333333,0.0,0.0,10.0,14.705882352941178
Y. Lizarazo,Aucun,0.0,0.0,0.0,0.0,0.0,0.0,0.0,0.0,0.0,0.0,0.0,0.0,,,,150.0,106.0,23.05.1993,7.0,161.0,32.0,115.0,0.0,31.0,11.11111111111111,0.0,12.5,0.0,0.0,0.0
A. Carreras,Aucun,0.0,0.0,0.0,0.0,0.0,0.0,0.0,0.0,0.0,0.0,0.0,0.0,,,,151.0,286.0,16.05.1990,1.0,81.0,17.0,59.0,2.0,34.0,0.0,0.0,0.0,0.0,0.0,0.0
A. Gamiz,Aucun,0.0,0.0,0.0,0.0,0.0,0.0,0.0,0.0,0.0,0.0,0.0,0.0,,,,152.0,87.0,31.10.1992,18.0,241.0,57.0,177.0,1.0,31.0,0.0,0.0,0.0,0.0,0.0,0.0
C. M. Gutierrez,Aucun,0.0,0.0,0.0,0.0,0.0,0.0,0.0,0.0,0.0,0.0,0.0,0.0,,,,153.0,315.0,15.09.1997,1.0,52.0,26.0,26.0,0.0,26.0,0.0,0.0,0.0,0.0,0.0,0.0
J. Bouzas Maneiro,Aucun,0.0,0.0,0.0,0.0,0.0,0.0,0.0,0.0,0.0,0.0,0.0,0.0,,,,154.0,87.0,24.09.2002,16.0,217.0,66.0,148.0,3.0,21.0,64.91228070175438,66.66666666666666,64.28571428571429,0.0,41.0,18.89400921658986
L. Karatancheva,Aucun,0.0,0.0,0.0,0.0,0.0,0.0,0.0,0.0,0.0,0.0,0.0,0.0,,,,155.0,320.0,08.09.2003,2.0,96.0,30.0,56.0,0.0,20.0,85.71428571428571,0.0,85.71428571428571,0.0,0.0,0.0
M. Mutavdzic,Aucun,0.0,0.0,0.0,0.0,0.0,0.0,0.0,0.0,0.0,0.0,0.0,0.0,,,,156.0,438.0,17.06.2004,1.0,78.0,45.0,28.0,5.0,20.0,33.33333333333333,0.0,33.33333333333333,0.0,0.0,0.0
M. Partaud,Aucun,0.0,0.0,0.0,0.0,0.0,0.0,0.0,0.0,0.0,0.0,0.0,0.0,,,,158.0,305.0,09.11.1994,4.0,127.0,30.0,97.0,0.0,29.0,42.857142857142854,44.44444444444444,42.30769230769231,0.0,0.0,0.0
A. Fita Boluda,Aucun,0.0,0.0,0.0,0.0,0.0,0.0,0.0,0.0,0.0,0.0,0.0,0.0,,,,159.0,242.0,12.07.1999,20.0,198.0,33.0,165.0,0.0,24.0,60.0,33.33333333333333,66.66666666666666,0.0,0.0,0.0
M. Noel,Aucun,0.0,0.0,0.0,0.0,0.0,0.0,0.0,0.0,0.0,0.0,0.0,0.0,,,,160.0,387.0,21.01.1970,0.0,35.0,35.0,0.0,0.0,54.0,0.0,0.0,0.0,0.0,0.0,0.0
L. Boskovic,Aucun,0.0,0.0,0.0,0.0,0.0,0.0,0.0,0.0,0.0,0.0,0.0,0.0,,,,161.0,204.0,22.09.1999,7.0,172.0,81.0,84.0,1.0,24.0,60.0,0.0,66.66666666666666,50.0,0.0,0.0
C. W. Hennemann,Aucun,0.0,0.0,0.0,0.0,0.0,0.0,0.0,0.0,0.0,0.0,0.0,0.0,,,,162.0,184.0,22.03.2001,18.0,203.0,47.0,142.0,1.0,23.0,75.40983606557377,80.0,74.50980392156863,0.0,0.0,0.0
V. Erjavec,Aucun,0.0,0.0,0.0,0.0,0.0,0.0,0.0,0.0,0.0,0.0,0.0,0.0,,,,163.0,120.0,30.12.1999,20.0,173.0,29.0,144.0,0.0,24.0,55.55555555555556,50.0,56.41025641025641,0.0,0.0,0.0
W. Falkowska,Aucun,0.0,0.0,0.0,0.0,0.0,0.0,0.0,0.0,0.0,0.0,0.0,0.0,,,,164.0,105.0,17.06.2000,26.0,273.0,143.0,127.0,2.0,24.0,70.83333333333334,40.0,78.94736842105263,0.0,0.0,0.0
B. Haas,Aucun,0.0,0.0,0.0,0.0,0.0,0.0,0.0,0.0,0.0,0.0,0.0,0.0,,,,165.0,147.0,19.03.1996,3.0,160.0,62.0,86.0,6.0,28.0,27.27272727272727,0.0,37.5,0.0,0.0,0.0
F. Arcidiacono,Aucun,0.0,0.0,0.0,0.0,0.0,0.0,0.0,0.0,0.0,0.0,0.0,0.0,,,,166.0,614.0,14.04.1993,0.0,66.0,12.0,54.0,0.0,31.0,47.05882352941176,60.0,41.66666666666667,0.0,0.0,0.0
O. G. Simion,Aucun,0.0,0.0,0.0,0.0,0.0,0.0,0.0,0.0,0.0,0.0,0.0,0.0,,,,167.0,275.0,08.03.1996,10.0,119.0,4.0,115.0,0.0,28.0,52.94117647058824,50.0,53.333333333333336,0.0,0.0,0.0
A. Ruzic,Aucun,0.0,0.0,0.0,0.0,0.0,0.0,0.0,0.0,0.0,0.0,0.0,0.0,,,,168.0,207.0,20.01.2003,8.0,127.0,73.0,48.0,0.0,21.0,50.0,50.0,0.0,0.0,0.0,0.0
G. Topalova,Aucun,0.0,0.0,0.0,0.0,0.0,0.0,0.0,0.0,0.0,0.0,0.0,0.0,,,,169.0,210.0,22.02.2000,7.0,188.0,36.0,145.0,0.0,24.0,66.66666666666666,25.0,70.45454545454545,0.0,3.0,1.5957446808510638
A. Zantedeschi,Aucun,0.0,0.0,0.0,0.0,0.0,0.0,0.0,0.0,0.0,0.0,0.0,0.0,,,,170.0,205.0,02.11.2000,7.0,158.0,14.0,144.0,0.0,23.0,40.0,50.0,36.36363636363637,0.0,0.0,0.0
M. Barthel,Aucun,0.0,0.0,0.0,0.0,0.0,0.0,0.0,0.0,0.0,0.0,0.0,0.0,,,,171.0,34.0,11.07.1990,11.0,412.0,254.0,132.0,26.0,33.0,50.0,50.0,50.0,0.0,0.0,0.0
M. Helgo,Aucun,0.0,0.0,0.0,0.0,0.0,0.0,0.0,0.0,0.0,0.0,0.0,0.0,,,,172.0,319.0,26.08.1999,7.0,148.0,53.0,77.0,2.0,24.0,70.0,83.33333333333334,66.66666666666666,0.0,0.0,0.0
M. Klaffner,Aucun,0.0,0.0,0.0,0.0,0.0,0.0,0.0,0.0,0.0,0.0,0.0,0.0,,,,174.0,163.0,22.05.1990,7.0,126.0,48.0,66.0,5.0,34.0,60.0,50.0,62.5,0.0,50.0,39.682539682539684
N. Radisic,Aucun,0.0,0.0,0.0,0.0,0.0,0.0,0.0,0.0,0.0,0.0,0.0,0.0,,,,175.0,191.0,19.03.2000,15.0,179.0,17.0,162.0,0.0,24.0,60.0,33.33333333333333,64.70588235294117,0.0,0.0,0.0
E. Chiesa,Aucun,0.0,0.0,0.0,0.0,0.0,0.0,0.0,0.0,0.0,0.0,0.0,0.0,,,,176.0,701.0,16.07.2000,1.0,82.0,10.0,72.0,0.0,23.0,68.65671641791045,71.42857142857143,66.66666666666666,0.0,32.0,39.02439024390244
B. Turati,Aucun,0.0,0.0,0.0,0.0,0.0,0.0,0.0,0.0,0.0,0.0,0.0,0.0,,,,177.0,317.0,17.06.1997,0.0,26.0,7.0,19.0,0.0,27.0,70.1492537313433,71.73913043478261,66.66666666666666,0.0,0.0,0.0
M. Imanishi,Aucun,0.0,0.0,0.0,0.0,0.0,0.0,0.0,0.0,0.0,0.0,0.0,0.0,,,,178.0,202.0,20.05.1992,4.0,132.0,106.0,16.0,10.0,32.0,61.111111111111114,69.23076923076923,40.0,0.0,0.0,0.0
D. Salkova,Aucun,0.0,0.0,0.0,0.0,0.0,0.0,0.0,0.0,0.0,0.0,0.0,0.0,,,,179.0,143.0,28.06.2004,16.0,175.0,81.0,93.0,1.0,19.0,57.6271186440678,64.28571428571429,51.61290322580645,0.0,0.0,0.0
A. Turati,Aucun,0.0,0.0,0.0,0.0,0.0,0.0,0.0,0.0,0.0,0.0,0.0,0.0,,,,181.0,407.0,17.06.1997,1.0,78.0,4.0,74.0,0.0,27.0,32.25806451612903,33.33333333333333,30.0,0.0,0.0,0.0
R. Stolmar,Aucun,0.0,0.0,0.0,0.0,0.0,0.0,0.0,0.0,0.0,0.0,0.0,0.0,,,,182.0,445.0,26.02.1997,2.0,50.0,46.0,4.0,0.0,27.0,50.0,52.94117647058824,33.33333333333333,0.0,0.0,0.0
T. Cvetkovic,Aucun,0.0,0.0,0.0,0.0,0.0,0.0,0.0,0.0,0.0,0.0,0.0,0.0,,,,184.0,526.0,04.12.2000,3.0,41.0,4.0,37.0,0.0,23.0,58.620689655172406,59.09090909090909,58.333333333333336,0.0,0.0,0.0
A. Arseneault,Aucun,0.0,0.0,0.0,0.0,0.0,0.0,0.0,0.0,0.0,0.0,0.0,0.0,,,,185.0,436.0,15.06.2002,2.0,22.0,17.0,5.0,0.0,22.0,48.0,50.0,46.875,0.0,0.0,0.0
K. Scott,Aucun,0.0,0.0,0.0,0.0,0.0,0.0,0.0,0.0,0.0,0.0,0.0,0.0,,,,186.0,159.0,11.06.2004,4.0,85.0,56.0,24.0,5.0,20.0,73.68421052631578,64.28571428571429,100.0,0.0,0.0,0.0
M. L. Carle,Aucun,0.0,0.0,0.0,0.0,0.0,0.0,0.0,0.0,0.0,0.0,0.0,0.0,,,,187.0,83.0,10.02.2000,16.0,292.0,93.0,185.0,9.0,24.0,45.45454545454545,37.5,66.66666666666666,0.0,0.0,0.0
T. Evans,Aucun,0.0,0.0,0.0,0.0,0.0,0.0,0.0,0.0,0.0,0.0,0.0,0.0,,,,188.0,917.0,29.03.2001,0.0,38.0,35.0,3.0,0.0,23.0,68.18181818181817,0.0,71.42857142857143,0.0,0.0,0.0
D. Hewitt,Aucun,0.0,0.0,0.0,0.0,0.0,0.0,0.0,0.0,0.0,0.0,0.0,0.0,,,,189.0,183.0,16.12.2000,9.0,143.0,128.0,11.0,4.0,23.0,33.33333333333333,50.0,20.0,0.0,0.0,0.0
T. Kinard,Aucun,0.0,0.0,0.0,0.0,0.0,0.0,0.0,0.0,0.0,0.0,0.0,0.0,,,,192.0,0.0,24.11.1987,3.0,23.0,20.0,5.0,4.0,36.0,50.0,0.0,50.0,0.0,0.0,0.0
L. Dekmeijere,Aucun,0.0,0.0,0.0,0.0,0.0,0.0,0.0,0.0,0.0,0.0,0.0,0.0,,,,193.0,68.0,21.05.1983,2.0,95.0,59.0,30.0,6.0,41.0,51.515151515151516,0.0,51.515151515151516,0.0,0.0,0.0
M. Bayerlova,Aucun,0.0,0.0,0.0,0.0,0.0,0.0,0.0,0.0,0.0,0.0,0.0,0.0,,,,194.0,210.0,14.12.1998,8.0,159.0,38.0,121.0,0.0,25.0,27.27272727272727,33.33333333333333,20.0,0.0,0.0,0.0
A. Graham,Aucun,0.0,0.0,0.0,0.0,0.0,0.0,0.0,0.0,0.0,0.0,0.0,0.0,,,,195.0,434.0,07.07.1998,1.0,22.0,10.0,12.0,0.0,25.0,0.0,0.0,0.0,0.0,0.0,0.0
J. Jebawy,Aucun,0.0,0.0,0.0,0.0,0.0,0.0,0.0,0.0,0.0,0.0,0.0,0.0,,,,197.0,416.0,04.10.1996,1.0,48.0,13.0,35.0,0.0,27.0,44.73684210526316,33.33333333333333,45.714285714285715,0.0,235.0,489.5833333333333
E. Kalieva,Aucun,0.0,0.0,0.0,0.0,0.0,0.0,0.0,0.0,0.0,0.0,0.0,0.0,,,,198.0,0.0,27.07.2003,9.0,147.0,70.0,74.0,7.0,20.0,80.0,75.0,81.81818181818183,0.0,0.0,0.0
J. Kolodynska,Aucun,0.0,0.0,0.0,0.0,0.0,0.0,0.0,0.0,0.0,0.0,0.0,0.0,,,,199.0,225.0,10.08.2003,5.0,85.0,55.0,26.0,0.0,20.0,37.5,33.33333333333333,40.0,0.0,0.0,0.0
J. Kissell,Aucun,0.0,0.0,0.0,0.0,0.0,0.0,0.0,0.0,0.0,0.0,0.0,0.0,,,,200.0,792.0,06.06.1991,0.0,16.0,16.0,0.0,0.0,33.0,48.148148148148145,40.0,50.0,0.0,0.0,0.0
E. Douglas,Aucun,0.0,0.0,0.0,0.0,0.0,0.0,0.0,0.0,0.0,0.0,0.0,0.0,,,,201.0,396.0,23.05.2000,0.0,36.0,24.0,8.0,4.0,24.0,40.0,0.0,50.0,0.0,0.0,0.0
M. Kononova,Aucun,0.0,0.0,0.0,0.0,0.0,0.0,0.0,0.0,0.0,0.0,0.0,0.0,,,,202.0,230.0,04.03.1997,8.0,80.0,34.0,46.0,0.0,27.0,16.666666666666664,0.0,16.666666666666664,0.0,0.0,0.0
C. Brace,Aucun,0.0,0.0,0.0,0.0,0.0,0.0,0.0,0.0,0.0,0.0,0.0,0.0,,,,204.0,0.0,25.02.2005,3.0,52.0,31.0,24.0,3.0,19.0,28.57142857142857,0.0,30.76923076923077,0.0,0.0,0.0
A. Parazinskaite,Aucun,0.0,0.0,0.0,0.0,0.0,0.0,0.0,0.0,0.0,0.0,0.0,0.0,,,,206.0,373.0,29.11.1996,6.0,74.0,59.0,13.0,0.0,27.0,0.0,0.0,0.0,0.0,0.0,0.0
F. A. Sanz-Llaneza,Aucun,0.0,0.0,0.0,0.0,0.0,0.0,0.0,0.0,0.0,0.0,0.0,0.0,,,,210.0,714.0,03.03.1991,0.0,13.0,10.0,3.0,0.0,33.0,20.0,0.0,25.0,0.0,0.0,0.0
M. Kolodziejova,Aucun,0.0,0.0,0.0,0.0,0.0,0.0,0.0,0.0,0.0,0.0,0.0,0.0,,,,212.0,46.0,11.04.1997,15.0,166.0,48.0,118.0,0.0,27.0,20.0,20.0,20.0,0.0,0.0,0.0
G. Crescenzi,Aucun,0.0,0.0,0.0,0.0,0.0,0.0,0.0,0.0,0.0,0.0,0.0,0.0,,,,213.0,710.0,31.03.1996,2.0,95.0,52.0,43.0,0.0,28.0,0.0,0.0,0.0,0.0,0.0,0.0
J. Aney,Aucun,0.0,0.0,0.0,0.0,0.0,0.0,0.0,0.0,0.0,0.0,0.0,0.0,,,,214.0,133.0,19.04.1998,20.0,232.0,92.0,140.0,0.0,26.0,43.75,37.5,50.0,0.0,0.0,0.0
B. Gatica,Aucun,0.0,0.0,0.0,0.0,0.0,0.0,0.0,0.0,0.0,0.0,0.0,0.0,,,,215.0,167.0,16.08.1996,7.0,148.0,50.0,89.0,0.0,27.0,0.0,0.0,0.0,0.0,28.0,18.91891891891892
C. Rosatello,Aucun,0.0,0.0,0.0,0.0,0.0,0.0,0.0,0.0,0.0,0.0,0.0,0.0,,,,216.0,72.0,28.05.1995,19.0,255.0,67.0,188.0,0.0,29.0,0.0,0.0,0.0,0.0,0.0,0.0
A. Siskova,Aucun,0.0,0.0,0.0,0.0,0.0,0.0,0.0,0.0,0.0,0.0,0.0,0.0,,,,218.0,79.0,01.07.2001,27.0,291.0,117.0,174.0,0.0,22.0,38.095238095238095,0.0,47.05882352941176,0.0,0.0,0.0
K. Bartone,Aucun,0.0,0.0,0.0,0.0,0.0,0.0,0.0,0.0,0.0,0.0,0.0,0.0,,,,220.0,400.0,07.06.2002,8.0,132.0,83.0,45.0,4.0,22.0,0.0,0.0,0.0,0.0,3.0,2.272727272727273
I. G. Ghioroaie,Aucun,0.0,0.0,0.0,0.0,0.0,0.0,0.0,0.0,0.0,0.0,0.0,0.0,,,,221.0,274.0,28.03.1998,12.0,144.0,60.0,84.0,0.0,26.0,38.70967741935484,33.33333333333333,50.0,0.0,77.0,53.47222222222222
J. Ortenzi,Aucun,0.0,0.0,0.0,0.0,0.0,0.0,0.0,0.0,0.0,0.0,0.0,0.0,,,,224.0,511.0,20.11.2001,14.0,163.0,30.0,130.0,0.0,22.0,33.33333333333333,33.33333333333333,0.0,0.0,67.0,41.104294478527606
S. Sakellaridi,Aucun,0.0,0.0,0.0,0.0,0.0,0.0,0.0,0.0,0.0,0.0,0.0,0.0,,,,226.0,162.0,01.04.2003,28.0,424.0,111.0,313.0,0.0,21.0,6.25,7.142857142857142,0.0,0.0,3.0,0.7075471698113208
L. Gjorcheska,Aucun,0.0,0.0,0.0,0.0,0.0,0.0,0.0,0.0,0.0,0.0,0.0,0.0,,,,227.0,205.0,03.08.1994,9.0,249.0,55.0,176.0,0.0,29.0,33.33333333333333,33.33333333333333,0.0,0.0,0.0,0.0
S. Cakarevic,Aucun,0.0,0.0,0.0,0.0,0.0,0.0,0.0,0.0,0.0,0.0,0.0,0.0,,,,228.0,0.0,12.03.1997,6.0,81.0,14.0,70.0,3.0,27.0,0.0,0.0,0.0,0.0,0.0,0.0
S. Rubini,Aucun,0.0,0.0,0.0,0.0,0.0,0.0,0.0,0.0,0.0,0.0,0.0,0.0,,,,229.0,310.0,05.12.1992,0.0,31.0,8.0,23.0,0.0,31.0,55.172413793103445,0.0,55.172413793103445,0.0,0.0,0.0
L. Pigato,Aucun,0.0,0.0,0.0,0.0,0.0,0.0,0.0,0.0,0.0,0.0,0.0,0.0,,,,230.0,229.0,21.06.2003,10.0,165.0,51.0,113.0,1.0,21.0,47.16981132075472,33.33333333333333,47.72727272727273,66.66666666666666,0.0,0.0
J. Mikulskyte,Aucun,0.0,0.0,0.0,0.0,0.0,0.0,0.0,0.0,0.0,0.0,0.0,0.0,,,,232.0,162.0,06.02.1996,18.0,298.0,166.0,117.0,0.0,28.0,25.0,25.0,0.0,0.0,3.0,1.006711409395973
Agafonov/ Ibragimov,Aucun,0.0,0.0,0.0,0.0,0.0,0.0,0.0,0.0,0.0,0.0,0.0,0.0,,,,235.0,190.0,22.04.1993,13.0,149.0,104.0,45.0,0.0,31.0,50.0,0.0,50.0,0.0,0.0,0.0
Arnaboldi/ Ferrari,Aucun,0.0,0.0,0.0,0.0,0.0,0.0,0.0,0.0,0.0,0.0,0.0,0.0,,,,238.0,551.0,18.06.2000,2.0,50.0,8.0,42.0,0.0,24.0,39.130434782608695,0.0,39.130434782608695,0.0,0.0,0.0
Kuzuhara/ Lilov,Aucun,0.0,0.0,0.0,0.0,0.0,0.0,0.0,0.0,0.0,0.0,0.0,0.0,,,,242.0,1244.0,01.01.1970,0.0,15.0,12.0,3.0,0.0,54.0,28.57142857142857,25.0,27.586206896551722,50.0,345.0,2300.0
Monzon/ Tenti,Aucun,0.0,0.0,0.0,0.0,0.0,0.0,0.0,0.0,0.0,0.0,0.0,0.0,,,,243.0,581.0,13.08.1999,0.0,11.0,6.0,5.0,0.0,24.0,8.333333333333332,0.0,12.5,0.0,0.0,0.0
Bertran/ Mbithi,Aucun,0.0,0.0,0.0,0.0,0.0,0.0,0.0,0.0,0.0,0.0,0.0,0.0,,,,245.0,1334.0,26.09.2003,0.0,6.0,0.0,6.0,0.0,20.0,0.0,0.0,0.0,0.0,0.0,0.0
Mendoza/ Zeballos,Aucun,0.0,0.0,0.0,0.0,0.0,0.0,0.0,0.0,0.0,0.0,0.0,0.0,,,,251.0,871.0,30.09.2003,1.0,39.0,12.0,19.0,8.0,20.0,0.0,0.0,0.0,0.0,0.0,0.0
Bicknell/ Phillips,Aucun,0.0,0.0,0.0,0.0,0.0,0.0,0.0,0.0,0.0,0.0,0.0,0.0,,,,253.0,218.0,27.07.2000,7.0,74.0,44.0,28.0,0.0,23.0,16.666666666666664,25.0,0.0,0.0,597.0,806.7567567567569
Gomez/ Nakashima,Aucun,0.0,0.0,0.0,0.0,0.0,0.0,0.0,0.0,0.0,0.0,0.0,0.0,,,,254.0,548.0,18.10.1998,2.0,56.0,44.0,9.0,3.0,25.0,0.0,0.0,0.0,0.0,60.0,107.14285714285714
Brigida/ De Vincentis,Aucun,0.0,0.0,0.0,0.0,0.0,0.0,0.0,0.0,0.0,0.0,0.0,0.0,,,,258.0,288.0,24.04.1989,7.0,60.0,56.0,4.0,0.0,35.0,41.30434782608695,60.0,39.02439024390244,0.0,0.0,0.0
Wang/ Yunchaokete,Aucun,0.0,0.0,0.0,0.0,0.0,0.0,0.0,0.0,0.0,0.0,0.0,0.0,,,,261.0,1452.0,10.01.2003,0.0,4.0,4.0,0.0,0.0,21.0,33.33333333333333,50.0,32.25806451612903,0.0,0.0,0.0
Lock/ Lock,Aucun,0.0,0.0,0.0,0.0,0.0,0.0,0.0,0.0,0.0,0.0,0.0,0.0,,,,263.0,212.0,04.03.1993,6.0,138.0,110.0,22.0,5.0,31.0,55.55555555555556,61.53846153846154,40.0,0.0,0.0,0.0
Barnat/ Satral,Aucun,0.0,0.0,0.0,0.0,0.0,0.0,0.0,0.0,0.0,0.0,0.0,0.0,,,,285.0,1208.0,26.07.2001,0.0,9.0,4.0,5.0,0.0,22.0,12.5,20.0,0.0,0.0,55.0,611.1111111111111
Fernandez Flores/ Soriano Barrera,Aucun,0.0,0.0,0.0,0.0,0.0,0.0,0.0,0.0,0.0,0.0,0.0,0.0,,,,292.0,791.0,07.10.2000,0.0,26.0,18.0,8.0,0.0,23.0,60.0,0.0,60.0,0.0,108.0,415.3846153846154
T. Van Rijthoven,Aucun,0.0,0.0,0.0,0.0,0.0,0.0,0.0,0.0,0.0,0.0,0.0,0.0,,,,393.0,111.0,24.04.1997,7.0,163.0,110.0,43.0,9.0,27.0,63.63636363636363,0.0,63.63636363636363,0.0,0.0,0.0
T. Barrios,Aucun,0.0,0.0,0.0,0.0,0.0,0.0,0.0,0.0,0.0,0.0,0.0,0.0,,,,396.0,103.0,10.12.1997,9.0,246.0,33.0,203.0,7.0,26.0,56.25,0.0,56.25,0.0,0.0,0.0
D. E. Galan Riveros,Aucun,0.0,0.0,0.0,0.0,0.0,0.0,0.0,0.0,0.0,0.0,0.0,0.0,,,,1735.0,67.0,18.06.1996,4.0,249.0,63.0,174.0,9.0,28.0,0.0,0.0,0.0,0.0,0.0,0.0
Al. Popyrin,Aucun,0.0,0.0,0.0,0.0,0.0,0.0,0.0,0.0,0.0,0.0,0.0,0.0,,,,1926.0,0.0,05.08.1999,8.0,231.0,145.0,66.0,25.0,24.0,0.0,0.0,0.0,0.0,0.0,0.0
M. C. Osorio Serrano,Aucun,0.0,0.0,0.0,0.0,0.0,0.0,0.0,0.0,0.0,0.0,0.0,0.0,,,,2390.0,0.0,22.12.2001,6.0,177.0,79.0,83.0,17.0,22.0,56.25,66.66666666666666,71.42857142857143,0.0,0.0,0.0
L. A. Fernandez,Aucun,0.0,0.0,0.0,0.0,0.0,0.0,0.0,0.0,0.0,0.0,0.0,0.0,,,,2394.0,0.0,06.09.2002,7.0,215.0,150.0,48.0,10.0,21.0,50.0,33.33333333333333,65.0,0.0,0.0,0.0
J. Wolf,Aucun,0.0,0.0,0.0,0.0,0.0,0.0,0.0,0.0,0.0,0.0,0.0,0.0,,,,2853.0,53.0,21.12.1998,6.0,167.0,142.0,20.0,5.0,25.0,50.847457627118644,50.0,52.94117647058824,0.0,0.0,0.0
