,Joueur,Adversaire,Surface,Win Probability Joueur 1,Win Probability Joueur 2
0,L. Fernandez,A. Muhammad,hard,1.117356564766775e-37,100.0
1,L. Fernandez,A. Muhammad,clay,6.011586325566966e-69,100.0
2,L. Fernandez,A. Muhammad,grass,6.011586325566966e-69,100.0
3,L. Fernandez,D. Seguel,hard,6.774904763513871e-56,100.0
4,L. Fernandez,D. Seguel,clay,2.7331916547725462e-53,100.0
5,L. Fernandez,D. Seguel,grass,2.7331916547725462e-53,100.0
6,L. Fernandez,Y. Wickmayer,hard,6.83237828443011e-60,100.0
7,L. Fernandez,Y. Wickmayer,clay,3.227386977238819e-60,100.0
8,L. Fernandez,Y. Wickmayer,grass,3.227386977238819e-60,100.0
9,L. Fernandez,A. Potapova,hard,2.787266416627752e-44,100.0
10,L. Fernandez,A. Potapova,clay,1.9557512362135764e-23,100.0
11,L. Fernandez,A. Potapova,grass,1.7125556749061087e-49,100.0
12,L. Fernandez,S. Kenin,hard,2.2510042365466724e-81,100.0
13,L. Fernandez,S. Kenin,clay,1.3830648037584201e-86,100.0
14,L. Fernandez,S. Kenin,grass,1.3830648037584201e-86,100.0
15,L. Fernandez,A. Parks,hard,6.503962699437461e-101,100.0
16,L. Fernandez,A. Parks,clay,3.996172796346953e-106,100.0
17,L. Fernandez,A. Parks,grass,3.996172796346953e-106,100.0
18,L. Fernandez,O. Jabeur,hard,6.9215676358218185e-90,100.0
19,L. Fernandez,O. Jabeur,clay,1.930749207275916e-99,100.0
20,L. Fernandez,O. Jabeur,grass,4.2527581372413154e-95,100.0
21,L. Fernandez,C. Garcia,hard,2.9329726918217146e-107,100.0
22,L. Fernandez,C. Garcia,clay,5.0508948605771144e-108,100.0
23,L. Fernandez,C. Garcia,grass,1.1125336287966684e-103,100.0
24,N. Hibino,M. Frech,hard,100.0,0.0
25,N. Hibino,M. Frech,clay,99.99747922366493,0.002520776335079855
26,N. Hibino,M. Frech,grass,99.99747922366493,0.002520776335079855
27,N. Hibino,M. Kostyuk,hard,1.9006397947806146e-45,100.0
28,N. Hibino,M. Kostyuk,clay,5.903868763451064e-49,100.0
29,N. Hibino,M. Kostyuk,grass,1.9299849552516966e-42,100.0
30,N. Hibino,E. Arango,hard,4.469276305268732e-32,100.0
31,N. Hibino,E. Arango,clay,2.0290483034833823e-36,100.0
32,N. Hibino,E. Arango,grass,4.469276305268732e-32,100.0
33,Z. Bai,C. Paquet,hard,100.0,0.0
34,Z. Bai,C. Paquet,clay,76.64428497130547,23.355715028694533
35,Z. Bai,C. Paquet,grass,76.64428497130547,23.355715028694533
36,G. Ruse,M. Kubka,hard,100.0,0.0
37,G. Ruse,M. Kubka,clay,99.99999999999997,2.220446049250313e-14
38,G. Ruse,M. Kubka,grass,99.99999999999997,2.220446049250313e-14
39,G. Ruse,E. Mertens,hard,2.738255671005046e-17,100.0
40,G. Ruse,E. Mertens,clay,1.1821152160626975e-22,100.0
41,G. Ruse,E. Mertens,grass,1.1821152160626975e-22,100.0
42,F. Ferro,V. Azarenka,hard,5.723039958234395e-12,99.99999999999429
43,F. Ferro,V. Azarenka,clay,7.244501991870187e-19,100.0
44,F. Ferro,V. Azarenka,grass,7.244501991870187e-19,100.0
45,C. Garcia,L. Fernandez,hard,100.0,0.0
46,C. Garcia,L. Fernandez,clay,100.0,0.0
47,C. Garcia,L. Fernandez,grass,100.0,0.0
48,C. Garcia,A. Kalinina,hard,100.0,0.0
49,C. Garcia,A. Kalinina,clay,99.99999999998981,1.0191847366058937e-11
50,C. Garcia,A. Kalinina,grass,99.99999999999993,6.661338147750939e-14
51,C. Garcia,M. Keys,hard,100.0,0.0
52,C. Garcia,M. Keys,clay,99.9786151420902,0.021384857909800825
53,C. Garcia,M. Keys,grass,99.9999891469598,1.0853040199876318e-05
54,C. Garcia,J. Fourlis,hard,99.99999995752667,4.247333595941427e-08
55,C. Garcia,J. Fourlis,clay,99.99917308302378,0.0008269169762264994
56,C. Garcia,J. Fourlis,grass,100.0,0.0
57,C. Garcia,E. Cocciaretto,hard,100.0,0.0
58,C. Garcia,E. Cocciaretto,clay,100.0,0.0
59,C. Garcia,E. Cocciaretto,grass,99.99999999999991,8.881784197001252e-14
60,C. Garcia,C. Gauff,hard,100.0,0.0
61,C. Garcia,C. Gauff,clay,100.0,0.0
62,C. Garcia,C. Gauff,grass,100.0,0.0
63,C. Garcia,S. Stephens,hard,1.572597140602819e-05,99.99998427402859
64,C. Garcia,S. Stephens,clay,8.579519274471312e-09,99.99999999142048
65,C. Garcia,S. Stephens,grass,3.895095724902991e-13,99.99999999999962
66,C. Garcia,S. Kenin,hard,0.0030509936886677766,99.99694900631133
67,C. Garcia,S. Kenin,clay,1.088580292133131e-07,99.99999989114197
68,C. Garcia,S. Kenin,grass,4.9421468857466196e-12,99.99999999999505
69,C. Garcia,B. Haddad Maia,hard,6.957708268287251e-31,100.0
70,C. Garcia,B. Haddad Maia,clay,3.3595658619537235e-36,100.0
71,C. Garcia,B. Haddad Maia,grass,5.467854411206844e-31,100.0
72,C. Garcia,I. Swiatek,hard,0.003761408792417549,99.99623859120759
73,C. Garcia,I. Swiatek,clay,1.3420626158525297e-07,99.99999986579374
74,C. Garcia,I. Swiatek,grass,6.092954857832909e-12,99.9999999999939
75,C. Garcia,J. Paolini,hard,2.799273566945162e-25,100.0
76,C. Garcia,J. Paolini,clay,5.995975954252222e-22,100.0
77,C. Garcia,J. Paolini,grass,2.72216887180599e-26,100.0
78,C. Garcia,M. Bouzkova,hard,0.0030509936886677766,99.99694900631133
79,C. Garcia,M. Bouzkova,clay,1.088580292133131e-07,99.99999989114197
80,C. Garcia,M. Bouzkova,grass,4.9421468857466196e-12,99.99999999999505
81,C. Garcia,D. Collins,hard,0.0226714050526887,99.97732859494731
82,C. Garcia,D. Collins,clay,8.090638797465206e-07,99.99999919093612
83,C. Garcia,D. Collins,grass,3.673144361102287e-11,99.99999999996328
84,M. Bellucci,A. Moro Canas,hard,68.34268340232416,31.657316597675845
85,M. Bellucci,A. Moro Canas,clay,100.0,0.0
86,M. Bellucci,A. Moro Canas,grass,0.11925897403748632,99.88074102596252
87,T. Kokkinakis,J. Sinner,hard,1.7358523226017672e-31,100.0
88,T. Kokkinakis,J. Sinner,clay,1.1522330704175054e-18,100.0
89,T. Kokkinakis,J. Sinner,grass,6.657312916630528e-26,100.0
90,T. Kokkinakis,J. Draper,hard,6.453965972073585e-14,99.99999999999993
91,T. Kokkinakis,J. Draper,clay,1.1170382162339592e-06,99.99999888296178
92,T. Kokkinakis,J. Draper,grass,6.453965972073585e-14,99.99999999999993
93,D. Shapovalov,T. M. Etcheverry,hard,99.99697454384058,0.0030254561594222906
94,D. Shapovalov,T. M. Etcheverry,clay,100.0,0.0
95,D. Shapovalov,T. M. Etcheverry,grass,99.99697454384058,0.0030254561594222906
96,M. P. Perez Garcia,B. F. Maguina,hard,0.00012814718197014943,99.99987185281803
97,M. P. Perez Garcia,B. F. Maguina,clay,0.00012814718197014943,99.99987185281803
98,M. P. Perez Garcia,B. F. Maguina,grass,0.00012814718197014943,99.99987185281803
99,P. Kotov,P. Cachin,hard,99.9999907864,9.21359999406235e-06
100,P. Kotov,P. Cachin,clay,100.0,0.0
101,P. Kotov,P. Cachin,grass,99.9999907864,9.21359999406235e-06
102,P. Kotov,T. Griekspoor,hard,100.0,0.0
103,P. Kotov,T. Griekspoor,clay,96.62138206853854,3.3786179314614584
104,P. Kotov,T. Griekspoor,grass,96.62138206853857,3.378617931461436
105,P. Kotov,F. Cobolli,hard,100.0,0.0
106,P. Kotov,F. Cobolli,clay,100.0,0.0
107,P. Kotov,F. Cobolli,grass,100.0,0.0
108,P. Kotov,L. Tu,hard,4.701071550490283e-21,100.0
109,P. Kotov,L. Tu,clay,3.167557094611252e-23,100.0
110,P. Kotov,L. Tu,grass,4.701071550490283e-21,100.0
111,P. Kotov,U. Humbert,hard,5.373055177620694e-34,100.0
112,P. Kotov,U. Humbert,clay,5.373055177620694e-34,100.0
113,P. Kotov,U. Humbert,grass,5.373055177620694e-34,100.0
114,P. Kotov,M. Krueger,hard,3.610181365311451e-20,100.0
115,P. Kotov,M. Krueger,clay,6.818751817261388e-21,100.0
116,P. Kotov,M. Krueger,grass,3.610181365311451e-20,100.0
117,P. Kotov,E. Ruusuvuori,hard,1.5812219767317745e-28,100.0
118,P. Kotov,E. Ruusuvuori,clay,6.379104743170974e-26,100.0
119,P. Kotov,E. Ruusuvuori,grass,1.5812219767317745e-28,100.0
120,F. Bagnis,J. M. Cerundolo,hard,100.0,0.0
121,F. Bagnis,J. M. Cerundolo,clay,100.0,0.0
122,F. Bagnis,J. M. Cerundolo,grass,99.99999999290121,7.0987882239137434e-09
123,F. Bagnis,G. Zeppieri,hard,100.0,0.0
124,F. Bagnis,G. Zeppieri,clay,100.0,0.0
125,F. Bagnis,G. Zeppieri,grass,100.0,0.0
126,F. Bagnis,J. Lehecka,hard,1.4487350274972656e-32,100.0
127,F. Bagnis,J. Lehecka,clay,1.6367814353523977e-35,100.0
128,F. Bagnis,J. Lehecka,grass,9.05278229241548e-39,100.0
129,D. Medvedev,T. Paul,hard,100.0,0.0
130,D. Medvedev,T. Paul,clay,1.5231153905002909e-05,99.99998476884609
131,D. Medvedev,T. Paul,grass,0.13498263699775978,99.86501736300224
132,D. Medvedev,G. Dimitrov,hard,100.0,0.0
133,D. Medvedev,G. Dimitrov,clay,0.00042228334446598625,99.99957771665552
134,D. Medvedev,G. Dimitrov,grass,1.9171715133907435e-08,99.99999998082828
135,D. Medvedev,C. Eubanks,hard,100.0,0.0
136,D. Medvedev,C. Eubanks,clay,100.0,0.0
137,D. Medvedev,C. Eubanks,grass,99.99999999996894,3.106404022901188e-11
138,D. Medvedev,N. Jarry,hard,100.0,0.0
139,D. Medvedev,N. Jarry,clay,21.416501695744063,78.58349830425594
140,D. Medvedev,N. Jarry,grass,76.8524783499017,23.1475216500983
141,D. Medvedev,F. Auger-Aliassime,hard,99.99999999999898,1.021405182655144e-12
142,D. Medvedev,F. Auger-Aliassime,clay,6.242637185628085e-05,99.99993757362815
143,D. Medvedev,F. Auger-Aliassime,grass,0.0034082503786879684,99.99659174962132
144,D. Medvedev,R. Carballes Baena,hard,100.0,0.0
145,D. Medvedev,R. Carballes Baena,clay,100.0,0.0
146,D. Medvedev,R. Carballes Baena,grass,99.99999999999991,8.881784197001252e-14
147,D. Medvedev,A. Shevchenko,hard,99.99999999999815,1.84297022087776e-12
148,D. Medvedev,A. Shevchenko,clay,100.0,0.0
149,D. Medvedev,A. Shevchenko,grass,99.99999999999815,1.84297022087776e-12
150,D. Medvedev,T. Atmane,hard,99.9999999999996,3.9968028886505635e-13
151,D. Medvedev,T. Atmane,clay,0.1548414192794582,99.84515858072054
152,D. Medvedev,T. Atmane,grass,1.6923673213342432e-09,99.99999999830763
153,D. Medvedev,Y. Hanfmann,hard,0.010557567192415334,99.98944243280758
154,D. Medvedev,Y. Hanfmann,clay,100.0,0.0
155,D. Medvedev,Y. Hanfmann,grass,0.010557567192415334,99.98944243280758
156,D. Medvedev,A. Rublev,hard,100.0,0.0
157,D. Medvedev,A. Rublev,clay,1.8963528744214199e-07,99.99999981036471
158,D. Medvedev,A. Rublev,grass,0.0011967148341692686,99.99880328516582
159,D. Medvedev,F. Tiafoe,hard,100.0,0.0
160,D. Medvedev,F. Tiafoe,clay,0.0006742029273541372,99.99932579707264
161,D. Medvedev,F. Tiafoe,grass,0.34803262006575847,99.65196737993423
162,D. Medvedev,A. Zverev,hard,99.99999999999902,9.769962616701378e-13
163,D. Medvedev,A. Zverev,clay,1.9369555480256106e-05,99.99998063044451
164,D. Medvedev,A. Zverev,grass,0.005871877543454746,99.99412812245654
165,D. Medvedev,N. Borges,hard,100.0,0.0
166,D. Medvedev,N. Borges,clay,9.806982875515764e-05,99.99990193017125
167,D. Medvedev,N. Borges,grass,0.4063387344152152,99.59366126558479
168,D. Medvedev,H. Rune,hard,96.93374699713281,3.066253002867192
169,D. Medvedev,H. Rune,clay,2.917788643901372e-22,100.0
170,D. Medvedev,H. Rune,grass,1.4612422832625965e-19,100.0
171,D. Medvedev,J. Sinner,hard,9.821354078598195e-18,100.0
172,D. Medvedev,J. Sinner,clay,1.710065500031224e-16,100.0
173,D. Medvedev,J. Sinner,grass,7.76368535906661e-21,100.0
174,D. Medvedev,C. Alcaraz,hard,3.4843277857038496e-29,100.0
175,D. Medvedev,C. Alcaraz,clay,5.5213119806027126e-33,100.0
176,D. Medvedev,C. Alcaraz,grass,3.4843277857038995e-29,100.0
177,D. Medvedev,N. Djokovic,hard,3.454906388598417e-41,100.0
178,D. Medvedev,N. Djokovic,clay,3.4549063885983687e-41,100.0
179,D. Medvedev,N. Djokovic,grass,7.609937739272226e-37,100.0
180,D. Medvedev,A. Karatsev,hard,8.018455032475093e-42,100.0
181,D. Medvedev,A. Karatsev,clay,1.1246774313650536e-35,100.0
182,D. Medvedev,A. Karatsev,grass,8.310304633557608e-35,100.0
183,I. Shymanovich,R. Vicens Mas,hard,8.718223560445209e-21,100.0
184,I. Shymanovich,R. Vicens Mas,clay,1.8382716828149463e-20,100.0
185,I. Shymanovich,R. Vicens Mas,grass,4.8747281338666726e-27,100.0
186,J. Fonseca,M. Navone,hard,2.6250410839127898e-48,100.0
187,J. Fonseca,M. Navone,clay,1.5415386144408207e-54,100.0
188,J. Fonseca,M. Navone,grass,5.0393165109434146e-48,100.0
189,J. Fonseca,A. Moro Canas,hard,1.6970734117150327e-34,100.0
190,J. Fonseca,A. Moro Canas,clay,9.965955244403421e-41,100.0
191,J. Fonseca,A. Moro Canas,grass,9.965955244403421e-41,100.0
192,Z. Bergs,A. Kovacevic,hard,6.0549831734966444e-40,100.0
193,Z. Bergs,A. Kovacevic,clay,3.8953050527241876e-36,100.0
194,Z. Bergs,A. Kovacevic,grass,3.8953050527241876e-36,100.0
195,A. Vatutin,B. Bonzi,hard,1.1385435886142491e-25,100.0
196,A. Vatutin,B. Bonzi,clay,2.777979323988278e-44,100.0
197,A. Vatutin,B. Bonzi,grass,7.74064713619776e-37,100.0
198,A. Pavlyuchenkova,M. Vondrousova,hard,100.0,0.0
199,A. Pavlyuchenkova,M. Vondrousova,clay,100.0,0.0
200,A. Pavlyuchenkova,M. Vondrousova,grass,99.99999999984428,1.5571988143392446e-10
201,A. Pavlyuchenkova,E. Mertens,hard,100.0,0.0
202,A. Pavlyuchenkova,E. Mertens,clay,100.0,0.0
203,A. Pavlyuchenkova,E. Mertens,grass,100.0,0.0
204,A. Pavlyuchenkova,L. Noskova,hard,100.0,0.0
205,A. Pavlyuchenkova,L. Noskova,clay,100.0,0.0
206,A. Pavlyuchenkova,L. Noskova,grass,99.99999999963312,3.6688430071762923e-10
207,A. Pavlyuchenkova,Xin. Wang,hard,100.0,0.0
208,A. Pavlyuchenkova,Xin. Wang,clay,99.99999999999991,8.881784197001252e-14
209,A. Pavlyuchenkova,Xin. Wang,grass,99.9999999997152,2.8479441027684516e-10
210,A. Pavlyuchenkova,K. Muchova,hard,2.968425005666071e-24,100.0
211,A. Pavlyuchenkova,K. Muchova,clay,6.877832515075272e-23,100.0
212,A. Pavlyuchenkova,K. Muchova,grass,1.7048442317489608e-25,100.0
213,A. Pavlyuchenkova,E. Svitolina,hard,9.248401979527884e-18,100.0
214,A. Pavlyuchenkova,E. Svitolina,clay,6.387752311149523e-13,99.99999999999936
215,A. Pavlyuchenkova,E. Svitolina,grass,9.728533831304913e-21,100.0
216,A. Pavlyuchenkova,A. Anisimova,hard,5.114116726337668e-33,100.0
217,A. Pavlyuchenkova,A. Anisimova,clay,1.5100252543052993e-32,100.0
218,A. Pavlyuchenkova,A. Anisimova,grass,4.655795143024363e-31,100.0
219,G. Pella,T. Griekspoor,hard,6.212995593220095e-32,100.0
220,G. Pella,T. Griekspoor,clay,4.186283501266798e-34,100.0
221,G. Pella,T. Griekspoor,grass,2.0310390529329014e-25,100.0
222,M. Brengle,B. Pera,hard,1.0882507935524993e-17,100.0
223,M. Brengle,B. Pera,clay,4.381934622586478e-12,99.99999999999561
224,M. Brengle,B. Pera,grass,3.152422060507717e-20,100.0
225,L. Pouille,R. Gasquet,hard,99.99999999999977,2.220446049250313e-13
226,L. Pouille,R. Gasquet,clay,100.0,0.0
227,L. Pouille,R. Gasquet,grass,99.99999999999977,2.220446049250313e-13
228,L. Noskova,D. Kasatkina,hard,100.0,0.0
229,L. Noskova,D. Kasatkina,clay,98.96596480662735,1.034035193372651
230,L. Noskova,D. Kasatkina,grass,98.96596480662735,1.034035193372651
231,L. Noskova,A. Kalinskaya,hard,100.0,0.0
232,L. Noskova,A. Kalinskaya,clay,99.99999953409042,4.6590957758496643e-07
233,L. Noskova,A. Kalinskaya,grass,99.99999953409042,4.6590957758496643e-07
234,L. Noskova,C. Liu,hard,100.0,0.0
235,L. Noskova,C. Liu,clay,99.99906009558637,0.0009399044136326751
236,L. Noskova,C. Liu,grass,99.9999906963865,9.303613501820962e-06
237,L. Noskova,I. Swiatek,hard,100.0,0.0
238,L. Noskova,I. Swiatek,clay,99.99999999745366,2.5463409158987815e-09
239,L. Noskova,I. Swiatek,grass,99.99999999745366,2.5463409158987815e-09
240,L. Noskova,A. Potapova,hard,100.0,0.0
241,L. Noskova,A. Potapova,clay,99.99999999998595,1.4055423491754482e-11
242,L. Noskova,A. Potapova,grass,99.99999999998595,1.4055423491754482e-11
243,L. Noskova,M. Andreeva,hard,1.2422062772936314e-36,100.0
244,L. Noskova,M. Andreeva,clay,4.9898355542986194e-39,100.0
245,L. Noskova,M. Andreeva,grass,6.753008080451239e-40,100.0
246,L. Noskova,A. Pavlyuchenkova,hard,1.8450643472882458e-37,100.0
247,L. Noskova,A. Pavlyuchenkova,clay,4.892740918876308e-44,100.0
248,L. Noskova,A. Pavlyuchenkova,grass,3.212572177303725e-36,100.0
249,L. Noskova,A. Sabalenka,hard,9.267993146658808e-36,100.0
250,L. Noskova,A. Sabalenka,clay,1.4965547373039684e-38,100.0
251,L. Noskova,A. Sabalenka,grass,1.3754921414366634e-33,100.0
252,B. Holt,J. Rodionov,hard,1.4505494740889532e-60,100.0
253,B. Holt,J. Rodionov,clay,1.9194721879430277e-64,100.0
254,B. Holt,J. Rodionov,grass,2.360838770982934e-55,100.0
255,M. Landaluce,D. Altmaier,hard,6.115847902662317e-47,100.0
256,M. Landaluce,D. Altmaier,clay,1.4445993125493007e-49,100.0
257,M. Landaluce,D. Altmaier,grass,6.142592582614314e-48,100.0
258,Ar. Rodionova,G. Olmos,hard,0.22340288005523187,99.77659711994477
259,Ar. Rodionova,G. Olmos,clay,86.89514849947277,13.104851500527237
260,Ar. Rodionova,G. Olmos,grass,6.598368269059758e-09,99.99999999340163
261,Ar. Rodionova,A. Sharma,hard,1.1145443280242602e-28,100.0
262,Ar. Rodionova,A. Sharma,clay,4.729823481167574e-29,100.0
263,Ar. Rodionova,A. Sharma,grass,2.906103986205165e-34,100.0
264,Ar. Rodionova,M. Bassols,hard,3.575996171588123e-08,99.99999996424003
265,Ar. Rodionova,M. Bassols,clay,1.517555671779115e-08,99.99999998482444
266,Ar. Rodionova,M. Bassols,grass,9.324184306823515e-14,99.99999999999991
267,G. Blancaneaux,R. Bonadio,hard,100.0,0.0
268,G. Blancaneaux,R. Bonadio,clay,100.0,0.0
269,G. Blancaneaux,R. Bonadio,grass,100.0,0.0
270,V. Kopriva,R. Safiullin,hard,1.5087423076291814e-13,99.99999999999984
271,V. Kopriva,R. Safiullin,clay,2.771689712855557e-21,100.0
272,V. Kopriva,R. Safiullin,grass,2.771689712855557e-21,100.0
273,E. Bektas,E. Alexandrova,hard,5.470734617975323e-26,100.0
274,E. Bektas,E. Alexandrova,clay,2.483709674052776e-30,100.0
275,E. Bektas,E. Alexandrova,grass,5.470734617975323e-26,100.0
276,K. Sebov,R. Marino,hard,2.068894597517354e-39,100.0
277,K. Sebov,R. Marino,clay,1.0300419677250235e-40,100.0
278,K. Sebov,R. Marino,grass,3.3672250868684105e-34,100.0
279,N. Djokovic,D. Medvedev,hard,100.0,0.0
280,N. Djokovic,D. Medvedev,clay,100.0,0.0
281,N. Djokovic,D. Medvedev,grass,99.99999999991309,8.690825836765725e-11
282,N. Djokovic,K. Khachanov,hard,0.32409700462377883,99.67590299537622
283,N. Djokovic,K. Khachanov,clay,100.0,0.0
284,N. Djokovic,K. Khachanov,grass,90.64774556004193,9.352254439958074
285,N. Djokovic,A. Davidovich Fokina,hard,7.467707064206615,92.53229293579338
286,N. Djokovic,A. Davidovich Fokina,clay,100.0,0.0
287,N. Djokovic,A. Davidovich Fokina,grass,99.94377661520107,0.056223384798925746
288,N. Djokovic,H. Hurkacz,hard,100.0,0.0
289,N. Djokovic,H. Hurkacz,clay,100.0,0.0
290,N. Djokovic,H. Hurkacz,grass,100.0,0.0
291,N. Djokovic,J. Thompson,hard,99.99655021108744,0.003449788912568419
292,N. Djokovic,J. Thompson,clay,99.99999999999997,2.220446049250313e-14
293,N. Djokovic,J. Thompson,grass,100.0,0.0
294,N. Djokovic,T. Fritz,hard,100.0,0.0
295,N. Djokovic,T. Fritz,clay,100.0,0.0
296,N. Djokovic,T. Fritz,grass,99.99999766195039,2.3380496094738135e-06
297,N. Djokovic,A. De Minaur,hard,99.77337910502754,0.2266208949724624
298,N. Djokovic,A. De Minaur,clay,100.0,0.0
299,N. Djokovic,A. De Minaur,grass,99.99846959557324,0.0015304044267638872
300,N. Djokovic,S. Tsitsipas,hard,100.0,0.0
301,N. Djokovic,S. Tsitsipas,clay,99.99999999999478,5.218048215738236e-12
302,N. Djokovic,S. Tsitsipas,grass,99.99999859834956,1.4016504401581642e-06
303,N. Djokovic,B. Shelton,hard,100.0,0.0
304,N. Djokovic,B. Shelton,clay,100.0,0.0
305,N. Djokovic,B. Shelton,grass,99.99999844340786,1.5565921440696684e-06
306,N. Djokovic,T. M. Etcheverry,hard,100.0,0.0
307,N. Djokovic,T. M. Etcheverry,clay,99.99999988561473,1.1438527902640772e-07
308,N. Djokovic,T. M. Etcheverry,grass,64.31043686527622,35.68956313472379
309,N. Djokovic,J. Sinner,hard,99.99999989462256,1.0537744010719052e-07
310,N. Djokovic,J. Sinner,clay,99.99986669375065,0.00013330624935026236
311,N. Djokovic,J. Sinner,grass,100.0,0.0
312,N. Djokovic,C. Alcaraz,hard,5.1023757799559564e-20,100.0
313,N. Djokovic,C. Alcaraz,clay,99.99999997767735,2.2322654835704725e-08
314,N. Djokovic,C. Alcaraz,grass,1.1238730558945011e-15,100.0
315,N. Djokovic,H. Rune,hard,99.99999999999724,2.7533531010703882e-12
316,N. Djokovic,H. Rune,clay,3.357405610778896e-10,99.99999999966425
317,N. Djokovic,H. Rune,grass,7.633564751937155e-12,99.99999999999235
318,N. Djokovic,L. Musetti,hard,1.0931741601969016e-38,100.0
319,N. Djokovic,L. Musetti,clay,7.196977507086981e-25,100.0
320,N. Djokovic,L. Musetti,grass,1.483407625934126e-33,100.0
321,S. Bejlek,A. Hartono,hard,99.99994351504628,5.6484953714353026e-05
322,S. Bejlek,A. Hartono,clay,100.0,0.0
323,S. Bejlek,A. Hartono,grass,99.99967013699057,0.00032986300942949853
324,S. Bejlek,K. Birrell,hard,99.99949022484098,0.0005097751590188437
325,S. Bejlek,K. Birrell,clay,100.0,0.0
326,S. Bejlek,K. Birrell,grass,99.99702306069119,0.0029769393088074914
327,S. Bejlek,K. Rakhimova,hard,6.052778788491447e-33,100.0
328,S. Bejlek,K. Rakhimova,clay,2.4375215725144194e-35,100.0
329,S. Bejlek,K. Rakhimova,grass,1.0364605466180762e-33,100.0
330,M. Cecchinato,B. Shelton,hard,99.9999999999152,8.479883462086946e-11
331,M. Cecchinato,B. Shelton,clay,100.0,0.0
332,M. Cecchinato,B. Shelton,grass,99.99999978440815,2.1559185547914694e-07
333,M. Cecchinato,T. Skatov,hard,100.0,0.0
334,M. Cecchinato,T. Skatov,clay,100.0,0.0
335,M. Cecchinato,T. Skatov,grass,99.99999999999841,1.5987211554602254e-12
336,M. Cecchinato,Y. Hanfmann,hard,9.991261856038732e-21,100.0
337,M. Cecchinato,Y. Hanfmann,clay,2.430037414448295e-31,100.0
338,M. Cecchinato,Y. Hanfmann,grass,7.187846693315883e-29,100.0
339,C. Hemery,P. Llamas Ruiz,hard,1.0588088063137901e-26,100.0
340,C. Hemery,P. Llamas Ruiz,clay,4.2715395927065536e-24,100.0
341,C. Hemery,P. Llamas Ruiz,grass,1.0588088063137901e-26,100.0
342,N. D. Ionel,C. H. Tseng,hard,5.680900325849195e-13,99.99999999999943
343,N. D. Ionel,C. H. Tseng,clay,1.035410028263659e-25,100.0
344,N. D. Ionel,C. H. Tseng,grass,4.177142184726867e-23,100.0
345,L. Klein,C. Ruud,hard,3.9107268592048594e-60,100.0
346,L. Klein,C. Ruud,clay,2.393055709573253e-64,100.0
347,L. Klein,C. Ruud,grass,8.613949139710775e-56,100.0
348,A. Zakharova,K. Birrell,hard,100.0,0.0
349,A. Zakharova,K. Birrell,clay,10.061894044726175,89.93810595527383
350,A. Zakharova,K. Birrell,grass,0.002119349918519031,99.99788065008148
351,A. Zakharova,A. Korneeva,hard,4.13504158032785e-46,100.0
352,A. Zakharova,A. Korneeva,clay,8.371247986798315e-37,100.0
353,A. Zakharova,A. Korneeva,grass,1.5858644980962898e-40,100.0
354,E. Arango,N. Hibino,hard,100.0,0.0
355,E. Arango,N. Hibino,clay,99.99999999976828,2.3172574969976267e-10
356,E. Arango,N. Hibino,grass,99.99999489605368,5.103946321138864e-06
357,E. Arango,L. Stefanini,hard,99.99999999999977,2.220446049250313e-13
358,E. Arango,L. Stefanini,clay,95.29150089683178,4.708499103168229
359,E. Arango,L. Stefanini,grass,0.09179689770324134,99.90820310229675
360,E. Arango,G. Minnen,hard,99.99971806461186,0.0002819353881466924
361,E. Arango,G. Minnen,clay,100.0,0.0
362,E. Arango,G. Minnen,grass,99.99971806461186,0.0002819353881466924
363,E. Arango,A. Parks,hard,99.99999997210531,2.7894686560614446e-08
364,E. Arango,A. Parks,clay,6.914400106935324e-11,99.99999999993085
365,E. Arango,A. Parks,grass,3.139132792047985e-15,100.0
366,E. Arango,E. Andreeva,hard,1.1959948867631296e-47,100.0
367,E. Arango,E. Andreeva,clay,2.151393747054146e-45,100.0
368,E. Arango,E. Andreeva,grass,4.763023850594523e-40,100.0
369,E. Arango,J. Riera,hard,2.373523512437491e-22,100.0
370,E. Arango,J. Riera,clay,5.228033445987389e-18,100.0
371,E. Arango,J. Riera,grass,2.373523512437491e-22,100.0
372,E. Arango,Y. Wang,hard,5.613034612092901e-50,100.0
373,E. Arango,Y. Wang,clay,4.0416599222101206e-39,100.0
374,E. Arango,Y. Wang,grass,1.8349107659218945e-43,100.0
375,E. Arango,M. Sakkari,hard,6.021456567159397e-43,100.0
376,E. Arango,M. Sakkari,clay,2.921401152057412e-34,100.0
377,E. Arango,M. Sakkari,grass,1.3263140711145071e-38,100.0
378,C. Garin,M. Kecmanovic,hard,4.271943607400484e-34,100.0
379,C. Garin,M. Kecmanovic,clay,1.3464039252901738e-41,100.0
380,C. Garin,M. Kecmanovic,grass,6.532283235139159e-33,100.0
381,Y. Hanfmann,T. Monteiro,hard,99.64478186929895,0.35521813070105157
382,Y. Hanfmann,T. Monteiro,clay,100.0,0.0
383,Y. Hanfmann,T. Monteiro,grass,99.99999989095059,1.0904941394329626e-07
384,Y. Hanfmann,M. Cecchinato,hard,0.008763400980482203,99.99123659901952
385,Y. Hanfmann,M. Cecchinato,clay,100.0,0.0
386,Y. Hanfmann,M. Cecchinato,grass,99.99179209971095,0.008207900289047831
387,Y. Hanfmann,J. Duckworth,hard,1.2928681657943695e-28,100.0
388,Y. Hanfmann,J. Duckworth,clay,3.8241955103839653e-26,100.0
389,Y. Hanfmann,J. Duckworth,grass,1.2928681657943695e-28,100.0
390,Y. Hanfmann,A. Rublev,hard,4.505805398895472e-30,100.0
391,Y. Hanfmann,A. Rublev,clay,3.134396756468139e-29,100.0
392,Y. Hanfmann,A. Rublev,grass,4.505805398895472e-30,100.0
393,Y. Hanfmann,D. Medvedev,hard,8.293185474092179e-21,100.0
394,Y. Hanfmann,D. Medvedev,clay,3.6406559002810916e-16,100.0
395,Y. Hanfmann,D. Medvedev,grass,8.293185474092179e-21,100.0
396,Y. Hanfmann,J. Sinner,hard,1.107721685610206e-29,100.0
397,Y. Hanfmann,J. Sinner,clay,4.10790061255369e-15,100.0
398,Y. Hanfmann,J. Sinner,grass,4.248316397440703e-24,100.0
399,Y. Hanfmann,A. Fils,hard,3.366231530977508e-36,100.0
400,Y. Hanfmann,A. Fils,clay,2.2542927227148652e-27,100.0
401,Y. Hanfmann,A. Fils,grass,2.2102665843308884e-28,100.0
402,Y. Hanfmann,L. Darderi,hard,8.158887759205337e-25,100.0
403,Y. Hanfmann,L. Darderi,clay,6.065225523741917e-11,99.99999999993935
404,Y. Hanfmann,L. Darderi,grass,6.272546362967179e-20,100.0
405,K. Weedon,M. Capurro Taborda,hard,1.662417927472147e-101,100.0
406,K. Weedon,M. Capurro Taborda,clay,6.936827614664062e-101,100.0
407,K. Weedon,M. Capurro Taborda,grass,8.065473186347628e-93,100.0
408,E. Jacquemot,M. Linette,hard,2.6343451060279067e-49,100.0
409,E. Jacquemot,M. Linette,clay,2.5954831792798242e-39,100.0
410,E. Jacquemot,M. Linette,grass,6.76755856521605e-45,100.0
411,E. Jacquemot,J. Riera,hard,2.8874552133238526e-22,100.0
412,E. Jacquemot,J. Riera,clay,2.7449507781709275e-19,100.0
413,E. Jacquemot,J. Riera,grass,7.157285895053123e-25,100.0
414,M. Neuchrist,I. Gakhov,hard,100.0,0.0
415,M. Neuchrist,I. Gakhov,clay,100.0,0.0
416,M. Neuchrist,I. Gakhov,grass,100.0,0.0
417,L. Djere,M. Cilic,hard,100.0,0.0
418,L. Djere,M. Cilic,clay,100.0,0.0
419,L. Djere,M. Cilic,grass,100.0,0.0
420,L. Djere,R. Hijikata,hard,8.671556057884407e-24,100.0
421,L. Djere,R. Hijikata,clay,6.4701533123677026e-21,100.0
422,L. Djere,R. Hijikata,grass,1.9792349122558262e-27,100.0
423,A. Michelsen,A. De Minaur,hard,100.0,0.0
424,A. Michelsen,A. De Minaur,clay,99.99999999854047,1.4595213926327233e-09
425,A. Michelsen,A. De Minaur,grass,100.0,0.0
426,A. Michelsen,T. Griekspoor,hard,3.268429033790878e-16,100.0
427,A. Michelsen,T. Griekspoor,clay,1.5862273661614636e-22,100.0
428,A. Michelsen,T. Griekspoor,grass,1.0077404982106915e-14,99.99999999999999
429,S. Johnson,F. Tiafoe,hard,1.753978556325324e-32,100.0
430,S. Johnson,F. Tiafoe,clay,1.2850985366803092e-33,100.0
431,S. Johnson,F. Tiafoe,grass,1.4662963719230314e-26,100.0
432,C. Dolehide,H. Dart,hard,100.0,0.0
433,C. Dolehide,H. Dart,clay,100.0,0.0
434,C. Dolehide,H. Dart,grass,99.99999999997553,2.446931546273845e-11
435,C. Dolehide,M. Sakkari,hard,1.367095762496339e-24,100.0
436,C. Dolehide,M. Sakkari,clay,6.563795484293632e-20,100.0
437,C. Dolehide,M. Sakkari,grass,7.85158904298255e-26,100.0
438,L. Nardi,F. Cobolli,hard,100.0,0.0
439,L. Nardi,F. Cobolli,clay,100.0,0.0
440,L. Nardi,F. Cobolli,grass,99.99999999999989,1.1102230246251565e-13
441,L. Nardi,L. Musetti,hard,8.485641188271311e-48,100.0
442,L. Nardi,L. Musetti,clay,1.4265813052552864e-33,100.0
443,L. Nardi,L. Musetti,grass,1.7089455404986855e-40,100.0
444,L. Nardi,A. Fils,hard,1.4412992498746397e-41,100.0
445,L. Nardi,A. Fils,clay,5.614528723148502e-37,100.0
446,L. Nardi,A. Fils,grass,6.376500900369521e-36,100.0
447,R. Marino,K. Sebov,hard,100.0,0.0
448,R. Marino,K. Sebov,clay,99.99999999999997,2.220446049250313e-14
449,R. Marino,K. Sebov,grass,99.99999996154605,3.845395113444283e-08
450,R. Marino,E. Navarro,hard,4.621205181992596e-35,100.0
451,R. Marino,E. Navarro,clay,7.95920593752378e-39,100.0
452,R. Marino,E. Navarro,grass,2.6018782480848413e-32,100.0
453,G. Mpetshi Perricard,E. Leshem,hard,99.9999946240748,5.375925193895625e-06
454,G. Mpetshi Perricard,E. Leshem,clay,99.99999999975593,2.440714297335944e-10
455,G. Mpetshi Perricard,E. Leshem,grass,100.0,0.0
456,G. Mpetshi Perricard,G. Onclin,hard,100.0,0.0
457,G. Mpetshi Perricard,G. Onclin,clay,100.0,0.0
458,G. Mpetshi Perricard,G. Onclin,grass,100.0,0.0
459,T. Preston,A. Eala,hard,2.972980756906292e-44,100.0
460,T. Preston,A. Eala,clay,2.5340963935235942e-43,100.0
461,T. Preston,A. Eala,grass,2.5340963935235942e-43,100.0
462,D. Yevseyev,Y. Watanuki,hard,2.4035173267467783e-34,100.0
463,D. Yevseyev,Y. Watanuki,clay,3.0189000435883044e-41,100.0
464,D. Yevseyev,Y. Watanuki,grass,9.86883668824684e-35,100.0
465,J. Rodionov,B. Holt,hard,100.0,0.0
466,J. Rodionov,B. Holt,clay,100.0,0.0
467,J. Rodionov,B. Holt,grass,100.0,0.0
468,M. Navone,F. Cerundolo,hard,100.0,0.0
469,M. Navone,F. Cerundolo,clay,100.0,0.0
470,M. Navone,F. Cerundolo,grass,99.99999999996767,3.232969447708456e-11
471,M. Navone,L. Darderi,hard,99.99999999989183,1.0818013151947525e-10
472,M. Navone,L. Darderi,clay,100.0,0.0
473,M. Navone,L. Darderi,grass,99.99999999539979,4.600209102534336e-09
474,M. Navone,J. Fonseca,hard,100.0,0.0
475,M. Navone,J. Fonseca,clay,100.0,0.0
476,M. Navone,J. Fonseca,grass,100.0,0.0
477,M. Navone,M. Fucsovics,hard,7.799309414818684e-18,100.0
478,M. Navone,M. Fucsovics,clay,1.5056209119556446e-20,100.0
479,M. Navone,M. Fucsovics,grass,3.540880996286526e-22,100.0
480,A. Danilina,K. Juvan,hard,1.0167877983578863e-35,100.0
481,A. Danilina,K. Juvan,clay,1.3409557471049266e-26,100.0
482,A. Danilina,K. Juvan,grass,3.3238969769495996e-29,100.0
483,N. Jarry,G. Dimitrov,hard,99.99890810518878,0.0010918948112226268
484,N. Jarry,G. Dimitrov,clay,100.0,0.0
485,N. Jarry,G. Dimitrov,grass,0.00012718967446923878,99.99987281032553
486,N. Jarry,J. Munar,hard,100.0,0.0
487,N. Jarry,J. Munar,clay,100.0,0.0
488,N. Jarry,J. Munar,grass,100.0,0.0
489,N. Jarry,J. P. Varillas,hard,99.98845625935888,0.01154374064111785
490,N. Jarry,J. P. Varillas,clay,82.7307895917057,17.2692104082943
491,N. Jarry,J. P. Varillas,grass,99.98845625935888,0.01154374064111785
492,N. Jarry,D. Medvedev,hard,5.80928290433266e-21,100.0
493,N. Jarry,D. Medvedev,clay,3.2130235761534753e-24,100.0
494,N. Jarry,D. Medvedev,grass,2.6374103582710865e-25,100.0
495,N. Jarry,A. Zverev,hard,2.3587370301535114e-37,100.0
496,N. Jarry,A. Zverev,clay,2.825457840220691e-35,100.0
497,N. Jarry,A. Zverev,grass,7.031295989367396e-34,100.0
498,M. Bouzkova,S. Kenin,hard,100.0,0.0
499,M. Bouzkova,S. Kenin,clay,99.99546021312976,0.004539786870239038
500,M. Bouzkova,S. Kenin,grass,99.99546021312976,0.004539786870239038
501,M. Bouzkova,E. Lys,hard,100.0,0.0
502,M. Bouzkova,E. Lys,clay,99.99997973259613,2.0267403866292e-05
503,M. Bouzkova,E. Lys,grass,99.99997973259613,2.0267403866292e-05
504,M. Bouzkova,V. Kudermetova,hard,99.99524334560009,0.00475665439990669
505,M. Bouzkova,V. Kudermetova,clay,100.0,0.0
506,M. Bouzkova,V. Kudermetova,grass,99.99524334560009,0.00475665439990669
507,M. Bouzkova,C. Garcia,hard,2.8699645084907933e-20,100.0
508,M. Bouzkova,C. Garcia,clay,8.043973252543059e-16,100.0
509,M. Bouzkova,C. Garcia,grass,99.99999999999505,4.951594689828198e-12
510,M. Bouzkova,C. Bucsa,hard,3.2197053299037385e-68,100.0
511,M. Bouzkova,C. Bucsa,clay,3.440729916801513e-55,100.0
512,M. Bouzkova,C. Bucsa,grass,3.440729916801513e-55,100.0
513,M. Bouzkova,K. Siniakova,hard,8.669687133618321e-45,100.0
514,M. Bouzkova,K. Siniakova,clay,1.056184111464938e-43,100.0
515,M. Bouzkova,K. Siniakova,grass,2.326400320420078e-39,100.0
516,M. Bouzkova,J. Pegula,hard,8.199448263824884e-36,100.0
517,M. Bouzkova,J. Pegula,clay,3.307893520380974e-33,100.0
518,M. Bouzkova,J. Pegula,grass,3.307893520380974e-33,100.0
519,M. Bouzkova,A. Sabalenka,hard,2.9094770368283867e-46,100.0
520,M. Bouzkova,A. Sabalenka,clay,1.0348243871228226e-44,100.0
521,M. Bouzkova,A. Sabalenka,grass,9.51113097820054e-40,100.0
522,Y. Wu,A. Zverev,hard,1.9276908211464863e-39,100.0
523,Y. Wu,A. Zverev,clay,1.1573934128433926e-35,100.0
524,Y. Wu,A. Zverev,grass,8.526776700487742e-38,100.0
525,B. Van De Zandschulp,M. Fucsovics,hard,0.005675746174576755,99.99432425382543
526,B. Van De Zandschulp,M. Fucsovics,clay,100.0,0.0
527,B. Van De Zandschulp,M. Fucsovics,grass,0.83536608182436,99.16463391817564
528,B. Van De Zandschulp,I. Ivashka,hard,100.0,0.0
529,B. Van De Zandschulp,I. Ivashka,clay,99.99966864926706,0.0003313507329294474
530,B. Van De Zandschulp,I. Ivashka,grass,99.99966864926706,0.0003313507329294474
531,B. Van De Zandschulp,M. Ymer,hard,100.0,0.0
532,B. Van De Zandschulp,M. Ymer,clay,2.045160762395227e-05,99.99997954839237
533,B. Van De Zandschulp,M. Ymer,grass,0.3141958931622363,99.68580410683776
534,B. Van De Zandschulp,M. Arnaldi,hard,0.08066149965936928,99.91933850034063
535,B. Van De Zandschulp,M. Arnaldi,clay,1.5292994943686895e-05,99.99998470700505
536,B. Van De Zandschulp,M. Arnaldi,grass,0.08066149965936928,99.91933850034063
537,B. Van De Zandschulp,D. Evans,hard,3.3336762212502435e-41,100.0
538,B. Van De Zandschulp,D. Evans,clay,1.4940500284823117e-40,100.0
539,B. Van De Zandschulp,D. Evans,grass,6.027428004084055e-38,100.0
540,B. Van De Zandschulp,U. Humbert,hard,3.3922701930260156e-45,100.0
541,B. Van De Zandschulp,U. Humbert,clay,1.0377033238158345e-51,100.0
542,B. Van De Zandschulp,U. Humbert,grass,3.3922701930260156e-45,100.0
543,B. Van De Zandschulp,F. Auger-Aliassime,hard,8.654443599585631e-54,100.0
544,B. Van De Zandschulp,F. Auger-Aliassime,clay,2.8659581125129012e-52,100.0
545,B. Van De Zandschulp,F. Auger-Aliassime,grass,3.4466135043448123e-46,100.0
546,I. Becroft,M. Jones,hard,1.0580214563172495e-43,100.0
547,I. Becroft,M. Jones,clay,1.251334958876855e-23,100.0
548,I. Becroft,M. Jones,grass,7.618272845891795e-33,100.0
549,E. Perez,A. Li,hard,8.957289739759191e-27,100.0
550,E. Perez,A. Li,clay,8.957289739759191e-27,100.0
551,E. Perez,A. Li,grass,8.957289739759191e-27,100.0
552,A. Tabilo,Z. Zhang,hard,1.1698459177062049e-20,100.0
553,A. Tabilo,Z. Zhang,clay,99.94472213630765,0.055277863692360096
554,A. Tabilo,Z. Zhang,grass,7.68120468520209e-13,99.99999999999923
555,A. Tabilo,T. Daniel,hard,100.0,0.0
556,A. Tabilo,T. Daniel,clay,0.004480596720226117,99.99551940327977
557,A. Tabilo,T. Daniel,grass,66.84451948749104,33.15548051250896
558,A. Tabilo,F. Tiafoe,hard,3.232750261839888e-49,100.0
559,A. Tabilo,F. Tiafoe,clay,2.368559533388524e-50,100.0
560,A. Tabilo,F. Tiafoe,grass,2.7025244768100394e-43,100.0
561,A. Tabilo,A. Zverev,hard,6.920498516422089e-53,100.0
562,A. Tabilo,A. Zverev,clay,6.804723474896231e-52,100.0
563,A. Tabilo,A. Zverev,grass,4.543997190032159e-45,100.0
564,A. Tabilo,S. Baez,hard,3.3842061546571702e-40,100.0
565,A. Tabilo,S. Baez,clay,1.209971941065093e-36,100.0
566,A. Tabilo,S. Baez,grass,1.209971941065093e-36,100.0
567,A. Tabilo,T. Fritz,hard,2.5735631033931696e-46,100.0
568,A. Tabilo,T. Fritz,clay,6.335438301952152e-41,100.0
569,A. Tabilo,T. Fritz,grass,6.335438301952152e-41,100.0
570,R. Olivo,F. A. Gomez,hard,6.728108112072335e-23,100.0
571,R. Olivo,F. A. Gomez,clay,6.728108112072335e-23,100.0
572,R. Olivo,F. A. Gomez,grass,6.728108112072335e-23,100.0
573,D. Yastremska,A. Cornet,hard,100.0,0.0
574,D. Yastremska,A. Cornet,clay,3.2700122803462053e-10,99.999999999673
575,D. Yastremska,A. Cornet,grass,9.368742041131023e-11,99.99999999990631
576,D. Yastremska,L. Siegemund,hard,100.0,0.0
577,D. Yastremska,L. Siegemund,clay,99.99546422713723,0.004535772862768184
578,D. Yastremska,L. Siegemund,grass,99.99998364070944,1.6359290555545414e-05
579,D. Yastremska,V. Azarenka,hard,100.0,0.0
580,D. Yastremska,V. Azarenka,clay,99.99999999964449,3.5551561694546763e-10
581,D. Yastremska,V. Azarenka,grass,99.99999999964449,3.5551561694546763e-10
582,D. Yastremska,C. Alves,hard,7.844407869800263e-16,100.0
583,D. Yastremska,C. Alves,clay,1.1062473022548032e-23,100.0
584,D. Yastremska,C. Alves,grass,2.436671836371263e-19,100.0
585,D. Yastremska,V. Kudermetova,hard,1.2585636251474051e-18,100.0
586,D. Yastremska,V. Kudermetova,clay,3.909417499164364e-22,100.0
587,D. Yastremska,V. Kudermetova,grass,3.909417499164364e-22,100.0
588,J. Ponchet,L. Hovde,hard,100.0,0.0
589,J. Ponchet,L. Hovde,clay,100.0,0.0
590,J. Ponchet,L. Hovde,grass,99.99999999999997,2.220446049250313e-14
591,J. Ponchet,E. Mandlik,hard,0.00013981438331412408,99.99986018561668
592,J. Ponchet,E. Mandlik,clay,4.924206831402737e-06,99.99999507579317
593,J. Ponchet,E. Mandlik,grass,4.751273838153559e-13,99.99999999999952
594,G. Onclin,G. Mpetshi Perricard,hard,1.8618659517687174e-43,100.0
595,G. Onclin,G. Mpetshi Perricard,clay,1.8618659517687174e-43,100.0
596,G. Onclin,G. Mpetshi Perricard,grass,1.8618659517687174e-43,100.0
597,A. Vukic,S. Korda,hard,100.0,0.0
598,A. Vukic,S. Korda,clay,100.0,0.0
599,A. Vukic,S. Korda,grass,100.0,0.0
600,A. Vukic,T. Daniel,hard,2.009796224712545e-20,100.0
601,A. Vukic,T. Daniel,clay,1.1226051049470698e-13,99.99999999999989
602,A. Vukic,T. Daniel,grass,2.3695331774734243e-16,100.0
603,A. De Minaur,S. Ofner,hard,100.0,0.0
604,A. De Minaur,S. Ofner,clay,99.99999999999716,2.8421709430404007e-12
605,A. De Minaur,S. Ofner,grass,99.999999999943,5.699885008425554e-11
606,A. De Minaur,A. Shevchenko,hard,100.0,0.0
607,A. De Minaur,A. Shevchenko,clay,100.0,0.0
608,A. De Minaur,A. Shevchenko,grass,100.0,0.0
609,A. De Minaur,F. Auger-Aliassime,hard,98.01069875457443,1.9893012454255676
610,A. De Minaur,F. Auger-Aliassime,clay,100.0,0.0
611,A. De Minaur,F. Auger-Aliassime,grass,99.83367102723695,0.16632897276305236
612,A. De Minaur,J. Draper,hard,100.0,0.0
613,A. De Minaur,J. Draper,clay,100.0,0.0
614,A. De Minaur,J. Draper,grass,100.0,0.0
615,A. De Minaur,J. Sinner,hard,3.056860476731416e-24,100.0
616,A. De Minaur,J. Sinner,clay,5.836847774350401e-20,100.0
617,A. De Minaur,J. Sinner,grass,3.586283219966e-25,100.0
618,A. De Minaur,A. Rublev,hard,1.2434186870810682e-24,100.0
619,A. De Minaur,A. Rublev,clay,4.453612308927983e-34,100.0
620,A. De Minaur,A. Rublev,grass,3.8036466173342693e-31,100.0
621,A. De Minaur,A. Fils,hard,9.28942735006916e-31,100.0
622,A. De Minaur,A. Fils,clay,3.203087100282366e-32,100.0
623,A. De Minaur,A. Fils,grass,1.8658313603508347e-29,100.0
624,A. De Minaur,N. Djokovic,hard,1.9889156042208094e-27,100.0
625,A. De Minaur,N. Djokovic,clay,4.4956044282237875e-33,100.0
626,A. De Minaur,N. Djokovic,grass,1.3401207926893862e-29,100.0
627,A. De Minaur,R. Nadal,hard,5.840719748159283e-18,100.0
628,A. De Minaur,R. Nadal,clay,1.1731399215964382e-16,100.0
629,A. De Minaur,R. Nadal,grass,7.208020798455323e-22,100.0
630,A. De Minaur,G. Dimitrov,hard,6.511779920242077e-23,100.0
631,A. De Minaur,G. Dimitrov,clay,9.917427628731327e-31,100.0
632,A. De Minaur,G. Dimitrov,grass,6.09347813496895e-36,100.0
633,A. De Minaur,A. Michelsen,hard,4.072557079583382e-34,100.0
634,A. De Minaur,A. Michelsen,clay,1.2780272891115847e-35,100.0
635,A. De Minaur,A. Michelsen,grass,4.040548267874319e-42,100.0
636,G. A. Olivieri,J. Reis Da Silva,hard,1.1674430883287603,98.83255691167125
637,G. A. Olivieri,J. Reis Da Silva,clay,100.0,0.0
638,G. A. Olivieri,J. Reis Da Silva,grass,1.1674430883287603,98.83255691167125
639,S. Ofner,M. Fucsovics,hard,100.0,0.0
640,S. Ofner,M. Fucsovics,clay,99.99714619125959,0.002853808740410635
641,S. Ofner,M. Fucsovics,grass,99.9996992030923,0.0003007969076929129
642,S. Ofner,A. Zverev,hard,1.166730737262195e-39,100.0
643,S. Ofner,A. Zverev,clay,2.8436546334793795e-41,100.0
644,S. Ofner,A. Zverev,grass,2.3434413302697786e-38,100.0
645,S. Ofner,A. Mannarino,hard,1.076276828328198e-36,100.0
646,S. Ofner,A. Mannarino,clay,4.567426603737976e-37,100.0
647,S. Ofner,A. Mannarino,grass,9.173921569332876e-36,100.0
648,S. Ofner,A. De Minaur,hard,4.991528674433692e-37,100.0
649,S. Ofner,A. De Minaur,clay,2.485135793741835e-38,100.0
650,S. Ofner,A. De Minaur,grass,4.991528674433692e-37,100.0
651,D. Chiesa,N. Brancaccio,hard,1.3364515565932243e-15,100.0
652,D. Chiesa,N. Brancaccio,clay,1.2030353524663887e-13,99.99999999999987
653,D. Chiesa,N. Brancaccio,grass,7.391704674114552e-19,100.0
654,K. Siniakova,L. Bronzetti,hard,99.99999999978417,2.1582735598713043e-10
655,K. Siniakova,L. Bronzetti,clay,99.99999999999989,1.1102230246251565e-13
656,K. Siniakova,L. Bronzetti,grass,100.0,0.0
657,K. Siniakova,M. Bouzkova,hard,100.0,0.0
658,K. Siniakova,M. Bouzkova,clay,100.0,0.0
659,K. Siniakova,M. Bouzkova,grass,99.99999999999973,2.6645352591003757e-13
660,K. Siniakova,E. Navarro,hard,0.00034059171057788387,99.99965940828942
661,K. Siniakova,E. Navarro,clay,0.015738477234240728,99.98426152276576
662,K. Siniakova,E. Navarro,grass,100.0,0.0
663,K. Siniakova,L. Samsonova,hard,1.727097157945209e-27,100.0
664,K. Siniakova,L. Samsonova,clay,6.739040434702433e-24,100.0
665,K. Siniakova,L. Samsonova,grass,3.05951962402038e-28,100.0
666,M. Timofeeva,M. Chwalinska,hard,99.99999999999977,2.220446049250313e-13
667,M. Timofeeva,M. Chwalinska,clay,100.0,0.0
668,M. Timofeeva,M. Chwalinska,grass,100.0,0.0
669,M. Timofeeva,T. Korpatsch,hard,100.0,0.0
670,M. Timofeeva,T. Korpatsch,clay,99.999999999885,1.1499690089067371e-10
671,M. Timofeeva,T. Korpatsch,grass,100.0,0.0
672,M. Timofeeva,T. Babos,hard,8.902433358634236e-30,100.0
673,M. Timofeeva,T. Babos,clay,6.230815324738088e-23,100.0
674,M. Timofeeva,T. Babos,grass,4.526962997600249e-21,100.0
675,N. Khirin,L. Chirico,hard,1.414593386935479e-54,100.0
676,N. Khirin,L. Chirico,clay,1.8564739883211613e-56,100.0
677,N. Khirin,L. Chirico,grass,3.8952879149836095e-59,100.0
678,J. Kubler,A. Karatsev,hard,100.0,0.0
679,J. Kubler,A. Karatsev,clay,34.72905451606375,65.27094548393626
680,J. Kubler,A. Karatsev,grass,52.972232705085396,47.027767294914604
681,J. Kubler,F. Tiafoe,hard,4.062948162315546e-36,100.0
682,J. Kubler,F. Tiafoe,clay,1.0390143203194346e-36,100.0
683,J. Kubler,F. Tiafoe,grass,1.5420339763142373e-34,100.0
684,J. Kubler,F. Auger-Aliassime,hard,8.323338332460712e-40,100.0
685,J. Kubler,F. Auger-Aliassime,clay,9.620471060351867e-38,100.0
686,J. Kubler,F. Auger-Aliassime,grass,1.504894873495697e-36,100.0
687,T. Monteiro,S. Baez,hard,1.2929543474016274e-22,100.0
688,T. Monteiro,S. Baez,clay,2.8628248412209507e-16,100.0
689,T. Monteiro,S. Baez,grass,1.4141140931809347e-25,100.0
690,T. Monteiro,Y. Hanfmann,hard,3.1215597307129828e-27,100.0
691,T. Monteiro,Y. Hanfmann,clay,1.9992249985120206e-33,100.0
692,T. Monteiro,Y. Hanfmann,grass,9.548923652101558e-34,100.0
693,F. Gaio,F. Comesana,hard,1.4935510710727684e-31,100.0
694,F. Gaio,F. Comesana,clay,7.883956297595098e-28,100.0
695,F. Gaio,F. Comesana,grass,4.882444398011243e-25,100.0
696,A. Konjuh,M. Sherif,hard,2.6283739943816504e-36,100.0
697,A. Konjuh,M. Sherif,clay,8.669706749228424e-39,100.0
698,A. Konjuh,M. Sherif,grass,1.9096299916288484e-34,100.0
699,D. Saville,A. Kalinina,hard,1.031827332885608e-13,99.9999999999999
700,D. Saville,A. Kalinina,clay,1.4040185308211654e-28,100.0
701,D. Saville,A. Kalinina,grass,4.589760968527159e-22,100.0
702,R. Zarazua,M. I. Higuita Barraza,hard,6.761240361652335e-28,100.0
703,R. Zarazua,M. I. Higuita Barraza,clay,99.99920136054419,0.0007986394558123777
704,R. Zarazua,M. I. Higuita Barraza,grass,2.2598895665143338e-28,100.0
705,R. Zarazua,L. Chirico,hard,2.326991644867814e-45,100.0
706,R. Zarazua,L. Chirico,clay,6.814128923510828e-48,100.0
707,R. Zarazua,L. Chirico,grass,4.207299592005829e-42,100.0
708,A. Korneeva,A. Zakharova,hard,100.0,0.0
709,A. Korneeva,A. Zakharova,clay,99.9999999999044,9.559020242022598e-11
710,A. Korneeva,A. Zakharova,grass,99.99999999999997,2.220446049250313e-14
711,C. Norrie,H. Dellien,hard,99.99999999999172,8.282263763703668e-12
712,C. Norrie,H. Dellien,clay,100.0,0.0
713,C. Norrie,H. Dellien,grass,99.99999999989899,1.0100809078039674e-10
714,C. Norrie,J. Brooksby,hard,100.0,0.0
715,C. Norrie,J. Brooksby,clay,99.9999686021552,3.139784479078145e-05
716,C. Norrie,J. Brooksby,grass,99.99999999857454,1.4254597502372235e-09
717,C. Norrie,M. Polmans,hard,100.0,0.0
718,C. Norrie,M. Polmans,clay,0.008228883169290798,99.9917711168307
719,C. Norrie,M. Polmans,grass,99.99973373510994,0.00026626489005865395
720,C. Norrie,R. Gasquet,hard,1.1616569591910414e-06,99.99999883834305
721,C. Norrie,R. Gasquet,clay,2.916919677677425e-14,99.99999999999997
722,C. Norrie,R. Gasquet,grass,2.916919677677425e-14,99.99999999999997
723,E. Rybakina,Y. Putintseva,hard,99.99995246355903,4.753644097243992e-05
724,E. Rybakina,Y. Putintseva,clay,100.0,0.0
725,E. Rybakina,Y. Putintseva,grass,99.99987078266187,0.00012921733812953917
726,E. Rybakina,V. Azarenka,hard,100.0,0.0
727,E. Rybakina,V. Azarenka,clay,99.99999999999245,7.549516567451064e-12
728,E. Rybakina,V. Azarenka,grass,99.99999999999245,7.549516567451064e-12
729,E. Rybakina,I. Swiatek,hard,100.0,0.0
730,E. Rybakina,I. Swiatek,clay,100.0,0.0
731,E. Rybakina,I. Swiatek,grass,99.99999999999241,7.59392548843607e-12
732,E. Rybakina,M. Sakkari,hard,100.0,0.0
733,E. Rybakina,M. Sakkari,clay,99.99861655288075,0.0013834471192519793
734,E. Rybakina,M. Sakkari,grass,99.99861655288075,0.0013834471192519793
735,E. Rybakina,A. Sabalenka,hard,100.0,0.0
736,E. Rybakina,A. Sabalenka,clay,0.27740126219552896,99.72259873780447
737,E. Rybakina,A. Sabalenka,grass,99.61039518964019,0.38960481035981154
738,E. Rybakina,S. Stephens,hard,100.0,0.0
739,E. Rybakina,S. Stephens,clay,99.99999999988127,1.1872725025341424e-10
740,E. Rybakina,S. Stephens,grass,99.99999999988127,1.1872725025341424e-10
741,E. Rybakina,J. Ostapenko,hard,100.0,0.0
742,E. Rybakina,J. Ostapenko,clay,99.99999999999758,2.4202861936828413e-12
743,E. Rybakina,J. Ostapenko,grass,99.99999999999758,2.4202861936828413e-12
744,E. Rybakina,K. Boulter,hard,99.98628790170095,0.013712098299045739
745,E. Rybakina,K. Boulter,clay,99.9986959674248,0.0013040325752000648
746,E. Rybakina,K. Boulter,grass,100.0,0.0
747,E. Rybakina,V. Kudermetova,hard,100.0,0.0
748,E. Rybakina,V. Kudermetova,clay,100.0,0.0
749,E. Rybakina,V. Kudermetova,grass,99.99999999999018,9.814371537686384e-12
750,E. Rybakina,J. Pegula,hard,99.99995463018769,4.5369812307072266e-05
751,E. Rybakina,J. Pegula,clay,3.77763883072791e-07,99.99999962223612
752,E. Rybakina,J. Pegula,grass,3.77763883072791e-07,99.99999962223612
753,E. Rybakina,P. Kvitova,hard,1.902156356293627e-37,100.0
754,E. Rybakina,P. Kvitova,clay,8.787641244099599e-45,100.0
755,E. Rybakina,P. Kvitova,grass,1.5493228755670522e-35,100.0
756,E. Rybakina,B. Haddad Maia,hard,9.687960942373752e-44,100.0
757,E. Rybakina,B. Haddad Maia,clay,5.952488930069486e-49,100.0
758,E. Rybakina,B. Haddad Maia,grass,2.1339154031862193e-39,100.0
759,E. Rybakina,D. Collins,hard,3.1574979128603376e-15,100.0
760,E. Rybakina,D. Collins,clay,1.4335018346905287e-19,100.0
761,E. Rybakina,D. Collins,grass,1.4335018346905287e-19,100.0
762,N. Brancaccio,D. Chiesa,hard,6.552059978350834e-08,99.9999999344794
763,N. Brancaccio,D. Chiesa,clay,99.99999999999989,1.1102230246251565e-13
764,N. Brancaccio,D. Chiesa,grass,0.00011846388316971976,99.99988153611683
765,H. Medjedovic,A. Fils,hard,100.0,0.0
766,H. Medjedovic,A. Fils,clay,0.05640214961064977,99.94359785038935
767,H. Medjedovic,A. Fils,grass,12.618851513739731,87.38114848626026
768,H. Medjedovic,L. Neumayer,hard,100.0,0.0
769,H. Medjedovic,L. Neumayer,clay,100.0,0.0
770,H. Medjedovic,L. Neumayer,grass,100.0,0.0
771,A. Rinderknech,J. Bradshaw,hard,100.0,0.0
772,A. Rinderknech,J. Bradshaw,clay,100.0,0.0
773,A. Rinderknech,J. Bradshaw,grass,100.0,0.0
774,A. Rinderknech,L. Tu,hard,100.0,0.0
775,A. Rinderknech,L. Tu,clay,0.09110511944006454,99.90889488055994
776,A. Rinderknech,L. Tu,grass,99.90889488055994,0.09110511944006028
777,A. Rinderknech,J. Lehecka,hard,1.3989433137699178e-47,100.0
778,A. Rinderknech,J. Lehecka,clay,2.0844235288908258e-41,100.0
779,A. Rinderknech,J. Lehecka,grass,2.857659376805655e-47,100.0
780,A. Rinderknech,A. Mannarino,hard,5.563374352251562e-49,100.0
781,A. Rinderknech,A. Mannarino,clay,3.8425511191068495e-44,100.0
782,A. Rinderknech,A. Mannarino,grass,1.550195761915435e-41,100.0
783,A. Rinderknech,Y. Watanuki,hard,1.4382771922411093e-38,100.0
784,A. Rinderknech,Y. Watanuki,clay,5.048041998074231e-37,100.0
785,A. Rinderknech,Y. Watanuki,grass,4.0904707980320834e-33,100.0
786,L. Jeanjean,K. Swan,hard,4.022101589488318e-29,100.0
787,L. Jeanjean,K. Swan,clay,1.2303702095185583e-35,100.0
788,L. Jeanjean,K. Swan,grass,1.2303702095185583e-35,100.0
789,K. Muchova,M. Vondrousova,hard,100.0,0.0
790,K. Muchova,M. Vondrousova,clay,99.9999999999959,4.107825191113079e-12
791,K. Muchova,M. Vondrousova,grass,99.99999933218832,6.678116726277494e-07
792,K. Muchova,Xin. Wang,hard,100.0,0.0
793,K. Muchova,Xin. Wang,clay,99.99999983471079,1.6528920454561558e-07
794,K. Muchova,Xin. Wang,grass,99.99999877866883,1.2213311806341665e-06
795,K. Muchova,M. Frech,hard,100.0,0.0
796,K. Muchova,M. Frech,clay,100.0,0.0
797,K. Muchova,M. Frech,grass,100.0,0.0
798,K. Muchova,M. Sakkari,hard,100.0,0.0
799,K. Muchova,M. Sakkari,clay,99.99999999901176,9.882317186793443e-10
800,K. Muchova,M. Sakkari,grass,99.99983915905175,0.000160840948260077
801,K. Muchova,A. Pavlyuchenkova,hard,22.779233750980005,77.22076624901999
802,K. Muchova,A. Pavlyuchenkova,clay,100.0,0.0
803,K. Muchova,A. Pavlyuchenkova,grass,83.70340904544251,16.296590954557487
804,K. Muchova,A. Sabalenka,hard,93.6779464469224,6.3220535530776
805,K. Muchova,A. Sabalenka,clay,100.0,0.0
806,K. Muchova,A. Sabalenka,grass,99.95454821333878,0.045451786661221405
807,K. Muchova,I. Swiatek,hard,4.505098425113282e-15,100.0
808,K. Muchova,I. Swiatek,clay,3.3288424994366153e-14,99.99999999999997
809,K. Muchova,I. Swiatek,grass,2.0453115207322418e-19,100.0
810,M. Stakusic,M. Trevisan,hard,99.9996989359501,0.00030106404990126734
811,M. Stakusic,M. Trevisan,clay,99.99999999497172,5.028288896369304e-09
812,M. Stakusic,M. Trevisan,grass,97.6185423513405,2.381457648659502
813,M. Stakusic,F. Stollar,hard,9.456672106831997e-06,99.99999054332788
814,M. Stakusic,F. Stollar,clay,99.99999999985903,1.4097611966690238e-10
815,M. Stakusic,F. Stollar,grass,2.8928182152690472e-12,99.9999999999971
816,T. Droguet,K. Coppejans,hard,100.0,0.0
817,T. Droguet,K. Coppejans,clay,100.0,0.0
818,T. Droguet,K. Coppejans,grass,100.0,0.0
819,L. Samsonova,B. Krejcikova,hard,100.0,0.0
820,L. Samsonova,B. Krejcikova,clay,0.00027284396919126787,99.9997271560308
821,L. Samsonova,B. Krejcikova,grass,93.95609703264003,6.043902967359971
822,L. Samsonova,K. Siniakova,hard,9.150730478613588e-31,100.0
823,L. Samsonova,K. Siniakova,clay,2.345170763682154e-34,100.0
824,L. Samsonova,K. Siniakova,grass,5.165582360922571e-30,100.0
825,L. Samsonova,I. Begu,hard,4.2304232025434074e-13,99.99999999999957
826,L. Samsonova,I. Begu,clay,8.899514562184752e-18,100.0
827,L. Samsonova,I. Begu,grass,8.899514562184752e-18,100.0
828,L. Samsonova,B. Bencic,hard,2.75474024125793e-25,100.0
829,L. Samsonova,B. Bencic,clay,1.2764622479874172e-25,100.0
830,L. Samsonova,B. Bencic,grass,1.2764622479874172e-25,100.0
831,T. Fritz,F. Cerundolo,hard,99.99999999999993,6.661338147750939e-14
832,T. Fritz,F. Cerundolo,clay,100.0,0.0
833,T. Fritz,F. Cerundolo,grass,99.99999999984314,1.5685230891904212e-10
834,T. Fritz,U. Humbert,hard,100.0,0.0
835,T. Fritz,U. Humbert,clay,0.0002760764950193056,99.99972392350497
836,T. Fritz,U. Humbert,grass,90.0249510880315,9.975048911968498
837,T. Fritz,V. Orlov,hard,100.0,0.0
838,T. Fritz,V. Orlov,clay,100.0,0.0
839,T. Fritz,V. Orlov,grass,100.0,0.0
840,T. Fritz,S. Tsitsipas,hard,100.0,0.0
841,T. Fritz,S. Tsitsipas,clay,95.30984136548888,4.690158634511121
842,T. Fritz,S. Tsitsipas,grass,99.99727836832322,0.002721631676771974
843,T. Fritz,A. Tabilo,hard,100.0,0.0
844,T. Fritz,A. Tabilo,clay,100.0,0.0
845,T. Fritz,A. Tabilo,grass,100.0,0.0
846,T. Fritz,G. Dimitrov,hard,1.7633741887641253e-09,99.99999999823662
847,T. Fritz,G. Dimitrov,clay,2.3416385742221897e-08,99.99999997658361
848,T. Fritz,G. Dimitrov,grass,2.191217091199476e-21,100.0
849,T. Fritz,J. Sinner,hard,3.516746841272255e-28,100.0
850,T. Fritz,J. Sinner,clay,5.478800133004316e-28,100.0
851,T. Fritz,J. Sinner,grass,5.478800133004316e-28,100.0
852,T. Fritz,N. Djokovic,hard,2.2881360539489015e-31,100.0
853,T. Fritz,N. Djokovic,clay,4.21983219221925e-41,100.0
854,T. Fritz,N. Djokovic,grass,2.0473157101345764e-32,100.0
855,T. Fritz,C. Alcaraz,hard,1.2476384250347977e-39,100.0
856,T. Fritz,C. Alcaraz,clay,1.768947728208781e-44,100.0
857,T. Fritz,C. Alcaraz,grass,2.4588754763807493e-36,100.0
858,T. Fritz,A. Rublev,hard,1.4304835871498222e-28,100.0
859,T. Fritz,A. Rublev,clay,4.1804159803054665e-42,100.0
860,T. Fritz,A. Rublev,grass,5.810868332130898e-34,100.0
861,T. Fritz,H. Rune,hard,7.7886893721925565e-31,100.0
862,T. Fritz,H. Rune,clay,1.5140264066982273e-39,100.0
863,T. Fritz,H. Rune,grass,1.670116128103518e-32,100.0
864,T. Fritz,M. Fucsovics,hard,1.2109599469410492e-19,100.0
865,T. Fritz,M. Fucsovics,clay,9.49614686482199e-28,100.0
866,T. Fritz,M. Fucsovics,grass,7.300630090411109e-23,100.0
867,T. Fritz,T. Griekspoor,hard,3.8519927596012654e-25,100.0
868,T. Fritz,T. Griekspoor,clay,4.78659176461107e-37,100.0
869,T. Fritz,T. Griekspoor,grass,1.5647451633445526e-30,100.0
870,B. Hassan,D. Stricker,hard,2.1996561004337346e-27,100.0
871,B. Hassan,D. Stricker,clay,2.0583552448968122e-40,100.0
872,B. Hassan,D. Stricker,grass,6.728799054286765e-34,100.0
873,L. Chirico,N. Khirin,hard,100.0,0.0
874,L. Chirico,N. Khirin,clay,100.0,0.0
875,L. Chirico,N. Khirin,grass,100.0,0.0
876,L. Chirico,R. Zarazua,hard,100.0,0.0
877,L. Chirico,R. Zarazua,clay,100.0,0.0
878,L. Chirico,R. Zarazua,grass,100.0,0.0
879,L. van Assche,K. Khachanov,hard,1.1685097284567995e-46,100.0
880,L. van Assche,K. Khachanov,clay,2.505800337641255e-52,100.0
881,L. van Assche,K. Khachanov,grass,1.2157271104696379e-43,100.0
882,L. van Assche,A. Zverev,hard,3.6982757846057877e-44,100.0
883,L. van Assche,A. Zverev,clay,5.762029668364606e-48,100.0
884,L. van Assche,A. Zverev,grass,3.847716474963735e-41,100.0
885,L. van Assche,A. Fils,hard,3.697131522940592e-43,100.0
886,L. van Assche,A. Fils,clay,4.05724512294901e-48,100.0
887,L. van Assche,A. Fils,grass,3.846525975737374e-40,100.0
888,V. Gracheva,S. Errani,hard,3.333098490184376e-20,100.0
889,V. Gracheva,S. Errani,clay,2.5397496069864913e-18,100.0
890,V. Gracheva,S. Errani,grass,99.99999999997134,2.8665958495821542e-11
891,V. Gracheva,T. Maria,hard,99.99999999971037,2.8963498266421084e-10
892,V. Gracheva,T. Maria,clay,1.1549470338509664e-11,99.99999999998846
893,V. Gracheva,T. Maria,grass,8.424372018279896e-06,99.99999157562797
894,V. Gracheva,K. Volynets,hard,99.99999999999991,8.881784197001252e-14
895,V. Gracheva,K. Volynets,clay,5.0358188626075404e-11,99.99999999994964
896,V. Gracheva,K. Volynets,grass,0.0005219081511823418,99.99947809184881
897,V. Gracheva,S. Stephens,hard,9.401055625723408e-05,99.99990598944373
898,V. Gracheva,S. Stephens,clay,1.3451851665732841e-16,100.0
899,V. Gracheva,S. Stephens,grass,1.3451851665732841e-16,100.0
900,V. Gracheva,L. Bronzetti,hard,3.326183881795183e-41,100.0
901,V. Gracheva,L. Bronzetti,clay,7.326407549959901e-37,100.0
902,V. Gracheva,L. Bronzetti,grass,7.326407549959901e-37,100.0
903,V. Gracheva,D. Vekic,hard,3.093515259699622e-31,100.0
904,V. Gracheva,D. Vekic,clay,3.093515259699622e-31,100.0
905,V. Gracheva,D. Vekic,grass,3.093515259699622e-31,100.0
906,D. Ajdukovic,B. Nakashima,hard,1.2804619544423606e-44,100.0
907,D. Ajdukovic,B. Nakashima,clay,3.416022710900541e-38,100.0
908,D. Ajdukovic,B. Nakashima,grass,1.7873573120936683e-37,100.0
909,A. Rus,L. Fruhvirtova,hard,4.487383557976338e-05,99.99995512616442
910,A. Rus,L. Fruhvirtova,clay,8.304361112878741e-11,99.99999999991695
911,A. Rus,L. Fruhvirtova,grass,8.304361112878799e-11,99.99999999991695
912,A. Rus,O. Dodin,hard,1.3096589093051947e-38,100.0
913,A. Rus,O. Dodin,clay,5.4474594206784455e-31,100.0
914,A. Rus,O. Dodin,grass,6.051580784653228e-33,100.0
915,L. Sonego,D. Thiem,hard,100.0,0.0
916,L. Sonego,D. Thiem,clay,99.32134174290603,0.678658257093967
917,L. Sonego,D. Thiem,grass,97.98129251778501,2.0187074822149875
918,L. Sonego,M. Giron,hard,100.0,0.0
919,L. Sonego,M. Giron,clay,99.99109840775301,0.008901592246979284
920,L. Sonego,M. Giron,grass,99.99423688029681,0.005763119703183772
921,L. Sonego,C. Alcaraz,hard,2.582513622398968e-38,100.0
922,L. Sonego,C. Alcaraz,clay,1.5659145498730234e-32,100.0
923,L. Sonego,C. Alcaraz,grass,6.929846978377331e-33,100.0
924,L. Sonego,K. Khachanov,hard,6.991586626325576e-37,100.0
925,L. Sonego,K. Khachanov,clay,1.6437816014745603e-32,100.0
926,L. Sonego,K. Khachanov,grass,2.5390298282555344e-32,100.0
927,L. Sonego,F. Cerundolo,hard,5.803832506328384e-17,100.0
928,L. Sonego,F. Cerundolo,clay,1.0186108008298447e-09,99.9999999989814
929,L. Sonego,F. Cerundolo,grass,3.2429654860439404e-18,100.0
930,L. Sonego,A. Zverev,hard,2.2128027594824712e-34,100.0
931,L. Sonego,A. Zverev,clay,3.779837608659532e-28,100.0
932,L. Sonego,A. Zverev,grass,8.035904452956603e-30,100.0
933,L. Sonego,S. Tsitsipas,hard,1.0336625257305588e-28,100.0
934,L. Sonego,S. Tsitsipas,clay,3.2467191453750513e-20,100.0
935,L. Sonego,S. Tsitsipas,grass,1.8689056887546058e-25,100.0
936,F. Cobolli,C. Lestienne,hard,99.9995881428255,0.00041185717449820913
937,F. Cobolli,C. Lestienne,clay,1.989519518906591e-32,100.0
938,F. Cobolli,C. Lestienne,grass,2.126094976824191e-19,100.0
939,F. Cobolli,M. Marterer,hard,0.00013655193513722677,99.99986344806486
940,F. Cobolli,M. Marterer,clay,100.0,0.0
941,F. Cobolli,M. Marterer,grass,1.3745470295739006,98.6254529704261
942,F. Cobolli,C. Alcaraz,hard,2.8174379046944043e-59,100.0
943,F. Cobolli,C. Alcaraz,clay,9.833824548736161e-59,100.0
944,F. Cobolli,C. Alcaraz,grass,1.366922811586011e-50,100.0
945,F. Cobolli,L. Nardi,hard,6.656595228143443e-42,100.0
946,F. Cobolli,L. Nardi,clay,1.1834672752927574e-46,100.0
947,F. Cobolli,L. Nardi,grass,9.87926326675905e-40,100.0
948,F. Cobolli,K. Khachanov,hard,7.627592359674123e-58,100.0
949,F. Cobolli,K. Khachanov,clay,1.0322823724099205e-58,100.0
950,F. Cobolli,K. Khachanov,grass,5.008274789283267e-50,100.0
951,F. Cobolli,A. Fils,hard,2.413348513095806e-54,100.0
952,F. Cobolli,A. Fils,clay,1.6714111487863786e-54,100.0
953,F. Cobolli,A. Fils,grass,1.5846038888749313e-46,100.0
954,F. Cobolli,P. Kotov,hard,6.699798324154038e-42,100.0
955,F. Cobolli,P. Kotov,clay,2.0494838542529636e-48,100.0
956,F. Cobolli,P. Kotov,grass,6.699798324154038e-42,100.0
957,A. Celikbilek,A. Ayeni,hard,100.0,0.0
958,A. Celikbilek,A. Ayeni,clay,100.0,0.0
959,A. Celikbilek,A. Ayeni,grass,100.0,0.0
960,C. Ilkel,M. Purcell,hard,100.0,0.0
961,C. Ilkel,M. Purcell,clay,6.843270975387605e-07,99.99999931567291
962,C. Ilkel,M. Purcell,grass,6.843270975387605e-07,99.99999931567291
963,B. Pera,M. Brengle,hard,100.0,0.0
964,B. Pera,M. Brengle,clay,1.9983207228969957e-11,99.99999999998002
965,B. Pera,M. Brengle,grass,0.0027776317291933164,99.99722236827081
966,B. Pera,L. Siegemund,hard,100.0,0.0
967,B. Pera,L. Siegemund,clay,0.004786260397101903,99.99521373960289
968,B. Pera,L. Siegemund,grass,1.3097780146298126,98.69022198537019
969,B. Pera,L. Tsurenko,hard,3.5315701033988475e-44,100.0
970,B. Pera,L. Tsurenko,clay,7.549975878169803e-39,100.0
971,B. Pera,L. Tsurenko,grass,7.549975878169803e-39,100.0
972,B. Pera,O. Jabeur,hard,4.1815268168613513e-38,100.0
973,B. Pera,O. Jabeur,clay,1.2415109982066794e-43,100.0
974,B. Pera,O. Jabeur,grass,2.7346099535875766e-39,100.0
975,B. Pera,C. Burel,hard,1.372651050591173e-29,100.0
976,B. Pera,C. Burel,clay,8.976781424940286e-31,100.0
977,B. Pera,C. Burel,grass,8.976781424940286e-31,100.0
978,C. Giorgi,N. Parrizas-Diaz,hard,100.0,0.0
979,C. Giorgi,N. Parrizas-Diaz,clay,100.0,0.0
980,C. Giorgi,N. Parrizas-Diaz,grass,100.0,0.0
981,C. Giorgi,I. Swiatek,hard,2.974947060742041e-10,99.99999999970251
982,C. Giorgi,I. Swiatek,clay,2.870469890393471e-17,100.0
983,C. Giorgi,I. Swiatek,grass,2.870469890393471e-17,100.0
984,C. Giorgi,V. Azarenka,hard,2.9906066031416624e-10,99.99999999970093
985,C. Giorgi,V. Azarenka,clay,2.8855794852998015e-17,100.0
986,C. Giorgi,V. Azarenka,grass,2.8855794852998015e-17,100.0
987,G. Monfils,A. Bublik,hard,100.0,0.0
988,G. Monfils,A. Bublik,clay,99.99994166894041,5.8331059593630386e-05
989,G. Monfils,A. Bublik,grass,91.32948469915706,8.67051530084294
990,G. Monfils,J. Sinner,hard,8.581393770411983e-22,100.0
991,G. Monfils,J. Sinner,clay,3.8535080782393047e-19,100.0
992,G. Monfils,J. Sinner,grass,2.367677193796815e-24,100.0
993,G. Monfils,U. Humbert,hard,9.784708160647362e-21,100.0
994,G. Monfils,U. Humbert,clay,3.5046358202823885e-30,100.0
995,G. Monfils,U. Humbert,grass,7.039249217060702e-29,100.0
996,M. Zanevska,B. Strycova,hard,8.016983785697174e-58,100.0
997,M. Zanevska,B. Strycova,clay,3.626168158634454e-55,100.0
998,M. Zanevska,B. Strycova,grass,7.752212564470564e-50,100.0
999,A. Murray,J. Lehecka,hard,100.0,0.0
1000,A. Murray,J. Lehecka,clay,99.87183613109538,0.12816386890461828
1001,A. Murray,J. Lehecka,grass,0.0002648096932138225,99.99973519030678
1002,A. Murray,J. Draper,hard,4.977187673017942e-16,100.0
1003,A. Murray,J. Draper,clay,2.007940817912553e-13,99.9999999999998
1004,A. Murray,J. Draper,grass,1.2337214778170194e-18,100.0
1005,B. Gojo,M. Ymer,hard,1.1779680379023003e-17,100.0
1006,B. Gojo,M. Ymer,clay,1.6438555234887023e-15,100.0
1007,B. Gojo,M. Ymer,grass,9.311723349063927e-21,100.0
1008,P. Kaukovalta,M. Raonic,hard,5.650911021717066e-79,100.0
1009,P. Kaukovalta,M. Raonic,clay,6.759599863699614e-85,100.0
1010,P. Kaukovalta,M. Raonic,grass,4.554582561663334e-87,100.0
1011,R. Bhosale,X. Jiang,hard,5.053092195622281e-07,99.99999949469078
1012,R. Bhosale,X. Jiang,clay,7.997609298489448e-15,99.99999999999999
1013,R. Bhosale,X. Jiang,grass,1.4460016825915033e-11,99.99999999998555
1014,R. Bhosale,M. Hontama,hard,4.256814522626941e-10,99.99999999957431
1015,R. Bhosale,M. Hontama,clay,1.187424828817938e-19,100.0
1016,R. Bhosale,M. Hontama,grass,1.187424828817938e-19,100.0
1017,R. Safiullin,V. Kopriva,hard,5.803847826343142e-10,99.99999999941961
1018,R. Safiullin,V. Kopriva,clay,100.0,0.0
1019,R. Safiullin,V. Kopriva,grass,0.03158270270778644,99.9684172972922
1020,R. Safiullin,J. Sinner,hard,1.3367949757878527e-46,100.0
1021,R. Safiullin,J. Sinner,clay,5.126854596628579e-41,100.0
1022,R. Safiullin,J. Sinner,grass,5.126854596628579e-41,100.0
1023,R. Safiullin,L. Harris,hard,1.0750149722534282e-60,100.0
1024,R. Safiullin,L. Harris,clay,6.353899711584258e-51,100.0
1025,R. Safiullin,L. Harris,grass,6.353899711584258e-51,100.0
1026,R. Safiullin,M. Ymer,hard,6.664795895515425e-42,100.0
1027,R. Safiullin,M. Ymer,clay,1.6585684621799052e-40,100.0
1028,R. Safiullin,M. Ymer,grass,2.5560718054297338e-36,100.0
1029,M. Raonic,S. Nagal,hard,100.0,0.0
1030,M. Raonic,S. Nagal,clay,99.99999997881197,2.1188029108998307e-08
1031,M. Raonic,S. Nagal,grass,100.0,0.0
1032,M. Raonic,P. Kaukovalta,hard,100.0,0.0
1033,M. Raonic,P. Kaukovalta,clay,100.0,0.0
1034,M. Raonic,P. Kaukovalta,grass,100.0,0.0
1035,A. Rai,T. Daniel,hard,100.0,0.0
1036,A. Rai,T. Daniel,clay,45.836315913423206,54.163684086576794
1037,A. Rai,T. Daniel,grass,0.13646313778417044,99.86353686221582
1038,R. Kingsley,O. Kalashnikova,hard,99.99999997167701,2.832298839905434e-08
1039,R. Kingsley,O. Kalashnikova,clay,3.845638089541165e-11,99.99999999996155
1040,R. Kingsley,O. Kalashnikova,grass,6.258959859619087e-06,99.99999374104014
1041,P. Martinez,M. Huesler,hard,100.0,0.0
1042,P. Martinez,M. Huesler,clay,100.0,0.0
1043,P. Martinez,M. Huesler,grass,100.0,0.0
1044,P. Martinez,F. Diaz Acosta,hard,100.0,0.0
1045,P. Martinez,F. Diaz Acosta,clay,100.0,0.0
1046,P. Martinez,F. Diaz Acosta,grass,100.0,0.0
1047,P. Martinez,G. Barrere,hard,1.546408495713827e-28,100.0
1048,P. Martinez,G. Barrere,clay,1.4844991240781127e-36,100.0
1049,P. Martinez,G. Barrere,grass,1.546408495713827e-28,100.0
1050,P. Martinez,H. Hurkacz,hard,7.701087001365464e-14,99.99999999999993
1051,P. Martinez,H. Hurkacz,clay,2.355780384104144e-20,100.0
1052,P. Martinez,H. Hurkacz,grass,2.355780384104144e-20,100.0
1053,L. Tanasie,K. Zavatska,hard,5.000001592573537e-95,100.0
1054,L. Tanasie,K. Zavatska,clay,4.273533395549469e-88,100.0
1055,L. Tanasie,K. Zavatska,grass,4.106159582295356e-86,100.0
1056,F. Coria,A. Ramos,hard,99.99999999999993,6.661338147750939e-14
1057,F. Coria,A. Ramos,clay,100.0,0.0
1058,F. Coria,A. Ramos,grass,99.99999999999993,6.661338147750939e-14
1059,F. Coria,D. Altmaier,hard,99.99604869652389,0.003951303476112944
1060,F. Coria,D. Altmaier,clay,100.0,0.0
1061,F. Coria,D. Altmaier,grass,99.9999999829414,1.7058598977826023e-08
1062,F. Coria,F. Cerundolo,hard,2.0397763732404473e-24,100.0
1063,F. Coria,F. Cerundolo,clay,5.742048924823035e-15,99.99999999999999
1064,F. Coria,F. Cerundolo,grass,2.0607182978143613e-22,100.0
1065,F. Coria,M. Giron,hard,1.9899175332908087e-33,100.0
1066,F. Coria,M. Giron,clay,1.1428617606344847e-34,100.0
1067,F. Coria,M. Giron,grass,1.9899175332908087e-33,100.0
1068,A. Potapova,S. Errani,hard,99.99989291216666,0.00010708783334534289
1069,A. Potapova,S. Errani,clay,6.230648392649332e-17,100.0
1070,A. Potapova,S. Errani,grass,7.493004450118745e-11,99.99999999992507
1071,A. Potapova,C. Naef,hard,99.98362161426815,0.01637838573185224
1072,A. Potapova,C. Naef,clay,2.2063539950524028e-22,100.0
1073,A. Potapova,C. Naef,grass,2.2063539950524028e-22,100.0
1074,A. Potapova,J. Paolini,hard,99.99990316359006,9.683640993518594e-05
1075,A. Potapova,J. Paolini,clay,5.428759672233889e-11,99.99999999994571
1076,A. Potapova,J. Paolini,grass,5.428759672233889e-11,99.99999999994571
1077,A. Potapova,O. Jabeur,hard,100.0,0.0
1078,A. Potapova,O. Jabeur,clay,1.375892607495988e-09,99.9999999986241
1079,A. Potapova,O. Jabeur,grass,3.03060422721898e-05,99.99996969395772
1080,A. Potapova,E. Cocciaretto,hard,99.99999999999993,6.661338147750939e-14
1081,A. Potapova,E. Cocciaretto,clay,0.0037168937102889333,99.99628310628971
1082,A. Potapova,E. Cocciaretto,grass,0.0037168937102889333,99.99628310628971
1083,A. Potapova,L. Fernandez,hard,100.0,0.0
1084,A. Potapova,L. Fernandez,clay,100.0,0.0
1085,A. Potapova,L. Fernandez,grass,100.0,0.0
1086,A. Potapova,L. Noskova,hard,5.5843403467966286e-42,100.0
1087,A. Potapova,L. Noskova,clay,1.2300328163527498e-37,100.0
1088,A. Potapova,L. Noskova,grass,1.2300328163527498e-37,100.0
1089,A. Potapova,J. Pegula,hard,3.668943403868645e-38,100.0
1090,A. Potapova,J. Pegula,clay,1.4801574108158354e-35,100.0
1091,A. Potapova,J. Pegula,grass,1.4801574108158354e-35,100.0
1092,A. Potapova,A. Sabalenka,hard,1.3018810826667874e-48,100.0
1093,A. Potapova,A. Sabalenka,clay,4.630448277901014e-47,100.0
1094,A. Potapova,A. Sabalenka,grass,4.2558718761305277e-42,100.0
1095,K. Kanepi,I. Burillo Escorihuela,hard,69.3968018147734,30.6031981852266
1096,K. Kanepi,I. Burillo Escorihuela,clay,99.92884177369021,0.07115822630978652
1097,K. Kanepi,I. Burillo Escorihuela,grass,0.0429399945321671,99.95706000546784
1098,K. Kanepi,M. Vondrousova,hard,1.0060520144599863e-25,100.0
1099,K. Kanepi,M. Vondrousova,clay,4.8956468135045015e-20,100.0
1100,K. Kanepi,M. Vondrousova,grass,1.4975897206083856e-26,100.0
1101,O. Dodin,A. Rus,hard,100.0,0.0
1102,O. Dodin,A. Rus,clay,99.99993778964955,6.22103504488436e-05
1103,O. Dodin,A. Rus,grass,99.99999930890499,6.910950034466623e-07
1104,O. Dodin,E. Avanesyan,hard,100.0,0.0
1105,O. Dodin,E. Avanesyan,clay,100.0,0.0
1106,O. Dodin,E. Avanesyan,grass,100.0,0.0
1107,D. Papamichail,S. Hosogi,hard,100.0,0.0
1108,D. Papamichail,S. Hosogi,clay,100.0,0.0
1109,D. Papamichail,S. Hosogi,grass,100.0,0.0
1110,J. Sinner,A. Rublev,hard,100.0,0.0
1111,J. Sinner,A. Rublev,clay,1.6806561171687436e-08,99.99999998319345
1112,J. Sinner,A. Rublev,grass,2.282818216622493,97.7171817833775
1113,J. Sinner,T. Kokkinakis,hard,100.0,0.0
1114,J. Sinner,T. Kokkinakis,clay,7.599594502985823e-05,99.99992400405498
1115,J. Sinner,T. Kokkinakis,grass,92.93447050264405,7.065529497355961
1116,J. Sinner,G. Monfils,hard,100.0,0.0
1117,J. Sinner,G. Monfils,clay,0.00022723426776633025,99.99977276573223
1118,J. Sinner,G. Monfils,grass,26.998533708452115,73.00146629154789
1119,J. Sinner,T. Machac,hard,100.0,0.0
1120,J. Sinner,T. Machac,clay,99.99321176536003,0.0067882346399650295
1121,J. Sinner,T. Machac,grass,99.99321176536003,0.0067882346399650295
1122,J. Sinner,T. Fritz,hard,100.0,0.0
1123,J. Sinner,T. Fritz,clay,99.93747082105362,0.06252917894637999
1124,J. Sinner,T. Fritz,grass,99.93747082105362,0.06252917894637999
1125,J. Sinner,A. De Minaur,hard,100.0,0.0
1126,J. Sinner,A. De Minaur,clay,0.0015001897834128687,99.99849981021659
1127,J. Sinner,A. De Minaur,grass,70.94431597089344,29.055684029106555
1128,J. Sinner,T. M. Etcheverry,hard,100.0,0.0
1129,J. Sinner,T. M. Etcheverry,clay,0.006733026861615277,99.99326697313839
1130,J. Sinner,T. M. Etcheverry,grass,0.006733026861615277,99.99326697313839
1131,J. Sinner,Y. Hanfmann,hard,100.0,0.0
1132,J. Sinner,Y. Hanfmann,clay,2.1316267326600452e-08,99.99999997868373
1133,J. Sinner,Y. Hanfmann,grass,17.089317618864047,82.91068238113594
1134,J. Sinner,R. Safiullin,hard,100.0,0.0
1135,J. Sinner,R. Safiullin,clay,100.0,0.0
1136,J. Sinner,R. Safiullin,grass,100.0,0.0
1137,J. Sinner,G. Dimitrov,hard,100.0,0.0
1138,J. Sinner,G. Dimitrov,clay,3.7425303370533964e-05,99.99996257469664
1139,J. Sinner,G. Dimitrov,grass,3.7425303370533964e-05,99.99996257469664
1140,J. Sinner,M. Fucsovics,hard,100.0,0.0
1141,J. Sinner,M. Fucsovics,clay,99.99738072052125,0.0026192794787438523
1142,J. Sinner,M. Fucsovics,grass,99.99999996592936,3.4070635201999266e-08
1143,J. Sinner,M. McDonald,hard,100.0,0.0
1144,J. Sinner,M. McDonald,clay,0.0007098413267481105,99.99929015867325
1145,J. Sinner,M. McDonald,grass,7.722713870408987,92.277286129591
1146,J. Sinner,B. Shelton,hard,100.0,0.0
1147,J. Sinner,B. Shelton,clay,99.95836154475396,0.04163845524604026
1148,J. Sinner,B. Shelton,grass,99.95836154475396,0.04163845524604026
1149,J. Sinner,D. Medvedev,hard,100.0,0.0
1150,J. Sinner,D. Medvedev,clay,5.120570362771592e-07,99.99999948794296
1151,J. Sinner,D. Medvedev,grass,0.011277534880925871,99.98872246511907
1152,J. Sinner,N. Djokovic,hard,1.0537744047861815e-07,99.99999989462256
1153,J. Sinner,N. Djokovic,clay,1.167299163166053e-30,100.0
1154,J. Sinner,N. Djokovic,grass,5.663329265991388e-22,100.0
1155,J. Sinner,A. Bublik,hard,6.262980292179357e-40,100.0
1156,J. Sinner,A. Bublik,clay,3.1920620276383273e-37,100.0
1157,J. Sinner,A. Bublik,grass,3.1920620276383273e-37,100.0
1158,J. Sinner,A. Zverev,hard,1.2084647470338231e-36,100.0
1159,J. Sinner,A. Zverev,clay,3.098281625454619e-41,100.0
1160,J. Sinner,A. Zverev,grass,2.0689427060382273e-34,100.0
1161,J. Sinner,C. Alcaraz,hard,1.4103727311573105e-40,100.0
1162,J. Sinner,C. Alcaraz,clay,1.283558919512452e-45,100.0
1163,J. Sinner,C. Alcaraz,grass,1.7841745685016862e-37,100.0
1164,J. Sinner,D. Altmaier,hard,7.097534227675473e-24,100.0
1165,J. Sinner,D. Altmaier,clay,1.0081639892576432e-25,100.0
1166,J. Sinner,D. Altmaier,grass,4.286822365673466e-24,100.0
1167,D. King,S. Kirchheimer,hard,100.0,0.0
1168,D. King,S. Kirchheimer,clay,100.0,0.0
1169,D. King,S. Kirchheimer,grass,100.0,0.0
1170,B. Krejcikova,D. Kasatkina,hard,100.0,0.0
1171,B. Krejcikova,D. Kasatkina,clay,99.99999999999991,8.881784197001252e-14
1172,B. Krejcikova,D. Kasatkina,grass,99.99999951971034,4.802896524935818e-07
1173,B. Krejcikova,S. Kenin,hard,100.0,0.0
1174,B. Krejcikova,S. Kenin,clay,100.0,0.0
1175,B. Krejcikova,S. Kenin,grass,100.0,0.0
1176,B. Krejcikova,A. Kalinina,hard,100.0,0.0
1177,B. Krejcikova,A. Kalinina,clay,99.99999999844363,1.556377249301022e-09
1178,B. Krejcikova,A. Kalinina,grass,99.99999999728738,2.7126301205271375e-09
1179,B. Krejcikova,J. Ostapenko,hard,4.840649545172713e-16,100.0
1180,B. Krejcikova,J. Ostapenko,clay,2.758008385630859e-09,99.999999997242
1181,B. Krejcikova,J. Ostapenko,grass,4.840649545172713e-16,100.0
1182,B. Krejcikova,V. Azarenka,hard,1.5500681772278643e-16,100.0
1183,B. Krejcikova,V. Azarenka,clay,8.831668128996119e-10,99.99999999911682
1184,B. Krejcikova,V. Azarenka,grass,1.5500681772278643e-16,100.0
1185,B. Krejcikova,L. Samsonova,hard,1.1849665853387168e-30,100.0
1186,B. Krejcikova,L. Samsonova,clay,3.209338618346598e-19,100.0
1187,B. Krejcikova,L. Samsonova,grass,5.632790532369148e-26,100.0
1188,B. Krejcikova,A. Sabalenka,hard,9.153498397328188e-34,100.0
1189,B. Krejcikova,A. Sabalenka,clay,1.8549438661356412e-25,100.0
1190,B. Krejcikova,A. Sabalenka,grass,2.9922945279761467e-27,100.0
1191,M. Doi,A. Hartono,hard,5.584829151092671e-16,100.0
1192,M. Doi,A. Hartono,clay,3.3076710040359414e-16,100.0
1193,M. Doi,A. Hartono,grass,1.751243122109634e-15,100.0
1194,A. Eala,T. Preston,hard,100.0,0.0
1195,A. Eala,T. Preston,clay,100.0,0.0
1196,A. Eala,T. Preston,grass,100.0,0.0
1197,A. Eala,J. Riera,hard,50.61703216628752,49.38296783371248
1198,A. Eala,J. Riera,clay,3.678503838893956e-06,99.99999632149617
1199,A. Eala,J. Riera,grass,3.678503838893956e-06,99.99999632149617
1200,A. Eala,E. Mertens,hard,1.0222743909881037e-06,99.99999897772561
1201,A. Eala,E. Mertens,clay,3.668759343593644e-14,99.99999999999997
1202,A. Eala,E. Mertens,grass,3.668759343593644e-14,99.99999999999997
1203,E. Alexandrova,B. Andreescu,hard,99.99999999767277,2.3272272997587606e-09
1204,E. Alexandrova,B. Andreescu,clay,0.00415873406470315,99.9958412659353
1205,E. Alexandrova,B. Andreescu,grass,1.8881408635761303e-07,99.99999981118592
1206,E. Alexandrova,M. Frech,hard,100.0,0.0
1207,E. Alexandrova,M. Frech,clay,100.0,0.0
1208,E. Alexandrova,M. Frech,grass,99.9999999999996,3.9968028886505635e-13
1209,E. Alexandrova,P. M. Tig,hard,100.0,0.0
1210,E. Alexandrova,P. M. Tig,clay,99.99999570674866,4.29325134332359e-06
1211,E. Alexandrova,P. M. Tig,grass,99.9999999710723,2.892770467610717e-08
1212,E. Alexandrova,K. Birrell,hard,99.98418754957994,0.015812450420060742
1213,E. Alexandrova,K. Birrell,clay,99.9997103399047,0.0002896600952984052
1214,E. Alexandrova,K. Birrell,grass,100.0,0.0
1215,E. Alexandrova,J. Pegula,hard,100.0,0.0
1216,E. Alexandrova,J. Pegula,clay,99.999999992908,7.0919936590030375e-09
1217,E. Alexandrova,J. Pegula,grass,99.99984378871453,0.0001562112854736064
1218,E. Alexandrova,A. Sasnovich,hard,2.4039750615810196e-13,99.99999999999976
1219,E. Alexandrova,A. Sasnovich,clay,0.14472341390972146,99.85527658609028
1220,E. Alexandrova,A. Sasnovich,grass,100.0,0.0
1221,E. Alexandrova,C. Gauff,hard,99.99999999998256,1.7430501486614958e-11
1222,E. Alexandrova,C. Gauff,clay,99.99999999999969,3.1086244689504383e-13
1223,E. Alexandrova,C. Gauff,grass,100.0,0.0
1224,E. Alexandrova,E. Bektas,hard,94.11975590700597,5.880244092994036
1225,E. Alexandrova,E. Bektas,clay,99.99971635932432,0.00028364067566899465
1226,E. Alexandrova,E. Bektas,grass,100.0,0.0
1227,E. Alexandrova,B. Bencic,hard,3.6776639917651706e-31,100.0
1228,E. Alexandrova,B. Bencic,clay,4.422774472215297e-25,100.0
1229,E. Alexandrova,B. Bencic,grass,2.007936503938869e-29,100.0
1230,E. Alexandrova,P. Kvitova,hard,2.508161452263124e-42,100.0
1231,E. Alexandrova,P. Kvitova,clay,1.3934915554340971e-43,100.0
1232,E. Alexandrova,P. Kvitova,grass,1.1153961392221981e-38,100.0
1233,E. Alexandrova,S. Cirstea,hard,3.1476525679234807e-30,100.0
1234,E. Alexandrova,S. Cirstea,clay,9.071703513436004e-25,100.0
1235,E. Alexandrova,S. Cirstea,grass,4.118547023360817e-29,100.0
1236,E. Alexandrova,M. Sakkari,hard,1.720212709961494e-33,100.0
1237,E. Alexandrova,M. Sakkari,clay,2.0687351746743638e-27,100.0
1238,E. Alexandrova,M. Sakkari,grass,9.392043162739928e-32,100.0
1239,E. Alexandrova,D. Vekic,hard,2.38991225013488e-19,100.0
1240,E. Alexandrova,D. Vekic,clay,1.3048478759891352e-17,100.0
1241,E. Alexandrova,D. Vekic,grass,5.924000192063427e-22,100.0
1242,E. Alexandrova,D. Collins,hard,4.163440363056694e-20,100.0
1243,E. Alexandrova,D. Collins,clay,2.2731614159621627e-18,100.0
1244,E. Alexandrova,D. Collins,grass,1.0320136862347352e-22,100.0
1245,M. Mmoh,A. Muller,hard,2.3422286640990025e-06,99.99999765777133
1246,M. Mmoh,A. Muller,clay,5.909905836659967e-12,99.99999999999409
1247,M. Mmoh,A. Muller,grass,3.64899810190976e-06,99.9999963510019
1248,M. Mmoh,J. Draper,hard,1.4576181854697337e-15,100.0
1249,M. Mmoh,J. Draper,clay,5.231130046696739e-23,100.0
1250,M. Mmoh,J. Draper,grass,5.231130046696739e-23,100.0
1251,T. Machac,M. Fucsovics,hard,100.0,0.0
1252,T. Machac,M. Fucsovics,clay,99.99824832124848,0.0017516787515159393
1253,T. Machac,M. Fucsovics,grass,99.999999977215,2.2784996112079625e-08
1254,T. Machac,M. Arnaldi,hard,100.0,0.0
1255,T. Machac,M. Arnaldi,clay,99.99874492086248,0.0012550791375187664
1256,T. Machac,M. Arnaldi,grass,99.99999976223253,2.377674723774703e-07
1257,T. Machac,J. Thompson,hard,1.0212125345305938e-13,99.9999999999999
1258,T. Machac,J. Thompson,clay,1.7619924208887723e-13,99.99999999999983
1259,T. Machac,J. Thompson,grass,4.119865407051663e-11,99.9999999999588
1260,T. Machac,J. Sinner,hard,5.066971318419298e-28,100.0
1261,T. Machac,J. Sinner,clay,5.944528497004323e-29,100.0
1262,T. Machac,J. Sinner,grass,5.944528497004323e-29,100.0
1263,M. Haliak,O. Jasika,hard,1.9632361251319806e-38,100.0
1264,M. Haliak,O. Jasika,clay,4.4683048251825795e-37,100.0
1265,M. Haliak,O. Jasika,grass,7.559915651337461e-47,100.0
1266,A. Hartono,I. Khromacheva,hard,100.0,0.0
1267,A. Hartono,I. Khromacheva,clay,0.0033905318506096873,99.99660946814939
1268,A. Hartono,I. Khromacheva,grass,99.86183513819364,0.1381648618063558
1269,A. Hartono,M. Doi,hard,100.0,0.0
1270,A. Hartono,M. Doi,clay,2.647334250846177e-07,99.99999973526657
1271,A. Hartono,M. Doi,grass,5.000168536147964e-08,99.99999994999833
1272,A. Hartono,S. Bejlek,hard,4.946113845129865e-31,100.0
1273,A. Hartono,S. Bejlek,clay,1.22820381591059e-28,100.0
1274,A. Hartono,S. Bejlek,grass,2.888458520196585e-30,100.0
1275,A. Ramos,F. Coria,hard,4.955306205862391e-40,100.0
1276,A. Ramos,F. Coria,clay,1.7783704568501905e-47,100.0
1277,A. Ramos,F. Coria,grass,4.955306205862391e-40,100.0
1278,E. Ruusuvuori,P. Kotov,hard,100.0,0.0
1279,E. Ruusuvuori,P. Kotov,clay,93.20968840737355,6.790311592626452
1280,E. Ruusuvuori,P. Kotov,grass,99.98194558838274,0.018054411617252075
1281,E. Ruusuvuori,C. O&apos;Connell,hard,1.9985073759154675e-24,100.0
1282,E. Ruusuvuori,C. O&apos;Connell,clay,7.352097766287876e-25,100.0
1283,E. Ruusuvuori,C. O&apos;Connell,grass,1.9985073759154675e-24,100.0
1284,J. Draper,J-L. Struff,hard,99.99999247851191,7.5214880879137525e-06
1285,J. Draper,J-L. Struff,clay,5.6482891248699245e-09,99.99999999435171
1286,J. Draper,J-L. Struff,grass,5.6482891248699245e-09,99.99999999435171
1287,J. Draper,M. Mmoh,hard,100.0,0.0
1288,J. Draper,M. Mmoh,clay,1.646364476365623,98.35363552363438
1289,J. Draper,M. Mmoh,grass,1.646364476365623,98.35363552363438
1290,J. Draper,T. Kokkinakis,hard,1.356764321421475e-09,99.99999999864325
1291,J. Draper,T. Kokkinakis,clay,7.839043049399961e-17,100.0
1292,J. Draper,T. Kokkinakis,grass,1.356764321421475e-09,99.99999999864325
1293,J. Draper,A. Murray,hard,100.0,0.0
1294,J. Draper,A. Murray,clay,4.360940663461162e-10,99.9999999995639
1295,J. Draper,A. Murray,grass,7.09763484310813e-05,99.99992902365157
1296,J. Draper,Y. Shimizu,hard,100.0,0.0
1297,J. Draper,Y. Shimizu,clay,99.99993556350924,6.443649076537383e-05
1298,J. Draper,Y. Shimizu,grass,99.99993556350924,6.443649076537383e-05
1299,J. Draper,S. Baez,hard,100.0,0.0
1300,J. Draper,S. Baez,clay,0.003148494123698537,99.99685150587631
1301,J. Draper,S. Baez,grass,0.003148494123698537,99.99685150587631
1302,J. Draper,T. Griekspoor,hard,1.1711613360161819e-43,100.0
1303,J. Draper,T. Griekspoor,clay,3.5826097036936343e-50,100.0
1304,J. Draper,T. Griekspoor,grass,1.1711613360161819e-43,100.0
1305,J. Draper,A. De Minaur,hard,1.3905385082237385e-51,100.0
1306,J. Draper,A. De Minaur,clay,2.7929712550042197e-50,100.0
1307,J. Draper,A. De Minaur,grass,4.545694540474919e-45,100.0
1308,J. McCabe,J. Duckworth,hard,1.7176401736701742e-40,100.0
1309,J. McCabe,J. Duckworth,clay,1.9502606801293838e-55,100.0
1310,J. McCabe,J. Duckworth,grass,6.375436044192231e-49,100.0
1311,D. Parry,Q. Zheng,hard,9.553160535512514e-20,100.0
1312,D. Parry,Q. Zheng,clay,3.122944775260506e-13,99.99999999999969
1313,D. Parry,Q. Zheng,grass,9.553160535512514e-20,100.0
1314,A. Vavassori,M. Giron,hard,1.9805728541807508e-28,100.0
1315,A. Vavassori,M. Giron,clay,1.1374948666594243e-29,100.0
1316,A. Vavassori,M. Giron,grass,1.9805728541807508e-28,100.0
1317,A. Vavassori,H. Mayot,hard,7.749180976348096e-34,100.0
1318,A. Vavassori,H. Mayot,clay,3.6967369054390966e-24,100.0
1319,A. Vavassori,H. Mayot,grass,2.159255650842326e-26,100.0
1320,P. M. Tig,E. Alexandrova,hard,6.27882124568998e-37,100.0
1321,P. M. Tig,E. Alexandrova,clay,3.759390330688368e-32,100.0
1322,P. M. Tig,E. Alexandrova,grass,2.533057279705261e-34,100.0
1323,T. M. Etcheverry,B. Coric,hard,99.95127102299615,0.04872897700385348
1324,T. M. Etcheverry,B. Coric,clay,100.0,0.0
1325,T. M. Etcheverry,B. Coric,grass,97.16744088766053,2.832559112339472
1326,T. M. Etcheverry,R. Carballes Baena,hard,100.0,0.0
1327,T. M. Etcheverry,R. Carballes Baena,clay,100.0,0.0
1328,T. M. Etcheverry,R. Carballes Baena,grass,100.0,0.0
1329,T. M. Etcheverry,J. Sinner,hard,3.390824407987376e-26,100.0
1330,T. M. Etcheverry,J. Sinner,clay,1.300443524797427e-20,100.0
1331,T. M. Etcheverry,J. Sinner,grass,1.300443524797427e-20,100.0
1332,T. M. Etcheverry,A. Zverev,hard,1.0307492315703974e-33,100.0
1333,T. M. Etcheverry,A. Zverev,clay,1.0135055265389419e-32,100.0
1334,T. M. Etcheverry,A. Zverev,grass,6.767896273323992e-26,100.0
1335,T. M. Etcheverry,N. Djokovic,hard,2.2062058859258114e-29,100.0
1336,T. M. Etcheverry,N. Djokovic,clay,1.001615922626125e-33,100.0
1337,T. M. Etcheverry,N. Djokovic,grass,4.859491848264613e-25,100.0
1338,T. M. Etcheverry,D. Shapovalov,hard,2.649324096344443e-29,100.0
1339,T. M. Etcheverry,D. Shapovalov,clay,2.008866005365485e-38,100.0
1340,T. M. Etcheverry,D. Shapovalov,grass,2.649324096344443e-29,100.0
1341,T. M. Etcheverry,A. Davidovich Fokina,hard,8.083420461878367e-35,100.0
1342,T. M. Etcheverry,A. Davidovich Fokina,clay,1.4074615723535384e-33,100.0
1343,T. M. Etcheverry,A. Davidovich Fokina,grass,3.9217942679667145e-26,100.0
1344,O. Jabeur,L. Fernandez,hard,100.0,0.0
1345,O. Jabeur,L. Fernandez,clay,100.0,0.0
1346,O. Jabeur,L. Fernandez,grass,100.0,0.0
1347,O. Jabeur,B. Pera,hard,99.99999999999523,4.773959005888173e-12
1348,O. Jabeur,B. Pera,clay,100.0,0.0
1349,O. Jabeur,B. Pera,grass,99.99999999999969,3.1086244689504383e-13
1350,O. Jabeur,M. Frech,hard,100.0,0.0
1351,O. Jabeur,M. Frech,clay,100.0,0.0
1352,O. Jabeur,M. Frech,grass,100.0,0.0
1353,O. Jabeur,E. Raducanu,hard,100.0,0.0
1354,O. Jabeur,E. Raducanu,clay,16.985339054777643,83.01466094522236
1355,O. Jabeur,E. Raducanu,grass,96.8118646314052,3.188135368594802
1356,O. Jabeur,M. Vondrousova,hard,0.0001091998458798697,99.99989080015412
1357,O. Jabeur,M. Vondrousova,clay,1.7685991323850917e-10,99.99999999982315
1358,O. Jabeur,M. Vondrousova,grass,8.02942763884168e-15,99.99999999999999
1359,O. Jabeur,S. Kenin,hard,1.2928796868784077e-20,100.0
1360,O. Jabeur,S. Kenin,clay,2.847757019982766e-16,100.0
1361,O. Jabeur,S. Kenin,grass,1.2928796868784077e-20,100.0
1362,O. Jabeur,B. Haddad Maia,hard,2.9482870676486983e-48,100.0
1363,O. Jabeur,B. Haddad Maia,clay,8.788719882399223e-45,100.0
1364,O. Jabeur,B. Haddad Maia,grass,1.4304062712999383e-39,100.0
1365,O. Jabeur,E. Avanesyan,hard,1.575692441782615e-14,99.99999999999999
1366,O. Jabeur,E. Avanesyan,clay,3.4706935671939804e-10,99.99999999965293
1367,O. Jabeur,E. Avanesyan,grass,1.575692441782615e-14,99.99999999999999
1368,O. Jabeur,I. Swiatek,hard,1.593934326694807e-20,100.0
1369,O. Jabeur,I. Swiatek,clay,3.5108739926111435e-16,100.0
1370,O. Jabeur,I. Swiatek,grass,1.593934326694807e-20,100.0
1371,O. Jabeur,M. Keys,hard,4.747521617154578e-43,100.0
1372,O. Jabeur,M. Keys,clay,2.2074184021221808e-38,100.0
1373,O. Jabeur,M. Keys,grass,4.3504326783927815e-35,100.0
1374,O. Jabeur,L. Tsurenko,hard,3.3575246673744666e-35,100.0
1375,O. Jabeur,L. Tsurenko,clay,2.4175822569708843e-24,100.0
1376,O. Jabeur,L. Tsurenko,grass,1.0975806466150774e-28,100.0
1377,O. Jabeur,A. Potapova,hard,2.8893604880173013e-18,100.0
1378,O. Jabeur,A. Potapova,clay,6.364239995817865e-14,99.99999999999993
1379,O. Jabeur,A. Potapova,grass,2.8893604880173013e-18,100.0
1380,O. Jabeur,C. Gauff,hard,2.3903872430572333e-20,100.0
1381,O. Jabeur,C. Gauff,clay,5.26517828455421e-16,100.0
1382,O. Jabeur,C. Gauff,grass,2.3903872430572333e-20,100.0
1383,O. Jabeur,K. Volynets,hard,3.35027551950995e-32,100.0
1384,O. Jabeur,K. Volynets,clay,3.5695557713611403e-29,100.0
1385,O. Jabeur,K. Volynets,grass,1.6795602935374303e-26,100.0
1386,A. Cornet,D. Yastremska,hard,4.60119384972632e-17,100.0
1387,A. Cornet,D. Yastremska,clay,2.677821981066318e-13,99.99999999999973
1388,A. Cornet,D. Yastremska,grass,9.34651709295121e-13,99.99999999999906
1389,A. Cornet,E. Avanesyan,hard,1.8261468219121983,98.1738531780878
1390,A. Cornet,E. Avanesyan,clay,3.253299642480164,96.74670035751983
1391,A. Cornet,E. Avanesyan,grass,10.504106453133577,89.49589354686643
1392,C. Tauson,N. Podoroska,hard,100.0,0.0
1393,C. Tauson,N. Podoroska,clay,100.0,0.0
1394,C. Tauson,N. Podoroska,grass,99.99999271498857,7.285011438540323e-06
1395,C. Tauson,E. Avanesyan,hard,0.3732429435815057,99.6267570564185
1396,C. Tauson,E. Avanesyan,clay,11.03710571431938,88.96289428568062
1397,C. Tauson,E. Avanesyan,grass,2.557152687213257e-08,99.99999997442848
1398,M. Huesler,M. Cressy,hard,22.53075070850718,77.46924929149282
1399,M. Huesler,M. Cressy,clay,22.53075070850718,77.46924929149282
1400,M. Huesler,M. Cressy,grass,100.0,0.0
1401,M. Huesler,P. Martinez,hard,2.709704918217091e-49,100.0
1402,M. Huesler,P. Martinez,clay,8.858072451924916e-43,100.0
1403,M. Huesler,P. Martinez,grass,8.858072451924916e-43,100.0
1404,T. Babos,E. Yashina,hard,99.99934249005914,0.0006575099408601126
1405,T. Babos,E. Yashina,clay,100.0,0.0
1406,T. Babos,E. Yashina,grass,66.4232723715368,33.576727628463196
1407,T. Babos,M. Timofeeva,hard,100.0,0.0
1408,T. Babos,M. Timofeeva,clay,1.3858790011824127,98.61412099881758
1409,T. Babos,M. Timofeeva,grass,0.01933927297797173,99.98066072702203
1410,T. Babos,N. Bains,hard,99.99999999906946,9.305445303198212e-10
1411,T. Babos,N. Bains,clay,100.0,0.0
1412,T. Babos,N. Bains,grass,99.9999284603775,7.153962249262236e-05
1413,T. Babos,N. Parrizas-Diaz,hard,100.0,0.0
1414,T. Babos,N. Parrizas-Diaz,clay,100.0,0.0
1415,T. Babos,N. Parrizas-Diaz,grass,100.0,0.0
1416,T. Babos,E. Makarova,hard,100.0,0.0
1417,T. Babos,E. Makarova,clay,100.0,0.0
1418,T. Babos,E. Makarova,grass,100.0,0.0
1419,T. Babos,A. Bondar,hard,6.375636528485166e-38,100.0
1420,T. Babos,A. Bondar,clay,1.2413328112694402e-42,100.0
1421,T. Babos,A. Bondar,grass,1.1218294682881572e-36,100.0
1422,H. Hurkacz,A. Rublev,hard,99.99999999999997,2.220446049250313e-14
1423,H. Hurkacz,A. Rublev,clay,5.47823754609014e-17,100.0
1424,H. Hurkacz,A. Rublev,grass,7.614868285838805e-09,99.99999999238514
1425,H. Hurkacz,P. Martinez,hard,1.137048673913741e-09,99.99999999886296
1426,H. Hurkacz,P. Martinez,clay,100.0,0.0
1427,H. Hurkacz,P. Martinez,grass,0.0037168937102889333,99.99628310628971
1428,H. Hurkacz,T. Griekspoor,hard,100.0,0.0
1429,H. Hurkacz,T. Griekspoor,clay,6.272602259256629e-12,99.99999999999373
1430,H. Hurkacz,T. Griekspoor,grass,2.0505241551469132e-05,99.99997949475845
1431,H. Hurkacz,F. Marozsan,hard,99.99999986099053,1.3900947060108138e-07
1432,H. Hurkacz,F. Marozsan,clay,4.782041911995032e-15,100.0
1433,H. Hurkacz,F. Marozsan,grass,4.782041911995032e-15,100.0
1434,H. Hurkacz,S. Tsitsipas,hard,99.99999999999967,3.3306690738754696e-13
1435,H. Hurkacz,S. Tsitsipas,clay,4.806323750236858e-07,99.99999951936762
1436,H. Hurkacz,S. Tsitsipas,grass,0.0008689961723711911,99.99913100382763
1437,H. Hurkacz,N. Djokovic,hard,2.1983802239523253e-46,100.0
1438,H. Hurkacz,N. Djokovic,clay,9.980630775867131e-51,100.0
1439,H. Hurkacz,N. Djokovic,grass,4.842254680686543e-42,100.0
1440,H. Hurkacz,B. Zapata Miralles,hard,1.5695965734708988e-37,100.0
1441,H. Hurkacz,B. Zapata Miralles,clay,9.720332924243034e-35,100.0
1442,H. Hurkacz,B. Zapata Miralles,grass,5.131038466449066e-31,100.0
1443,H. Hurkacz,U. Humbert,hard,3.852583998999159e-42,100.0
1444,H. Hurkacz,U. Humbert,clay,1.1785143852220466e-48,100.0
1445,H. Hurkacz,U. Humbert,grass,3.852583998999159e-42,100.0
1446,H. Hurkacz,S. Korda,hard,3.138965106874476e-32,100.0
1447,H. Hurkacz,S. Korda,clay,1.2663489058821642e-29,100.0
1448,H. Hurkacz,S. Korda,grass,1.2663489058821642e-29,100.0
1449,H. Hurkacz,T. Paul,hard,1.1928991309243536e-45,100.0
1450,H. Hurkacz,T. Paul,clay,7.941380870925544e-50,100.0
1451,H. Hurkacz,T. Paul,grass,1.5522887074701214e-41,100.0
1452,A. Kovacevic,Z. Bergs,hard,100.0,0.0
1453,A. Kovacevic,Z. Bergs,clay,99.99999999955516,4.448441615068077e-10
1454,A. Kovacevic,Z. Bergs,grass,99.99999999955516,4.448441615068077e-10
1455,A. Kovacevic,M. Krueger,hard,100.0,0.0
1456,A. Kovacevic,M. Krueger,clay,100.0,0.0
1457,A. Kovacevic,M. Krueger,grass,99.99999999999254,7.460698725481052e-12
1458,J. Burrage,D. Kasatkina,hard,1.5536497443979154e-42,100.0
1459,J. Burrage,D. Kasatkina,clay,1.1944446769172385e-37,100.0
1460,J. Burrage,D. Kasatkina,grass,1.1944446769172385e-37,100.0
1461,V. Orlov,T. Fritz,hard,6.887070474792107e-58,100.0
1462,V. Orlov,T. Fritz,clay,5.687488299180356e-56,100.0
1463,V. Orlov,T. Fritz,grass,5.687488299180356e-56,100.0
1464,A. Zverev,J. Sinner,hard,100.0,0.0
1465,A. Zverev,J. Sinner,clay,100.0,0.0
1466,A. Zverev,J. Sinner,grass,99.99999997637252,2.362747775208618e-08
1467,A. Zverev,S. Ofner,hard,99.99999999999987,1.3322676295501878e-13
1468,A. Zverev,S. Ofner,clay,100.0,0.0
1469,A. Zverev,S. Ofner,grass,99.99999999999731,2.686739719592879e-12
1470,A. Zverev,A. Mannarino,hard,100.0,0.0
1471,A. Zverev,A. Mannarino,clay,99.99999971734255,2.8265745299904665e-07
1472,A. Zverev,A. Mannarino,grass,99.99998840277208,1.1597227922433007e-05
1473,A. Zverev,N. Jarry,hard,100.0,0.0
1474,A. Zverev,N. Jarry,clay,99.99999999677331,3.2266855853890775e-09
1475,A. Zverev,N. Jarry,grass,99.99999991970208,8.02979238656576e-08
1476,A. Zverev,Y. Wu,hard,99.99999999999977,2.220446049250313e-13
1477,A. Zverev,Y. Wu,clay,100.0,0.0
1478,A. Zverev,Y. Wu,grass,99.99999999999025,9.747758156208874e-12
1479,A. Zverev,A. Tabilo,hard,100.0,0.0
1480,A. Zverev,A. Tabilo,clay,100.0,0.0
1481,A. Zverev,A. Tabilo,grass,100.0,0.0
1482,A. Zverev,L. van Assche,hard,100.0,0.0
1483,A. Zverev,L. van Assche,clay,100.0,0.0
1484,A. Zverev,L. van Assche,grass,100.0,0.0
1485,A. Zverev,L. Sonego,hard,100.0,0.0
1486,A. Zverev,L. Sonego,clay,99.95685260020338,0.04314739979662807
1487,A. Zverev,L. Sonego,grass,99.99908230219485,0.0009176978051472773
1488,A. Zverev,T. M. Etcheverry,hard,99.99999988228767,1.1771232877322291e-07
1489,A. Zverev,T. M. Etcheverry,clay,100.0,0.0
1490,A. Zverev,T. M. Etcheverry,grass,92.82552659885857,7.174473401141423
1491,A. Zverev,C. Alcaraz,hard,99.99993699690296,6.300309703943796e-05
1492,A. Zverev,C. Alcaraz,clay,2.393610892519959e-10,99.99999999976063
1493,A. Zverev,C. Alcaraz,grass,4.982502386821347e-09,99.9999999950175
1494,A. Zverev,G. Dimitrov,hard,0.006557124702107831,99.99344287529789
1495,A. Zverev,G. Dimitrov,clay,99.99999999999957,4.218847493575595e-13
1496,A. Zverev,G. Dimitrov,grass,3.05509006870213e-17,100.0
1497,A. Zverev,D. Medvedev,hard,9.791049995235783e-13,99.99999999999902
1498,A. Zverev,D. Medvedev,clay,4.520758917531748e-18,100.0
1499,A. Zverev,D. Medvedev,grass,1.4911749310691115e-20,100.0
1500,A. Zverev,A. Rublev,hard,5.319616457054928e-22,100.0
1501,A. Zverev,A. Rublev,clay,3.8921151781445973e-31,100.0
1502,A. Zverev,A. Rublev,grass,8.10176508905871e-30,100.0
1503,R. Albot,J. Lehecka,hard,2.2642021715412113e-50,100.0
1504,R. Albot,J. Lehecka,clay,8.362462072696675e-47,100.0
1505,R. Albot,J. Lehecka,grass,4.625147068362587e-50,100.0
1506,A. Fils,Y. Hanfmann,hard,99.99999999961557,3.844258245067067e-10
1507,A. Fils,Y. Hanfmann,clay,100.0,0.0
1508,A. Fils,Y. Hanfmann,grass,99.97476496195115,0.025235038048843084
1509,A. Fils,L. Nardi,hard,100.0,0.0
1510,A. Fils,L. Nardi,clay,99.99999999993588,6.412648190234904e-11
1511,A. Fils,L. Nardi,grass,99.99999999927181,7.281952818516402e-10
1512,A. Fils,L. van Assche,hard,100.0,0.0
1513,A. Fils,L. van Assche,clay,100.0,0.0
1514,A. Fils,L. van Assche,grass,99.99999999999996,4.440892098500626e-14
1515,A. Fils,L. Harris,hard,0.05825431938496533,99.94174568061503
1516,A. Fils,L. Harris,clay,99.99997989722,2.010277999620058e-05
1517,A. Fils,L. Harris,grass,100.0,0.0
1518,A. Fils,A. De Minaur,hard,99.99989391416574,0.00010608583426163776
1519,A. Fils,A. De Minaur,clay,100.0,0.0
1520,A. Fils,A. De Minaur,grass,99.99786925220016,0.0021307477998333546
1521,A. Fils,F. Cobolli,hard,100.0,0.0
1522,A. Fils,F. Cobolli,clay,100.0,0.0
1523,A. Fils,F. Cobolli,grass,100.0,0.0
1524,A. Fils,M. Arnaldi,hard,6.406646190007174e-13,99.99999999999936
1525,A. Fils,M. Arnaldi,clay,1.7524408105270534e-16,100.0
1526,A. Fils,M. Arnaldi,grass,9.757309170535021e-21,100.0
1527,A. Fils,H. Medjedovic,hard,1.876947377976386e-18,100.0
1528,A. Fils,H. Medjedovic,clay,1.5516380072051392e-21,100.0
1529,A. Fils,H. Medjedovic,grass,6.0635784987532445e-24,100.0
1530,S. C. Hong,S. Kwon,hard,99.99989730218634,0.0001026978136531298
1531,S. C. Hong,S. Kwon,clay,9.139947611775259e-25,100.0
1532,S. C. Hong,S. Kwon,grass,3.2765915606422878e-15,100.0
1533,S. C. Hong,S. Nagal,hard,100.0,0.0
1534,S. C. Hong,S. Nagal,clay,1.028844186286433e-09,99.99999999897116
1535,S. C. Hong,S. Nagal,grass,0.0033631964038671053,99.99663680359613
1536,K. Swan,L. Jeanjean,hard,100.0,0.0
1537,K. Swan,L. Jeanjean,clay,99.9999999985949,1.4050982599655981e-09
1538,K. Swan,L. Jeanjean,grass,99.9999999985949,1.4050982599655981e-09
1539,O. Jasika,M. Haliak,hard,100.0,0.0
1540,O. Jasika,M. Haliak,clay,99.99999999994897,5.1025850211772195e-11
1541,O. Jasika,M. Haliak,grass,100.0,0.0
1542,O. Jasika,D. Svrcina,hard,100.0,0.0
1543,O. Jasika,D. Svrcina,clay,6.880699893793261e-07,99.99999931193001
1544,O. Jasika,D. Svrcina,grass,95.36305884071687,4.636941159283126
1545,M. Kukushkin,T. Atmane,hard,1.3867795134145886e-40,100.0
1546,M. Kukushkin,T. Atmane,clay,2.481875324823201e-39,100.0
1547,M. Kukushkin,T. Atmane,grass,5.965670723662674e-43,100.0
1548,O. Kalashnikova,R. Kingsley,hard,2.832299780414282e-08,99.999999971677
1549,O. Kalashnikova,R. Kingsley,clay,2.276998136280105e-12,99.99999999999773
1550,O. Kalashnikova,R. Kingsley,grass,1.399036007743785e-17,100.0
1551,K. Anderson,U. Humbert,hard,1.3671540885903004e-18,100.0
1552,K. Anderson,U. Humbert,clay,1.1723263053631376e-23,100.0
1553,K. Anderson,U. Humbert,grass,2.0923949646088192e-15,100.0
1554,E. Raducanu,B. Haddad Maia,hard,100.0,0.0
1555,E. Raducanu,B. Haddad Maia,clay,5.242148798789935e-05,99.99994757851202
1556,E. Raducanu,B. Haddad Maia,grass,0.05745414331508747,99.94254585668492
1557,E. Raducanu,B. Andreescu,hard,3.716470869660779e-39,100.0
1558,E. Raducanu,B. Andreescu,clay,7.523866128373143e-30,100.0
1559,E. Raducanu,B. Andreescu,grass,2.3015681078144323e-36,100.0
1560,E. Raducanu,O. Jabeur,hard,9.426630469989681e-20,100.0
1561,E. Raducanu,O. Jabeur,clay,4.2796836123443104e-24,100.0
1562,E. Raducanu,O. Jabeur,grass,2.88362813528308e-26,100.0
1563,M. Polmans,C. Norrie,hard,5.854539124449893e-38,100.0
1564,M. Polmans,C. Norrie,clay,1.0640314146556085e-20,100.0
1565,M. Polmans,C. Norrie,grass,2.3315575837839165e-30,100.0
1566,S. J. Jang,L. Zhu,hard,9.865660385073131e-54,100.0
1567,S. J. Jang,L. Zhu,clay,4.4389609499559556e-49,100.0
1568,S. J. Jang,L. Zhu,grass,3.225101518971396e-47,100.0
1569,L. Davis,E. Cocciaretto,hard,100.0,0.0
1570,L. Davis,E. Cocciaretto,clay,100.0,0.0
1571,L. Davis,E. Cocciaretto,grass,99.9999983355605,1.6644394973397425e-06
1572,H. Gaston,J-L. Struff,hard,99.9999999974827,2.5172974815745874e-09
1573,H. Gaston,J-L. Struff,clay,1.6876642665907093e-05,99.99998312335734
1574,H. Gaston,J-L. Struff,grass,1.6876642665907093e-05,99.99998312335734
1575,H. Gaston,F. Fognini,hard,1.8186866476576292e-33,100.0
1576,H. Gaston,F. Fognini,clay,1.8186866476576292e-33,100.0
1577,H. Gaston,F. Fognini,grass,5.5634046578415515e-40,100.0
1578,H. Gaston,F. Meligeni Alves,hard,2.3795066155391953e-32,100.0
1579,H. Gaston,F. Meligeni Alves,clay,3.853841281813881e-38,100.0
1580,H. Gaston,F. Meligeni Alves,grass,2.3795066155391953e-32,100.0
1581,Wu Tung-Lin,A. Shevchenko,hard,100.0,0.0
1582,Wu Tung-Lin,A. Shevchenko,clay,3.4614262299978444e-06,99.99999653857377
1583,Wu Tung-Lin,A. Shevchenko,grass,3.4614262299978444e-06,99.99999653857377
1584,J. P. Varillas,S. Baez,hard,2.9331918706077757e-24,100.0
1585,J. P. Varillas,S. Baez,clay,2.309956385431291e-16,100.0
1586,J. P. Varillas,S. Baez,grass,4.761174971506783e-25,100.0
1587,J. P. Varillas,N. Jarry,hard,1.010945592594685e-28,100.0
1588,J. P. Varillas,N. Jarry,clay,1.827832510118597e-25,100.0
1589,J. P. Varillas,N. Jarry,grass,1.010945592594685e-28,100.0
1590,A. Li,E. Perez,hard,100.0,0.0
1591,A. Li,E. Perez,clay,98.98742877820986,1.0125712217901373
1592,A. Li,E. Perez,grass,98.98742877820986,1.0125712217901373
1593,A. Robbe,S. Kraus,hard,1.6469032085281937e-34,100.0
1594,A. Robbe,S. Kraus,clay,1.2169060197323706e-33,100.0
1595,A. Robbe,S. Kraus,grass,1.2169060197323706e-33,100.0
1596,D. Semenistaja,L. Hovde,hard,100.0,0.0
1597,D. Semenistaja,L. Hovde,clay,100.0,0.0
1598,D. Semenistaja,L. Hovde,grass,100.0,0.0
1599,D. Semenistaja,H. Dart,hard,2.226645156831818e-31,100.0
1600,D. Semenistaja,H. Dart,clay,1.6035917540227758e-16,100.0
1601,D. Semenistaja,H. Dart,grass,1.6035917540227758e-16,100.0
1602,R. Sramkova,J. Ostapenko,hard,6.370652259582865e-18,100.0
1603,R. Sramkova,J. Ostapenko,clay,1.0695226397416849e-24,100.0
1604,R. Sramkova,J. Ostapenko,grass,1.0695226397416849e-24,100.0
1605,E. Yashina,T. Babos,hard,5.757530730061626e-30,100.0
1606,E. Yashina,T. Babos,clay,6.4047592908848655e-25,100.0
1607,E. Yashina,T. Babos,grass,4.426385005698012e-25,100.0
1608,M. Jones,I. Becroft,hard,100.0,0.0
1609,M. Jones,I. Becroft,clay,6.540077920499226,93.45992207950079
1610,M. Jones,I. Becroft,grass,99.99999912998761,8.700123843574659e-07
1611,A. Kontaveit,Q. Zheng,hard,2.0188999620190997e-28,100.0
1612,A. Kontaveit,Q. Zheng,clay,2.0188999620190997e-28,100.0
1613,A. Kontaveit,Q. Zheng,grass,2.0188999620190997e-28,100.0
1614,C. O&apos;Connell,T. Seyboth Wild,hard,100.0,0.0
1615,C. O&apos;Connell,T. Seyboth Wild,clay,99.99995035534288,4.96446571185416e-05
1616,C. O&apos;Connell,T. Seyboth Wild,grass,98.91833113058306,1.0816688694169407
1617,C. O&apos;Connell,U. Humbert,hard,0.00014888575324522785,99.99985111424675
1618,C. O&apos;Connell,U. Humbert,clay,100.0,0.0
1619,C. O&apos;Connell,U. Humbert,grass,0.00014888575324522785,99.99985111424675
1620,C. O&apos;Connell,E. Ruusuvuori,hard,100.0,0.0
1621,C. O&apos;Connell,E. Ruusuvuori,clay,54.359200218571544,45.640799781428456
1622,C. O&apos;Connell,E. Ruusuvuori,grass,30.46634661369926,69.53365338630074
1623,C. O&apos;Connell,T. Daniel,hard,100.0,0.0
1624,C. O&apos;Connell,T. Daniel,clay,99.99902123127353,0.000978768726467294
1625,C. O&apos;Connell,T. Daniel,grass,99.9995208495394,0.000479150460608313
1626,C. O&apos;Connell,S. Baez,hard,3.5032597609682595e-35,100.0
1627,C. O&apos;Connell,S. Baez,clay,2.7588980236047275e-27,100.0
1628,C. O&apos;Connell,S. Baez,grass,1.252537764935129e-31,100.0
1629,C. O&apos;Connell,D. Altmaier,hard,4.207522232038335e-35,100.0
1630,C. O&apos;Connell,D. Altmaier,clay,5.048718069778925e-27,100.0
1631,C. O&apos;Connell,D. Altmaier,grass,9.746318680452302e-30,100.0
1632,S. Kirchheimer,D. King,hard,5.702594897189993e-48,100.0
1633,S. Kirchheimer,D. King,clay,9.235904403347219e-54,100.0
1634,S. Kirchheimer,D. King,grass,9.235904403347219e-54,100.0
1635,L. Harris,R. Safiullin,hard,100.0,0.0
1636,L. Harris,R. Safiullin,clay,100.0,0.0
1637,L. Harris,R. Safiullin,grass,100.0,0.0
1638,L. Harris,C. Eubanks,hard,84.39532126306595,15.60467873693404
1639,L. Harris,C. Eubanks,clay,9.150349776493777e-08,99.9999999084965
1640,L. Harris,C. Eubanks,grass,9.150349776493777e-08,99.9999999084965
1641,L. Harris,A. Fils,hard,1.5022765366319713e-21,100.0
1642,L. Harris,A. Fils,clay,1.7603024481603098e-31,100.0
1643,L. Harris,A. Fils,grass,1.668878484492721e-23,100.0
1644,Y. Wickmayer,L. Fernandez,hard,100.0,0.0
1645,Y. Wickmayer,L. Fernandez,clay,100.0,0.0
1646,Y. Wickmayer,L. Fernandez,grass,100.0,0.0
1647,B. Zapata Miralles,H. Hurkacz,hard,99.99999999998208,1.7918999617450027e-11
1648,B. Zapata Miralles,H. Hurkacz,clay,100.0,0.0
1649,B. Zapata Miralles,H. Hurkacz,grass,99.99994140319586,5.85968041311169e-05
1650,B. Zapata Miralles,R. Carballes Baena,hard,100.0,0.0
1651,B. Zapata Miralles,R. Carballes Baena,clay,100.0,0.0
1652,B. Zapata Miralles,R. Carballes Baena,grass,99.99999999981317,1.8682833058392134e-10
1653,B. Zapata Miralles,S. Baez,hard,1.2721181392332806e-29,100.0
1654,B. Zapata Miralles,S. Baez,clay,7.344341043372167e-29,100.0
1655,B. Zapata Miralles,S. Baez,grass,1.391325372389285e-32,100.0
1656,D. Evans,B. Van De Zandschulp,hard,100.0,0.0
1657,D. Evans,B. Van De Zandschulp,clay,99.99999999999997,2.220446049250313e-14
1658,D. Evans,B. Van De Zandschulp,grass,99.99999999999312,6.8833827526759706e-12
1659,D. Evans,J. Chardy,hard,100.0,0.0
1660,D. Evans,J. Chardy,clay,0.7658278520237101,99.23417214797628
1661,D. Evans,J. Chardy,grass,0.0019129107456943707,99.99808708925431
1662,D. Evans,A. Rublev,hard,1.4431285308391138e-34,100.0
1663,D. Evans,A. Rublev,clay,2.3165504049417393e-43,100.0
1664,D. Evans,A. Rublev,grass,7.981718345215197e-38,100.0
1665,D. Evans,F. Misolic,hard,2.1248102440855895e-07,99.99999978751897
1666,D. Evans,F. Misolic,clay,4.7410925083045446e-08,99.99999995258908
1667,D. Evans,F. Misolic,grass,1.1751993380294373e-10,99.99999999988248
1668,D. Evans,I. Ivashka,hard,6.495534931415217e-16,100.0
1669,D. Evans,I. Ivashka,clay,1.449349749496398e-16,100.0
1670,D. Evans,I. Ivashka,grass,3.592578846315037e-19,100.0
1671,A. Mannarino,D. Stricker,hard,100.0,0.0
1672,A. Mannarino,D. Stricker,clay,99.99999995829344,4.170654932522666e-08
1673,A. Mannarino,D. Stricker,grass,99.99999999792355,2.0764501229564303e-09
1674,A. Mannarino,A. Rinderknech,hard,100.0,0.0
1675,A. Mannarino,A. Rinderknech,clay,100.0,0.0
1676,A. Mannarino,A. Rinderknech,grass,100.0,0.0
1677,A. Mannarino,S. Ofner,hard,100.0,0.0
1678,A. Mannarino,S. Ofner,clay,99.99999999994785,5.2158277696889854e-11
1679,A. Mannarino,S. Ofner,grass,99.99999999895233,1.0476730594177752e-09
1680,A. Mannarino,R. Hijikata,hard,99.99989906471221,0.00010093528779453464
1681,A. Mannarino,R. Hijikata,clay,99.99999996260209,3.739790699341938e-08
1682,A. Mannarino,R. Hijikata,grass,100.0,0.0
1683,A. Mannarino,C. H. Tseng,hard,100.0,0.0
1684,A. Mannarino,C. H. Tseng,clay,100.0,0.0
1685,A. Mannarino,C. H. Tseng,grass,100.0,0.0
1686,A. Mannarino,U. Humbert,hard,99.9999999888348,1.1165202096208304e-08
1687,A. Mannarino,U. Humbert,clay,94.11869364578668,5.881306354213322
1688,A. Mannarino,U. Humbert,grass,100.0,0.0
1689,A. Mannarino,A. Zverev,hard,4.309559844868313e-32,100.0
1690,A. Mannarino,A. Zverev,clay,2.4750930978133995e-33,100.0
1691,A. Mannarino,A. Zverev,grass,1.0155126297003946e-31,100.0
1692,A. Mannarino,C. Eubanks,hard,1.5510013522181124e-07,99.99999984489986
1693,A. Mannarino,C. Eubanks,clay,9.059363771540175e-10,99.99999999909407
1694,A. Mannarino,C. Eubanks,grass,5.566265479889584e-15,99.99999999999999
1695,A. Kerber,M. Sakkari,hard,2.3145433657022202e-24,100.0
1696,A. Kerber,M. Sakkari,clay,4.005960726610029e-17,100.0
1697,A. Kerber,M. Sakkari,grass,2.3145433657022367e-24,100.0
1698,A. Kerber,D. Collins,hard,5.601902145589824e-11,99.99999999994398
1699,A. Kerber,D. Collins,clay,4.4018178184718194e-08,99.99999995598182
1700,A. Kerber,D. Collins,grass,2.5432596394623368e-15,100.0
1701,M. Chwalinska,L. Siegemund,hard,1.8935480160608815e-37,100.0
1702,M. Chwalinska,L. Siegemund,clay,1.8710751216279358e-31,100.0
1703,M. Chwalinska,L. Siegemund,grass,7.901271966837098e-37,100.0
1704,M. Chwalinska,M. Timofeeva,hard,1.861685716001903e-39,100.0
1705,M. Chwalinska,M. Timofeeva,clay,3.5010443985835826e-39,100.0
1706,M. Chwalinska,M. Timofeeva,grass,5.332083527576832e-47,100.0
1707,A. Shevchenko,G. Barrere,hard,2.832497263613261e-13,99.99999999999972
1708,A. Shevchenko,G. Barrere,clay,8.8887859113861e-15,99.99999999999999
1709,A. Shevchenko,G. Barrere,grass,9.259482676493407e-07,99.99999907405174
1710,A. Shevchenko,D. Medvedev,hard,1.6199636646458844e-38,100.0
1711,A. Shevchenko,D. Medvedev,clay,7.354623659270176e-43,100.0
1712,A. Shevchenko,D. Medvedev,grass,1.6199636646458844e-38,100.0
1713,A. Shevchenko,U. Humbert,hard,2.4672013799727607e-46,100.0
1714,A. Shevchenko,U. Humbert,clay,7.547226272789743e-53,100.0
1715,A. Shevchenko,U. Humbert,grass,2.4672013799727607e-46,100.0
1716,A. Shevchenko,A. De Minaur,hard,2.8140071918612234e-52,100.0
1717,A. Shevchenko,A. De Minaur,clay,5.652084535424427e-51,100.0
1718,A. Shevchenko,A. De Minaur,grass,9.199038396455799e-46,100.0
1719,A. Shevchenko,Wu Tung-Lin,hard,2.529740597592277e-17,100.0
1720,A. Shevchenko,Wu Tung-Lin,clay,2.529740597592277e-17,100.0
1721,A. Shevchenko,Wu Tung-Lin,grass,2.529740597592277e-17,100.0
1722,M. Vondrousova,J. Pegula,hard,99.99995436475714,4.563524285128295e-05
1723,M. Vondrousova,J. Pegula,clay,99.99991111472247,8.888527753825315e-05
1724,M. Vondrousova,J. Pegula,grass,100.0,0.0
1725,M. Vondrousova,M. Bjorklund,hard,99.99999620301872,3.7969812738403164e-06
1726,M. Vondrousova,M. Bjorklund,clay,100.0,0.0
1727,M. Vondrousova,M. Bjorklund,grass,99.99999998166835,1.8331647311242705e-08
1728,M. Vondrousova,E. Svitolina,hard,99.99972230835695,0.00027769164304691785
1729,M. Vondrousova,E. Svitolina,clay,99.99945913195738,0.0005408680426199908
1730,M. Vondrousova,E. Svitolina,grass,100.0,0.0
1731,M. Vondrousova,O. Danilovic,hard,99.99963637450571,0.00036362549428181623
1732,M. Vondrousova,O. Danilovic,clay,100.0,0.0
1733,M. Vondrousova,O. Danilovic,grass,99.99984196868674,0.0001580313132687472
1734,M. Vondrousova,K. Kanepi,hard,100.0,0.0
1735,M. Vondrousova,K. Kanepi,clay,0.0017886000517002986,99.9982113999483
1736,M. Vondrousova,K. Kanepi,grass,98.3184994782227,1.6815005217773016
1737,M. Vondrousova,O. Jabeur,hard,99.9998908001541,0.00010919984588797504
1738,M. Vondrousova,O. Jabeur,clay,4.951099772887576e-13,99.9999999999995
1739,M. Vondrousova,O. Jabeur,grass,100.0,0.0
1740,M. Vondrousova,K. Muchova,hard,2.086108127091787e-34,100.0
1741,M. Vondrousova,K. Muchova,clay,3.592951089071971e-38,100.0
1742,M. Vondrousova,K. Muchova,grass,5.8477000508059143e-33,100.0
1743,M. Vondrousova,Q. Zheng,hard,9.625078595136796e-20,100.0
1744,M. Vondrousova,Q. Zheng,clay,1.2249200360723478e-22,100.0
1745,M. Vondrousova,Q. Zheng,grass,1.2249200360723478e-22,100.0
1746,M. Vondrousova,I. Swiatek,hard,2.3640400614521043e-20,100.0
1747,M. Vondrousova,I. Swiatek,clay,3.008557289925393e-23,100.0
1748,M. Vondrousova,I. Swiatek,grass,3.008557289925393e-23,100.0
1749,M. Vondrousova,M. Keys,hard,7.041275859110206e-43,100.0
1750,M. Vondrousova,M. Keys,clay,1.8915930163249812e-45,100.0
1751,M. Vondrousova,M. Keys,grass,8.211458734343547e-38,100.0
1752,M. Vondrousova,A. Pavlyuchenkova,hard,2.7938108549463484e-39,100.0
1753,M. Vondrousova,A. Pavlyuchenkova,clay,2.076758401266163e-44,100.0
1754,M. Vondrousova,A. Pavlyuchenkova,grass,1.3635989253282617e-36,100.0
1755,M. Vondrousova,A. Sabalenka,hard,1.4033667657585817e-37,100.0
1756,M. Vondrousova,A. Sabalenka,clay,6.352232164306877e-39,100.0
1757,M. Vondrousova,A. Sabalenka,grass,5.838373435191391e-34,100.0
1758,A. Bondar,T. Babos,hard,99.99999999999272,7.283063041541027e-12
1759,A. Bondar,T. Babos,clay,100.0,0.0
1760,A. Bondar,T. Babos,grass,99.99999999987187,1.2811973704174306e-10
1761,A. Bondar,Q. Zheng,hard,4.6217374950594395e-08,99.99999995378262
1762,A. Bondar,Q. Zheng,clay,2.2433122321983058e-06,99.99999775668776
1763,A. Bondar,Q. Zheng,grass,3.416560062388736e-14,99.99999999999997
1764,A. Bondar,A. Bogdan,hard,4.703817630575881e-19,100.0
1765,A. Bondar,A. Bogdan,clay,6.419234093983367e-19,100.0
1766,A. Bondar,A. Bogdan,grass,3.19594846706473e-20,100.0
1767,L. Stefanini,L. Fruhvirtova,hard,99.9997626237051,0.0002373762948981728
1768,L. Stefanini,L. Fruhvirtova,clay,100.0,0.0
1769,L. Stefanini,L. Fruhvirtova,grass,99.99714925747104,0.002850742528959227
1770,L. Stefanini,E. Arango,hard,2.263515763430313e-13,99.99999999999977
1771,L. Stefanini,E. Arango,clay,4.326726170225593e-26,100.0
1772,L. Stefanini,E. Arango,grass,9.530248599196908e-22,100.0
1773,I. Ivashka,D. Evans,hard,1.3480815426827675e-07,99.99999986519185
1774,I. Ivashka,D. Evans,clay,100.0,0.0
1775,I. Ivashka,D. Evans,grass,0.00024373826697528445,99.99975626173303
1776,I. Ivashka,B. Van De Zandschulp,hard,2.901485873097868e-30,100.0
1777,I. Ivashka,B. Van De Zandschulp,clay,2.901485873097868e-30,100.0
1778,I. Ivashka,B. Van De Zandschulp,grass,2.901485873097868e-30,100.0
1779,A. Ayeni,A. Celikbilek,hard,1.9776807814861734e-50,100.0
1780,A. Ayeni,A. Celikbilek,clay,5.614783873654504e-50,100.0
1781,A. Ayeni,A. Celikbilek,grass,1.9776807814861734e-50,100.0
1782,T. Korpatsch,V. Tomova,hard,99.99999999999997,2.220446049250313e-14
1783,T. Korpatsch,V. Tomova,clay,0.0010397064977941957,99.99896029350221
1784,T. Korpatsch,V. Tomova,grass,0.4699654478727572,99.53003455212725
1785,T. Korpatsch,M. Andreeva,hard,7.068939346906835e-45,100.0
1786,T. Korpatsch,M. Andreeva,clay,4.808443411794655e-38,100.0
1787,T. Korpatsch,M. Andreeva,grass,8.464525627164349e-44,100.0
1788,T. Korpatsch,M. Timofeeva,hard,8.663643646224897e-38,100.0
1789,T. Korpatsch,M. Timofeeva,clay,1.0069970772134278e-36,100.0
1790,T. Korpatsch,M. Timofeeva,grass,1.3098310720091171e-41,100.0
1791,Y. Shimizu,F. Comesana,hard,2.895955497286656e-35,100.0
1792,Y. Shimizu,F. Comesana,clay,1.8884001978331925e-34,100.0
1793,Y. Shimizu,F. Comesana,grass,1.8884001978331925e-34,100.0
1794,Y. Shimizu,J. Draper,hard,2.8286441865703754e-25,100.0
1795,Y. Shimizu,J. Draper,clay,5.642391885623448e-31,100.0
1796,Y. Shimizu,J. Draper,grass,5.642391885623448e-31,100.0
1797,S. Park,B. Haddad Maia,hard,4.860247457990376e-66,100.0
1798,S. Park,B. Haddad Maia,clay,2.1502385638922557e-60,100.0
1799,S. Park,B. Haddad Maia,grass,2.3580229076958372e-57,100.0
1800,D. Dzumhur,A. Rublev,hard,3.434294737928741e-33,100.0
1801,D. Dzumhur,A. Rublev,clay,8.076687084123637e-35,100.0
1802,D. Dzumhur,A. Rublev,grass,3.434294737928741e-33,100.0
1803,J. Lehecka,A. Rinderknech,hard,100.0,0.0
1804,J. Lehecka,A. Rinderknech,clay,100.0,0.0
1805,J. Lehecka,A. Rinderknech,grass,100.0,0.0
1806,J. Lehecka,A. Rublev,hard,100.0,0.0
1807,J. Lehecka,A. Rublev,clay,0.0024749842890808534,99.99752501571092
1808,J. Lehecka,A. Rublev,grass,99.99998392368214,1.6076317865820755e-05
1809,J. Lehecka,F. Bagnis,hard,100.0,0.0
1810,J. Lehecka,F. Bagnis,clay,99.99999999813079,1.8692158931798986e-09
1811,J. Lehecka,F. Bagnis,grass,99.99999999999896,1.0436096431476471e-12
1812,J. Lehecka,R. Albot,hard,100.0,0.0
1813,J. Lehecka,R. Albot,clay,100.0,0.0
1814,J. Lehecka,R. Albot,grass,100.0,0.0
1815,J. Lehecka,B. Nakashima,hard,100.0,0.0
1816,J. Lehecka,B. Nakashima,clay,4.0648223846396565,95.93517761536035
1817,J. Lehecka,B. Nakashima,grass,99.9999999918269,8.173106635922522e-09
1818,J. Lehecka,T. Paul,hard,99.99909328146407,0.0009067185359312724
1819,J. Lehecka,T. Paul,clay,0.19839669405631324,99.80160330594369
1820,J. Lehecka,T. Paul,grass,100.0,0.0
1821,J. Lehecka,K. Khachanov,hard,5.415070581049168e-36,100.0
1822,J. Lehecka,K. Khachanov,clay,1.984249133731691e-40,100.0
1823,J. Lehecka,K. Khachanov,grass,1.7405818545393228e-28,100.0
1824,J. Lehecka,A. Murray,hard,1.6743240302870596e-21,100.0
1825,J. Lehecka,A. Murray,clay,1.1237084857225671e-27,100.0
1826,J. Lehecka,A. Murray,grass,3.3067096103376945e-19,100.0
1827,J. Lehecka,F. Auger-Aliassime,hard,1.6400690228459764e-33,100.0
1828,J. Lehecka,F. Auger-Aliassime,clay,1.4705298819549356e-35,100.0
1829,J. Lehecka,F. Auger-Aliassime,grass,3.1974606976483975e-26,100.0
1830,R. A. Burruchaga,F. Comesana,hard,99.99868842783482,0.001311572165185737
1831,R. A. Burruchaga,F. Comesana,clay,100.0,0.0
1832,R. A. Burruchaga,F. Comesana,grass,99.99999999989635,1.0365042157900461e-10
1833,E. Leshem,G. Mpetshi Perricard,hard,4.7074349439687444e-32,100.0
1834,E. Leshem,G. Mpetshi Perricard,clay,2.1371721581765083e-36,100.0
1835,E. Leshem,G. Mpetshi Perricard,grass,2.1371721581765083e-36,100.0
1836,M. Frech,H. Baptiste,hard,99.99988934279128,0.00011065720871838991
1837,M. Frech,H. Baptiste,clay,4.122069998772807e-19,100.0
1838,M. Frech,H. Baptiste,grass,2.586831392479684e-12,99.99999999999741
1839,M. Frech,K. Muchova,hard,1.3316335195832835e-47,100.0
1840,M. Frech,K. Muchova,clay,1.8021699954016852e-48,100.0
1841,M. Frech,K. Muchova,grass,2.9331180170318858e-43,100.0
1842,M. Frech,N. Hibino,hard,2.2073761538634808e-29,100.0
1843,M. Frech,N. Hibino,clay,2.2073761538634808e-29,100.0
1844,M. Frech,N. Hibino,grass,2.2073761538634808e-29,100.0
1845,M. Frech,E. Alexandrova,hard,8.686537338275229e-42,100.0
1846,M. Frech,E. Alexandrova,clay,1.590994810813553e-43,100.0
1847,M. Frech,E. Alexandrova,grass,3.504399278009971e-39,100.0
1848,M. Frech,S. Rogers,hard,2.5465616881702736e-42,100.0
1849,M. Frech,S. Rogers,clay,1.5646615782968137e-47,100.0
1850,M. Frech,S. Rogers,grass,2.5465616881702736e-42,100.0
1851,M. Frech,O. Jabeur,hard,3.7637310216804465e-42,100.0
1852,M. Frech,O. Jabeur,clay,1.7087312402918001e-46,100.0
1853,M. Frech,O. Jabeur,grass,3.7637310216804465e-42,100.0
1854,S. Kenin,L. Fernandez,hard,100.0,0.0
1855,S. Kenin,L. Fernandez,clay,100.0,0.0
1856,S. Kenin,L. Fernandez,grass,100.0,0.0
1857,S. Kenin,O. Jabeur,hard,0.00677241496197706,99.99322758503803
1858,S. Kenin,O. Jabeur,clay,100.0,0.0
1859,S. Kenin,O. Jabeur,grass,0.00677241496197706,99.99322758503803
1860,S. Kenin,C. Garcia,hard,2.8699645084907933e-20,100.0
1861,S. Kenin,C. Garcia,clay,99.99999989114197,1.0885803369831137e-07
1862,S. Kenin,C. Garcia,grass,1.7718030170144846e-11,99.99999999998228
1863,S. Kenin,B. Krejcikova,hard,1.2636130160975193e-41,100.0
1864,S. Kenin,B. Krejcikova,clay,2.2177988302522885e-48,100.0
1865,S. Kenin,B. Krejcikova,grass,1.2636130160975193e-41,100.0
1866,S. Kenin,E. Cocciaretto,hard,4.5863175485485075e-42,100.0
1867,S. Kenin,E. Cocciaretto,clay,1.4992751741878773e-35,100.0
1868,S. Kenin,E. Cocciaretto,grass,1.4992751741878773e-35,100.0
1869,S. Kenin,M. Bouzkova,hard,3.975449735908647e-29,100.0
1870,S. Kenin,M. Bouzkova,clay,3.975449735908647e-29,100.0
1871,S. Kenin,M. Bouzkova,grass,3.975449735908647e-29,100.0
1872,Xiy. Wang,Y. Yuan,hard,5.265809666854101e-21,100.0
1873,Xiy. Wang,Y. Yuan,clay,1.4760920134722308e-19,100.0
1874,Xiy. Wang,Y. Yuan,grass,2.3906738901778823e-25,100.0
1875,S. Rogers,S. Stephens,hard,100.0,0.0
1876,S. Rogers,S. Stephens,clay,100.0,0.0
1877,S. Rogers,S. Stephens,grass,99.99999999988016,1.198374732780394e-10
1878,S. Rogers,M. Frech,hard,100.0,0.0
1879,S. Rogers,M. Frech,clay,100.0,0.0
1880,S. Rogers,M. Frech,grass,100.0,0.0
1881,S. Rogers,B. Bencic,hard,1.2544822978567296e-30,100.0
1882,S. Rogers,B. Bencic,clay,4.4972097048312985e-21,100.0
1883,S. Rogers,B. Bencic,grass,2.763181142393178e-26,100.0
1884,S. Rogers,A. Sabalenka,hard,1.3984635676804072e-37,100.0
1885,S. Rogers,A. Sabalenka,clay,8.09536921050644e-31,100.0
1886,S. Rogers,A. Sabalenka,grass,4.571601697516513e-31,100.0
1887,J. Pegula,E. Navarro,hard,99.99999999975684,2.431610468534018e-10
1888,J. Pegula,E. Navarro,clay,5.02596170866619e-13,99.9999999999995
1889,J. Pegula,E. Navarro,grass,1.6429955869066017e-06,99.99999835700442
1890,J. Pegula,M. Sakkari,hard,100.0,0.0
1891,J. Pegula,M. Sakkari,clay,64.16424532015624,35.83575467984376
1892,J. Pegula,M. Sakkari,grass,64.16424532015624,35.83575467984376
1893,J. Pegula,M. Bouzkova,hard,99.99999999906362,9.363843034293495e-10
1894,J. Pegula,M. Bouzkova,clay,100.0,0.0
1895,J. Pegula,M. Bouzkova,grass,99.99999962223612,3.7776388683852247e-07
1896,J. Pegula,A. Potapova,hard,100.0,0.0
1897,J. Pegula,A. Potapova,clay,99.99999999830965,1.6903589639127858e-09
1898,J. Pegula,A. Potapova,grass,99.99999999830965,1.6903589639127858e-09
1899,J. Pegula,J. Niemeier,hard,100.0,0.0
1900,J. Pegula,J. Niemeier,clay,91.6827303506078,8.3172696493922
1901,J. Pegula,J. Niemeier,grass,99.99999722491683,2.7750831743666993e-06
1902,J. Pegula,C. Gauff,hard,100.0,0.0
1903,J. Pegula,C. Gauff,clay,99.99999979568028,2.0431971670120674e-07
1904,J. Pegula,C. Gauff,grass,99.99999979568028,2.0431971670120674e-07
1905,J. Pegula,P. Stearns,hard,99.99999999997824,2.1760371282653068e-11
1906,J. Pegula,P. Stearns,clay,1.3861277433286923e-06,99.99999861387225
1907,J. Pegula,P. Stearns,grass,1.3861277433286923e-06,99.99999861387225
1908,J. Pegula,E. Rybakina,hard,4.5369812315811335e-05,99.99995463018769
1909,J. Pegula,E. Rybakina,clay,2.317985154745554e-16,100.0
1910,J. Pegula,E. Rybakina,grass,2.317985154745554e-16,100.0
1911,J. Pegula,I. Swiatek,hard,0.04393242732452829,99.95606757267547
1912,J. Pegula,I. Swiatek,clay,2.2455333415026836e-13,99.99999999999977
1913,J. Pegula,I. Swiatek,grass,2.2455333415026836e-13,99.99999999999977
1914,J. Pegula,E. Alexandrova,hard,1.3678679391614039e-30,100.0
1915,J. Pegula,E. Alexandrova,clay,6.210110836228352e-35,100.0
1916,J. Pegula,E. Alexandrova,grass,1.3678679391614039e-30,100.0
1917,J. Pegula,V. Kudermetova,hard,1.8395891007213875e-22,100.0
1918,J. Pegula,V. Kudermetova,clay,4.559885487584848e-25,100.0
1919,J. Pegula,V. Kudermetova,grass,4.559885487584848e-25,100.0
1920,J. Pegula,J. Ostapenko,hard,7.459901660253186e-22,100.0
1921,J. Pegula,J. Ostapenko,clay,1.8491247478069567e-24,100.0
1922,J. Pegula,J. Ostapenko,grass,1.8491247478069567e-24,100.0
1923,J. Pegula,M. Vondrousova,hard,3.99605677564009e-31,100.0
1924,J. Pegula,M. Vondrousova,clay,7.783255811901316e-31,100.0
1925,J. Pegula,M. Vondrousova,grass,7.783255811901316e-31,100.0
1926,J. Pegula,M. Keys,hard,7.07777483684299e-45,100.0
1927,J. Pegula,M. Keys,clay,3.703418057352961e-47,100.0
1928,J. Pegula,M. Keys,grass,1.6076642433930616e-39,100.0
1929,J. Pegula,C. Burel,hard,1.945545171950078e-22,100.0
1930,J. Pegula,C. Burel,clay,4.82252432977398e-25,100.0
1931,J. Pegula,C. Burel,grass,4.82252432977398e-25,100.0
1932,K. Day,M. Keys,hard,9.582618453439014e-13,99.99999999999905
1933,K. Day,M. Keys,clay,99.99999999999645,3.552713678800501e-12
1934,K. Day,M. Keys,grass,4.856697826986439e-08,99.99999995143301
1935,M. Keys,M. Andreeva,hard,99.99999983004759,1.6995240770256714e-07
1936,M. Keys,M. Andreeva,clay,99.99999999594526,4.054734326075504e-09
1937,M. Keys,M. Andreeva,grass,100.0,0.0
1938,M. Keys,M. Vondrousova,hard,100.0,0.0
1939,M. Keys,M. Vondrousova,clay,100.0,0.0
1940,M. Keys,M. Vondrousova,grass,99.99999999999064,9.370282327836321e-12
1941,M. Keys,J. Pegula,hard,100.0,0.0
1942,M. Keys,J. Pegula,clay,100.0,0.0
1943,M. Keys,J. Pegula,grass,99.99999999999983,1.7763568394002505e-13
1944,M. Keys,O. Jabeur,hard,100.0,0.0
1945,M. Keys,O. Jabeur,clay,100.0,0.0
1946,M. Keys,O. Jabeur,grass,99.99999999503177,4.968225830737083e-09
1947,M. Keys,C. Gauff,hard,100.0,0.0
1948,M. Keys,C. Gauff,clay,100.0,0.0
1949,M. Keys,C. Gauff,grass,100.0,0.0
1950,M. Keys,B. Haddad Maia,hard,2.4688180464761927e-34,100.0
1951,M. Keys,B. Haddad Maia,clay,1.5828043338711454e-35,100.0
1952,M. Keys,B. Haddad Maia,grass,1.307113258348912e-33,100.0
1953,M. Keys,A. Kalinina,hard,5.75930147645886e-13,99.99999999999942
1954,M. Keys,A. Kalinina,clay,8.346025271000719e-20,100.0
1955,M. Keys,A. Kalinina,grass,6.284985949788473e-21,100.0
1956,M. Keys,K. Day,hard,9.137910274979066e-11,99.99999999990862
1957,M. Keys,K. Day,clay,3.553348436262067e-12,99.99999999999645
1958,M. Keys,K. Day,grass,1.802976234137517e-15,100.0
1959,M. Keys,I. Swiatek,hard,1.3347186647117614e-06,99.99999866528132
1960,M. Keys,I. Swiatek,clay,6.322907784525767e-07,99.99999936770922
1961,M. Keys,I. Swiatek,grass,1.45654611082402e-14,99.99999999999999
1962,M. Keys,C. Garcia,hard,1.410617069934462e-32,100.0
1963,M. Keys,C. Garcia,clay,1.8729679159865485e-28,100.0
1964,M. Keys,C. Garcia,grass,9.503477354948089e-32,100.0
1965,M. Keys,A. Sabalenka,hard,7.923299910341614e-24,100.0
1966,M. Keys,A. Sabalenka,clay,1.3350112557026915e-22,100.0
1967,M. Keys,A. Sabalenka,grass,2.826557482898116e-25,100.0
1968,X. You,Z. Li,hard,100.0,0.0
1969,X. You,Z. Li,clay,100.0,0.0
1970,X. You,Z. Li,grass,100.0,0.0
1971,O. Danilovic,M. Vondrousova,hard,3.1841021324128564e-30,100.0
1972,O. Danilovic,M. Vondrousova,clay,9.086059900576068e-23,100.0
1973,O. Danilovic,M. Vondrousova,grass,1.383805082450182e-30,100.0
1974,A. Karatsev,D. Medvedev,hard,100.0,0.0
1975,A. Karatsev,D. Medvedev,clay,100.0,0.0
1976,A. Karatsev,D. Medvedev,grass,99.99999999050956,9.490430663561256e-09
1977,A. Karatsev,Z. Zhang,hard,1.3347330469536067,98.6652669530464
1978,A. Karatsev,Z. Zhang,clay,100.0,0.0
1979,A. Karatsev,Z. Zhang,grass,7.893922088794808,92.1060779112052
1980,A. Karatsev,J. Kubler,hard,3.6577885424939703e-22,100.0
1981,A. Karatsev,J. Kubler,clay,1.6457278914895428e-24,100.0
1982,A. Karatsev,J. Kubler,grass,7.773868108526484e-25,100.0
1983,A. Karatsev,J-L. Struff,hard,5.173535979230154e-31,100.0
1984,A. Karatsev,J-L. Struff,clay,3.941709812576693e-24,100.0
1985,A. Karatsev,J-L. Struff,grass,2.4218702123668566e-29,100.0
1986,M. Arnaldi,F. Ferreira Silva,hard,99.99999999996238,3.7614356074300304e-11
1987,M. Arnaldi,F. Ferreira Silva,clay,100.0,0.0
1988,M. Arnaldi,F. Ferreira Silva,grass,100.0,0.0
1989,M. Arnaldi,D. Schwartzman,hard,0.031673039411640645,99.96832696058836
1990,M. Arnaldi,D. Schwartzman,clay,100.0,0.0
1991,M. Arnaldi,D. Schwartzman,grass,0.031673039411640645,99.96832696058836
1992,M. Arnaldi,M. Fucsovics,hard,100.0,0.0
1993,M. Arnaldi,M. Fucsovics,clay,99.9936640291384,0.006335970861592877
1994,M. Arnaldi,M. Fucsovics,grass,99.99956493914532,0.0004350608546865864
1995,M. Arnaldi,A. Fils,hard,99.99999999999936,6.439293542825908e-13
1996,M. Arnaldi,A. Fils,clay,100.0,0.0
1997,M. Arnaldi,A. Fils,grass,0.008973503702557077,99.99102649629744
1998,M. Arnaldi,B. Van De Zandschulp,hard,1.0847117480763575e-21,100.0
1999,M. Arnaldi,B. Van De Zandschulp,clay,5.725830326765751e-18,100.0
2000,M. Arnaldi,B. Van De Zandschulp,grass,1.0847117480763575e-21,100.0
2001,M. Arnaldi,C. Alcaraz,hard,2.879891347238355e-50,100.0
2002,M. Arnaldi,C. Alcaraz,clay,5.306013320833974e-46,100.0
2003,M. Arnaldi,C. Alcaraz,grass,1.397223048241821e-41,100.0
2004,M. Arnaldi,M. Purcell,hard,9.89129080895944e-25,100.0
2005,M. Arnaldi,M. Purcell,clay,5.221281412802811e-21,100.0
2006,M. Arnaldi,M. Purcell,grass,9.89129080895944e-25,100.0
2007,M. Arnaldi,T. Machac,hard,6.368927248715864e-40,100.0
2008,M. Arnaldi,T. Machac,clay,1.0990251912146514e-29,100.0
2009,M. Arnaldi,T. Machac,grass,2.0820133820063157e-33,100.0
2010,K. Volynets,M. Andreeva,hard,100.0,0.0
2011,K. Volynets,M. Andreeva,clay,93.84665581717425,6.153344182825748
2012,K. Volynets,M. Andreeva,grass,1.9915549658509753e-05,99.99998008445034
2013,K. Volynets,O. Jabeur,hard,100.0,0.0
2014,K. Volynets,O. Jabeur,clay,99.99592370709915,0.004076292900845324
2015,K. Volynets,O. Jabeur,grass,98.11802729208028,1.8819727079197102
2016,K. Volynets,V. Kudermetova,hard,100.0,0.0
2017,K. Volynets,V. Kudermetova,clay,100.0,0.0
2018,K. Volynets,V. Kudermetova,grass,99.99999999382041,6.179590172905591e-09
2019,K. Volynets,V. Gracheva,hard,8.411042248310162e-14,99.99999999999991
2020,K. Volynets,V. Gracheva,clay,1.7388454592184935e-12,99.99999999999825
2021,K. Volynets,V. Gracheva,grass,1.677778942887941e-19,100.0
2022,K. Volynets,E. Navarro,hard,5.173348640678579e-43,100.0
2023,K. Volynets,E. Navarro,clay,6.021637908751354e-39,100.0
2024,K. Volynets,E. Navarro,grass,1.8993527045925466e-39,100.0
2025,S. Cirstea,S. Stephens,hard,100.0,0.0
2026,S. Cirstea,S. Stephens,clay,99.99999982914267,1.7085732828547862e-07
2027,S. Cirstea,S. Stephens,grass,99.99999982914267,1.7085732828547862e-07
2028,S. Cirstea,V. Kudermetova,hard,100.0,0.0
2029,S. Cirstea,V. Kudermetova,clay,99.99999998589078,1.4109224899527817e-08
2030,S. Cirstea,V. Kudermetova,grass,99.99999998589078,1.4109224899527817e-08
2031,S. Cirstea,E. Alexandrova,hard,100.0,0.0
2032,S. Cirstea,E. Alexandrova,clay,49.11602826324157,50.883971736758426
2033,S. Cirstea,E. Alexandrova,grass,99.99529681007438,0.004703189925625573
2034,S. Cirstea,A. Bogdan,hard,99.95008992812812,0.04991007187188368
2035,S. Cirstea,A. Bogdan,clay,1.0553859326870445,98.94461406731295
2036,S. Cirstea,A. Bogdan,grass,100.0,0.0
2037,S. Cirstea,J. Paolini,hard,6.491129304541417e-42,100.0
2038,S. Cirstea,J. Paolini,clay,7.382522188838234e-38,100.0
2039,S. Cirstea,J. Paolini,grass,7.382522188838234e-38,100.0
2040,D. Kudla,E. Nava,hard,100.0,0.0
2041,D. Kudla,E. Nava,clay,8.335079796520219,91.66492020347978
2042,D. Kudla,E. Nava,grass,99.99966358549467,0.00033641450533083983
2043,D. Kudla,J. Thompson,hard,9.224004837306625e-52,100.0
2044,D. Kudla,J. Thompson,clay,5.2026504720198093e-45,100.0
2045,D. Kudla,J. Thompson,grass,1.2164762714389263e-42,100.0
2046,D. Kudla,C. Lestienne,hard,5.205332776317453e-55,100.0
2047,D. Kudla,C. Lestienne,clay,4.8709541548124795e-68,100.0
2048,D. Kudla,C. Lestienne,grass,5.205332776317453e-55,100.0
2049,K. Khachanov,L. van Assche,hard,100.0,0.0
2050,K. Khachanov,L. van Assche,clay,100.0,0.0
2051,K. Khachanov,L. van Assche,grass,100.0,0.0
2052,K. Khachanov,M. McDonald,hard,100.0,0.0
2053,K. Khachanov,M. McDonald,clay,99.99999999952254,4.774625139702948e-10
2054,K. Khachanov,M. McDonald,grass,99.99998035192444,1.964807556653625e-05
2055,K. Khachanov,L. Sonego,hard,99.99999999992015,7.984723993104126e-11
2056,K. Khachanov,L. Sonego,clay,100.0,0.0
2057,K. Khachanov,L. Sonego,grass,99.99999710040926,2.899590745286673e-06
2058,K. Khachanov,J. Lehecka,hard,100.0,0.0
2059,K. Khachanov,J. Lehecka,clay,99.99999999999997,2.220446049250313e-14
2060,K. Khachanov,J. Lehecka,grass,99.98012637698938,0.019873623010624453
2061,K. Khachanov,F. Cobolli,hard,100.0,0.0
2062,K. Khachanov,F. Cobolli,clay,100.0,0.0
2063,K. Khachanov,F. Cobolli,grass,100.0,0.0
2064,K. Khachanov,S. Korda,hard,100.0,0.0
2065,K. Khachanov,S. Korda,clay,100.0,0.0
2066,K. Khachanov,S. Korda,grass,100.0,0.0
2067,K. Khachanov,N. Djokovic,hard,2.6930613517199867e-22,100.0
2068,K. Khachanov,N. Djokovic,clay,9.034214381506709e-26,100.0
2069,K. Khachanov,N. Djokovic,grass,9.034214381506773e-26,100.0
2070,K. Khachanov,G. Dimitrov,hard,8.817177962149044e-18,100.0
2071,K. Khachanov,G. Dimitrov,clay,1.992972663443077e-23,100.0
2072,K. Khachanov,G. Dimitrov,grass,4.1078228246767183e-32,100.0
2073,K. Khachanov,S. Tsitsipas,hard,5.877454767507835e-21,100.0
2074,K. Khachanov,S. Tsitsipas,clay,7.852119014759795e-17,100.0
2075,K. Khachanov,S. Tsitsipas,grass,2.9262124233894046e-22,100.0
2076,J. Riera,A. Eala,hard,8.543023382113773e-25,100.0
2077,J. Riera,A. Eala,clay,99.99999632149617,3.678503834869673e-06
2078,J. Riera,A. Eala,grass,2.3804543434215425e-17,100.0
2079,J. Riera,E. Jacquemot,hard,100.0,0.0
2080,J. Riera,E. Jacquemot,clay,0.0003190032731652614,99.99968099672684
2081,J. Riera,E. Jacquemot,grass,55.02464905778663,44.97535094221337
2082,J. Riera,E. Arango,hard,0.36756849226035054,99.63243150773965
2083,J. Riera,E. Arango,clay,100.0,0.0
2084,J. Riera,E. Arango,grass,0.36756849226035054,99.63243150773965
2085,J. Riera,J. Grabher,hard,6.767838284748108e-50,100.0
2086,J. Riera,J. Grabher,clay,7.0277646676012e-48,100.0
2087,J. Riera,J. Grabher,grass,1.8858113012113813e-42,100.0
2088,C. Kuhl,A. Kalinskaya,hard,3.76323113850542e-43,100.0
2089,C. Kuhl,A. Kalinskaya,clay,8.43009776338632e-40,100.0
2090,C. Kuhl,A. Kalinskaya,grass,1.7811346497056518e-41,100.0
2091,M. Hontama,R. Bhosale,hard,2.0570571529753802e-13,99.99999999999979
2092,M. Hontama,R. Bhosale,clay,0.000737431623198742,99.9992625683768
2093,M. Hontama,R. Bhosale,grass,0.000737431623198742,99.9992625683768
2094,M. Hontama,S. Bandecchi,hard,4.482992916355172e-28,100.0
2095,M. Hontama,S. Bandecchi,clay,1.1112228449395249e-30,100.0
2096,M. Hontama,S. Bandecchi,grass,1.4654981724234677e-21,100.0
2097,M. Kecmanovic,B. Nakashima,hard,99.99999977135036,2.2864963256097326e-07
2098,M. Kecmanovic,B. Nakashima,clay,100.0,0.0
2099,M. Kecmanovic,B. Nakashima,grass,99.99999679814042,3.2018595885752177e-06
2100,M. Kecmanovic,L. Musetti,hard,57.71919738863806,42.28080261136194
2101,M. Kecmanovic,L. Musetti,clay,99.99999999012599,9.874012718569247e-09
2102,M. Kecmanovic,L. Musetti,grass,95.42847170643589,4.571528293564109
2103,M. Kecmanovic,H. Rune,hard,100.0,0.0
2104,M. Kecmanovic,H. Rune,clay,99.99999501782024,4.982179757639926e-06
2105,M. Kecmanovic,H. Rune,grass,99.99978087351046,0.00021912648954236502
2106,M. Kecmanovic,C. Garin,hard,100.0,0.0
2107,M. Kecmanovic,C. Garin,clay,100.0,0.0
2108,M. Kecmanovic,C. Garin,grass,99.99999925400843,7.459915685181784e-07
2109,E. Nava,D. Kudla,hard,2.9458271468586762e-30,100.0
2110,E. Nava,D. Kudla,clay,9.629960119381031e-24,100.0
2111,E. Nava,D. Kudla,grass,2.9458271468586762e-30,100.0
2112,D. Stricker,C. Ruud,hard,99.99999999999969,3.1086244689504383e-13
2113,D. Stricker,C. Ruud,clay,5.48932820313123e-08,99.99999994510672
2114,D. Stricker,C. Ruud,grass,6.044375511378338e-06,99.99999395562449
2115,D. Stricker,B. Hassan,hard,100.0,0.0
2116,D. Stricker,B. Hassan,clay,99.99999999999997,2.220446049250313e-14
2117,D. Stricker,B. Hassan,grass,99.99999992315662,7.684337610669445e-08
2118,D. Stricker,A. Mannarino,hard,6.525347862819135e-43,100.0
2119,D. Stricker,A. Mannarino,clay,3.652038737974329e-34,100.0
2120,D. Stricker,A. Mannarino,grass,1.8182430232961547e-35,100.0
2121,V. Tomova,E. Mandlik,hard,0.030799741866896886,99.9692002581331
2122,V. Tomova,E. Mandlik,clay,0.007738114260737271,99.99226188573927
2123,V. Tomova,E. Mandlik,grass,2.216457065951377e-10,99.99999999977835
2124,V. Tomova,T. Korpatsch,hard,2.5777503042888717e-14,99.99999999999997
2125,V. Tomova,T. Korpatsch,clay,8.422011153400034e-20,100.0
2126,V. Tomova,T. Korpatsch,grass,1.8544678608015886e-22,100.0
2127,L. Hietaranta,D. Frayman,hard,100.0,0.0
2128,L. Hietaranta,D. Frayman,clay,100.0,0.0
2129,L. Hietaranta,D. Frayman,grass,100.0,0.0
2130,S. Hosogi,D. Papamichail,hard,1.2392103406380934e-56,100.0
2131,S. Hosogi,D. Papamichail,clay,7.835712007091362e-51,100.0
2132,S. Hosogi,D. Papamichail,grass,3.901171294079444e-52,100.0
2133,G. Zeppieri,F. Bagnis,hard,1.1591440842171162e-54,100.0
2134,G. Zeppieri,F. Bagnis,clay,3.789262148503974e-48,100.0
2135,G. Zeppieri,F. Bagnis,grass,3.789262148503974e-48,100.0
2136,D. Goffin,A. Bublik,hard,6.174851762501928e-38,100.0
2137,D. Goffin,A. Bublik,clay,5.938261809320473e-35,100.0
2138,D. Goffin,A. Bublik,grass,5.938261809320473e-35,100.0
2139,T. Griekspoor,T. Fritz,hard,100.0,0.0
2140,T. Griekspoor,T. Fritz,clay,99.99999999994533,5.466738173254271e-11
2141,T. Griekspoor,T. Fritz,grass,99.99982130526534,0.00017869473465381702
2142,T. Griekspoor,A. Michelsen,hard,100.0,0.0
2143,T. Griekspoor,A. Michelsen,clay,0.5490030895850129,99.45099691041499
2144,T. Griekspoor,A. Michelsen,grass,8.68925162527787e-09,99.99999999131074
2145,T. Griekspoor,J. Draper,hard,100.0,0.0
2146,T. Griekspoor,J. Draper,clay,100.0,0.0
2147,T. Griekspoor,J. Draper,grass,100.0,0.0
2148,T. Griekspoor,G. Pella,hard,100.0,0.0
2149,T. Griekspoor,G. Pella,clay,99.99999995219233,4.7807668934751746e-08
2150,T. Griekspoor,G. Pella,grass,81.17237845807892,18.82762154192108
2151,T. Griekspoor,H. Hurkacz,hard,4.270375915920581e-18,100.0
2152,T. Griekspoor,H. Hurkacz,clay,1.3959933056129033e-11,99.99999999998604
2153,T. Griekspoor,H. Hurkacz,grass,4.270375915920581e-18,100.0
2154,T. Griekspoor,C. Ruud,hard,7.72480284936506e-39,100.0
2155,T. Griekspoor,C. Ruud,clay,1.54525428882807e-36,100.0
2156,T. Griekspoor,C. Ruud,grass,1.7015010573316494e-34,100.0
2157,T. Griekspoor,P. Kotov,hard,3.0619417406900067e-26,100.0
2158,T. Griekspoor,P. Kotov,clay,3.0619417406900067e-26,100.0
2159,T. Griekspoor,P. Kotov,grass,3.0619417406900067e-26,100.0
2160,S. Korda,H. Hurkacz,hard,100.0,0.0
2161,S. Korda,H. Hurkacz,clay,99.99855384110546,0.0014461588945358095
2162,S. Korda,H. Hurkacz,grass,99.99855384110546,0.0014461588945358095
2163,S. Korda,M. Fucsovics,hard,100.0,0.0
2164,S. Korda,M. Fucsovics,clay,0.03905098937768054,99.96094901062233
2165,S. Korda,M. Fucsovics,grass,96.7777378198812,3.2222621801188067
2166,S. Korda,K. Khachanov,hard,4.110007427525695e-50,100.0
2167,S. Korda,K. Khachanov,clay,1.378753892336612e-53,100.0
2168,S. Korda,K. Khachanov,grass,6.689234015975013e-45,100.0
2169,S. Korda,A. Vukic,hard,1.1474865086892778e-40,100.0
2170,S. Korda,A. Vukic,clay,1.3343240522073605e-50,100.0
2171,S. Korda,A. Vukic,grass,2.844334681108828e-43,100.0
2172,K. Juvan,A. Danilina,hard,99.99999999883882,1.1611822614554512e-09
2173,K. Juvan,A. Danilina,clay,98.49171620448102,1.508283795518972
2174,K. Juvan,A. Danilina,grass,99.99620422917357,0.003795770826431344
2175,K. Juvan,A. Tomljanovic,hard,4.1829683074712306e-10,99.9999999995817
2176,K. Juvan,A. Tomljanovic,clay,1.7402243816495177e-06,99.99999825977561
2177,K. Juvan,A. Tomljanovic,grass,1.7402243816495177e-06,99.99999825977561
2178,K. Juvan,H. Sakatsume,hard,100.0,0.0
2179,K. Juvan,H. Sakatsume,clay,99.9999999960415,3.958500194300996e-09
2180,K. Juvan,H. Sakatsume,grass,99.99999999999997,2.220446049250313e-14
2181,B. Paire,O. Otte,hard,1.3444052663150883e-24,100.0
2182,B. Paire,O. Otte,clay,6.244507247691418e-17,100.0
2183,B. Paire,O. Otte,grass,4.262252975339011e-24,100.0
2184,M. Sherif,A. Konjuh,hard,99.99999999969984,3.001598969376573e-10
2185,M. Sherif,A. Konjuh,clay,100.0,0.0
2186,M. Sherif,A. Konjuh,grass,99.9999999781919,2.180811087271195e-08
2187,M. Sherif,P. Stearns,hard,3.4543223463526296e-50,100.0
2188,M. Sherif,P. Stearns,clay,1.4556841440991108e-39,100.0
2189,M. Sherif,P. Stearns,grass,6.608795789846251e-44,100.0
2190,M. Krueger,P. Kotov,hard,100.0,0.0
2191,M. Krueger,P. Kotov,clay,0.012840159969663263,99.98715984003034
2192,M. Krueger,P. Kotov,grass,0.0024254455641563545,99.99757455443584
2193,M. Krueger,A. Kovacevic,hard,9.946278874923569e-46,100.0
2194,M. Krueger,A. Kovacevic,clay,1.1303232769023881e-30,100.0
2195,M. Krueger,A. Kovacevic,grass,6.530723639587825e-38,100.0
2196,A. Tomljanovic,K. Juvan,hard,2.093372485519387e-13,99.99999999999979
2197,A. Tomljanovic,K. Juvan,clay,5.031828482953155e-17,100.0
2198,A. Tomljanovic,K. Juvan,grass,5.031828482953155e-17,100.0
2199,A. Tomljanovic,D. Galfi,hard,2.379748031138897e-22,100.0
2200,A. Tomljanovic,D. Galfi,clay,6.053283316221051e-35,100.0
2201,A. Tomljanovic,D. Galfi,grass,1.2763464383130187e-26,100.0
2202,P. Carreno-Busta,R. Gasquet,hard,2.1392851200218957e-07,99.9999997860715
2203,P. Carreno-Busta,R. Gasquet,clay,4.0405876738669857e-08,99.99999995959412
2204,P. Carreno-Busta,R. Gasquet,grass,1.2360251461264032e-14,99.99999999999999
2205,Z. Zhang,M. Cressy,hard,100.0,0.0
2206,Z. Zhang,M. Cressy,clay,100.0,0.0
2207,Z. Zhang,M. Cressy,grass,100.0,0.0
2208,Z. Zhang,A. Tabilo,hard,0.0074846227510611775,99.99251537724894
2209,Z. Zhang,A. Tabilo,clay,0.055277863692360346,99.94472213630765
2210,Z. Zhang,A. Tabilo,grass,1.1399918530430639e-10,99.999999999886
2211,Z. Zhang,A. Karatsev,hard,6.472930852731783e-23,100.0
2212,Z. Zhang,A. Karatsev,clay,3.045666839074494e-20,100.0
2213,Z. Zhang,A. Karatsev,grass,1.0217074015514664e-23,100.0
2214,J. De Jong,P. Cachin,hard,100.0,0.0
2215,J. De Jong,P. Cachin,clay,0.15688640925941452,99.84311359074059
2216,J. De Jong,P. Cachin,grass,0.09521519363942965,99.90478480636057
2217,M. Linette,Ka. Pliskova,hard,100.0,0.0
2218,M. Linette,Ka. Pliskova,clay,99.99999998874578,1.125421977832275e-08
2219,M. Linette,Ka. Pliskova,grass,99.99999998874578,1.125421977832275e-08
2220,M. Linette,E. Jacquemot,hard,100.0,0.0
2221,M. Linette,E. Jacquemot,clay,99.99999999999972,2.886579864025407e-13
2222,M. Linette,E. Jacquemot,grass,100.0,0.0
2223,M. Linette,S. Stephens,hard,1.8554434105817205e-12,99.99999999999815
2224,M. Linette,S. Stephens,clay,2.7375430861178747e-18,100.0
2225,M. Linette,S. Stephens,grass,2.7375430861178747e-18,100.0
2226,M. Linette,D. Kasatkina,hard,1.4068622427152753e-23,100.0
2227,M. Linette,D. Kasatkina,clay,1.0436100422797539e-25,100.0
2228,M. Linette,D. Kasatkina,grass,1.0436100422797539e-25,100.0
2229,M. Kostyuk,N. Hibino,hard,100.0,0.0
2230,M. Kostyuk,N. Hibino,clay,100.0,0.0
2231,M. Kostyuk,N. Hibino,grass,100.0,0.0
2232,M. Kostyuk,E. Avanesyan,hard,100.0,0.0
2233,M. Kostyuk,E. Avanesyan,clay,100.0,0.0
2234,M. Kostyuk,E. Avanesyan,grass,100.0,0.0
2235,M. Kostyuk,C. Gauff,hard,8.525050162829136e-17,100.0
2236,M. Kostyuk,C. Gauff,clay,2.744479974263959e-13,99.99999999999972
2237,M. Kostyuk,C. Gauff,grass,8.395427926981385e-20,100.0
2238,A. Sharma,Ar. Rodionova,hard,99.9872734412703,0.012726558729692083
2239,A. Sharma,Ar. Rodionova,clay,100.0,0.0
2240,A. Sharma,Ar. Rodionova,grass,99.99999996681208,3.31879190795803e-08
2241,T. Skatov,M. Cecchinato,hard,1.0048654927391414e-46,100.0
2242,T. Skatov,M. Cecchinato,clay,9.31464467197586e-37,100.0
2243,T. Skatov,M. Cecchinato,grass,1.39678469734065e-38,100.0
2244,M. I. Higuita Barraza,R. Zarazua,hard,99.92284570923631,0.0771542907636813
2245,M. I. Higuita Barraza,R. Zarazua,clay,0.0007986394558092901,99.99920136054419
2246,M. I. Higuita Barraza,R. Zarazua,grass,99.97419855301348,0.02580144698651754
2247,U. Humbert,B. Van De Zandschulp,hard,100.0,0.0
2248,U. Humbert,B. Van De Zandschulp,clay,100.0,0.0
2249,U. Humbert,B. Van De Zandschulp,grass,100.0,0.0
2250,U. Humbert,G. Monfils,hard,100.0,0.0
2251,U. Humbert,G. Monfils,clay,99.9995997696013,0.00040023039868941623
2252,U. Humbert,G. Monfils,grass,99.99196177155846,0.008038228441531459
2253,U. Humbert,A. Shevchenko,hard,100.0,0.0
2254,U. Humbert,A. Shevchenko,clay,100.0,0.0
2255,U. Humbert,A. Shevchenko,grass,100.0,0.0
2256,U. Humbert,H. Hurkacz,hard,100.0,0.0
2257,U. Humbert,H. Hurkacz,clay,100.0,0.0
2258,U. Humbert,H. Hurkacz,grass,100.0,0.0
2259,U. Humbert,P. Kotov,hard,100.0,0.0
2260,U. Humbert,P. Kotov,clay,99.9999999386393,6.136069430340285e-08
2261,U. Humbert,P. Kotov,grass,99.9999999386393,6.136069430340285e-08
2262,U. Humbert,K. Anderson,hard,6.404914579347175e-05,99.99993595085421
2263,U. Humbert,K. Anderson,clay,6.950210686740641,93.04978931325935
2264,U. Humbert,K. Anderson,grass,100.0,0.0
2265,U. Humbert,A. Rublev,hard,1.4182016743114001e-30,100.0
2266,U. Humbert,A. Rublev,clay,3.3352906549022115e-32,100.0
2267,U. Humbert,A. Rublev,grass,1.4182016743114001e-30,100.0
2268,U. Humbert,C. O&apos;Connell,hard,5.881353678667158e-19,100.0
2269,U. Humbert,C. O&apos;Connell,clay,8.728702792505529e-17,100.0
2270,U. Humbert,C. O&apos;Connell,grass,5.881353678667158e-19,100.0
2271,U. Humbert,A. Mannarino,hard,9.77681259255703e-35,100.0
2272,U. Humbert,A. Mannarino,clay,5.471784657700695e-26,100.0
2273,U. Humbert,A. Mannarino,grass,2.7242411684717155e-27,100.0
2274,U. Humbert,T. Fritz,hard,3.941317133767324e-31,100.0
2275,U. Humbert,T. Fritz,clay,3.171760995957345e-19,100.0
2276,U. Humbert,T. Fritz,grass,9.702490487405409e-26,100.0
2277,F. Ferreira Silva,M. Arnaldi,hard,3.294633119835446e-37,100.0
2278,F. Ferreira Silva,M. Arnaldi,clay,5.2938564602333154e-45,100.0
2279,F. Ferreira Silva,M. Arnaldi,grass,2.794449670090115e-41,100.0
2280,L. Miyazaki,L. Fruhvirtova,hard,6.967379527222047e-55,100.0
2281,L. Miyazaki,L. Fruhvirtova,clay,8.466091953642342e-53,100.0
2282,L. Miyazaki,L. Fruhvirtova,grass,1.3778970300491668e-47,100.0
2283,Xin. Wang,H. Watson,hard,99.9999999999996,3.9968028886505635e-13
2284,Xin. Wang,H. Watson,clay,95.8626348939925,4.137365106007495
2285,Xin. Wang,H. Watson,grass,0.1050809752278499,99.89491902477215
2286,Xin. Wang,E. Shibahara,hard,100.0,0.0
2287,Xin. Wang,E. Shibahara,clay,99.99999999999993,6.661338147750939e-14
2288,Xin. Wang,E. Shibahara,grass,99.99999999849483,1.5051737634053097e-09
2289,Xin. Wang,L. Zhu,hard,1.3182485173976126e-37,100.0
2290,Xin. Wang,L. Zhu,clay,1.3064634787582913e-28,100.0
2291,Xin. Wang,L. Zhu,grass,4.309377304608398e-31,100.0
2292,Xin. Wang,K. Muchova,hard,4.8553407196082766e-37,100.0
2293,Xin. Wang,K. Muchova,clay,1.4473566697925224e-33,100.0
2294,Xin. Wang,K. Muchova,grass,1.069459962825824e-32,100.0
2295,Xin. Wang,A. Pavlyuchenkova,hard,6.50249305428624e-42,100.0
2296,Xin. Wang,A. Pavlyuchenkova,clay,8.365853163886429e-40,100.0
2297,Xin. Wang,A. Pavlyuchenkova,grass,2.493825680730521e-36,100.0
2298,D. Frayman,L. Hietaranta,hard,2.3463291905650757e-56,100.0
2299,D. Frayman,L. Hietaranta,clay,1.2977180025231614e-59,100.0
2300,D. Frayman,L. Hietaranta,grass,2.3463291905650757e-56,100.0
2301,E. Shibahara,Xin. Wang,hard,1.3180121192971145e-35,100.0
2302,E. Shibahara,Xin. Wang,clay,5.98376576421928e-40,100.0
2303,E. Shibahara,Xin. Wang,grass,1.3180121192971145e-35,100.0
2304,B. Coric,D. Altmaier,hard,99.99999999999723,2.7755575615628914e-12
2305,B. Coric,D. Altmaier,clay,100.0,0.0
2306,B. Coric,D. Altmaier,grass,100.0,0.0
2307,B. Coric,A. Bublik,hard,5.7364586964279994e-36,100.0
2308,B. Coric,A. Bublik,clay,3.549798685774837e-25,100.0
2309,B. Coric,A. Bublik,grass,6.704703667277087e-26,100.0
2310,B. Coric,T. M. Etcheverry,hard,4.269038374621785e-28,100.0
2311,B. Coric,T. M. Etcheverry,clay,1.351491875793984e-25,100.0
2312,B. Coric,T. M. Etcheverry,grass,2.552638427706566e-26,100.0
2313,B. Coric,C. Ruud,hard,7.749873010058595e-32,100.0
2314,B. Coric,C. Ruud,clay,1.501320074395424e-33,100.0
2315,B. Coric,C. Ruud,grass,1.0207012564371276e-25,100.0
2316,A. Muhammad,L. Fernandez,hard,100.0,0.0
2317,A. Muhammad,L. Fernandez,clay,100.0,0.0
2318,A. Muhammad,L. Fernandez,grass,100.0,0.0
2319,M. Bjorklund,M. Vondrousova,hard,3.324830857280925e-32,100.0
2320,M. Bjorklund,M. Vondrousova,clay,4.472811345926828e-27,100.0
2321,M. Bjorklund,M. Vondrousova,grass,1.60521171169001e-34,100.0
2322,M. Bjorklund,P. Stearns,hard,6.041266189871504e-48,100.0
2323,M. Bjorklund,P. Stearns,clay,1.4376858093060722e-37,100.0
2324,M. Bjorklund,P. Stearns,grass,5.159596326212735e-45,100.0
2325,S. Vickery,G. Minnen,hard,7.651219196458595e-16,100.0
2326,S. Vickery,G. Minnen,clay,1.0530974926787669e-17,100.0
2327,S. Vickery,G. Minnen,grass,7.651219196458595e-16,100.0
2328,M. Ymer,B. Gojo,hard,100.0,0.0
2329,M. Ymer,B. Gojo,clay,5.326812869447531e-08,99.99999994673188
2330,M. Ymer,B. Gojo,grass,0.009402864616595964,99.99059713538341
2331,M. Ymer,R. Safiullin,hard,100.0,0.0
2332,M. Ymer,R. Safiullin,clay,99.99999999999997,2.220446049250313e-14
2333,M. Ymer,R. Safiullin,grass,99.9999999997081,2.9189983763444616e-10
2334,M. Ymer,B. Van De Zandschulp,hard,1.0654917565152286e-16,100.0
2335,M. Ymer,B. Van De Zandschulp,clay,4.2815748927208806e-18,100.0
2336,M. Ymer,B. Van De Zandschulp,grass,2.7782025021531923e-22,100.0
2337,R. Peniston,H. Rocha,hard,2.0213425107154695e-12,99.99999999999798
2338,R. Peniston,H. Rocha,clay,2.1631312618333327e-10,99.99999999978368
2339,R. Peniston,H. Rocha,grass,1.457506379432918e-12,99.99999999999855
2340,F. Cerundolo,L. Sonego,hard,100.0,0.0
2341,F. Cerundolo,L. Sonego,clay,8.596522592803334e-14,99.99999999999991
2342,F. Cerundolo,L. Sonego,grass,2.7001546689246726e-05,99.99997299845332
2343,F. Cerundolo,F. Coria,hard,30.03508375476104,69.96491624523897
2344,F. Cerundolo,F. Coria,clay,100.0,0.0
2345,F. Cerundolo,F. Coria,grass,0.42312719760610723,99.5768728023939
2346,F. Cerundolo,T. Paul,hard,9.753636840343232e-07,99.99999902463632
2347,F. Cerundolo,T. Paul,clay,99.99999999986375,1.362465695819992e-10
2348,F. Cerundolo,T. Paul,grass,0.00012563155798418353,99.99987436844202
2349,F. Cerundolo,M. Navone,hard,8.751553882945079e-42,100.0
2350,F. Cerundolo,M. Navone,clay,8.662616748007439e-44,100.0
2351,F. Cerundolo,M. Navone,grass,2.831824464030458e-37,100.0
2352,F. Cerundolo,B. Shelton,hard,3.812187856856624e-39,100.0
2353,F. Cerundolo,B. Shelton,clay,2.06298565313373e-36,100.0
2354,F. Cerundolo,B. Shelton,grass,2.06298565313373e-36,100.0
2355,F. Cerundolo,F. Marozsan,hard,1.6777702316893234e-46,100.0
2356,F. Cerundolo,F. Marozsan,clay,1.26073284315962e-47,100.0
2357,F. Cerundolo,F. Marozsan,grass,1.26073284315962e-47,100.0
2358,F. Cerundolo,T. Fritz,hard,5.636526357949794e-40,100.0
2359,F. Cerundolo,T. Fritz,clay,1.3734641127311358e-36,100.0
2360,F. Cerundolo,T. Fritz,grass,1.3734641127311358e-36,100.0
2361,F. Misolic,D. Evans,hard,99.99999978751897,2.1248103276860775e-07
2362,F. Misolic,D. Evans,clay,1.8469394434314555e-15,100.0
2363,F. Misolic,D. Evans,grass,7.451085513176903e-13,99.99999999999926
2364,F. Misolic,J. Sousa,hard,0.2806666267424943,99.7193333732575
2365,F. Misolic,J. Sousa,clay,3.5653855161239735e-28,100.0
2366,F. Misolic,J. Sousa,grass,4.265636651174685e-20,100.0
2367,P. Cachin,C. H. Tseng,hard,99.99999999999996,4.440892098500626e-14
2368,P. Cachin,C. H. Tseng,clay,100.0,0.0
2369,P. Cachin,C. H. Tseng,grass,99.99999999999996,4.440892098500626e-14
2370,P. Cachin,H. Dellien,hard,1.11356531914853e-36,100.0
2371,P. Cachin,H. Dellien,clay,5.924704688481515e-25,100.0
2372,P. Cachin,H. Dellien,grass,3.640264373678995e-30,100.0
2373,P. Cachin,J. De Jong,hard,2.8105666649926524e-28,100.0
2374,P. Cachin,J. De Jong,clay,5.572677090804072e-22,100.0
2375,P. Cachin,J. De Jong,grass,9.187791254351983e-22,100.0
2376,P. Cachin,P. Kotov,hard,8.067899487106771e-32,100.0
2377,P. Cachin,P. Kotov,clay,4.0167706334963926e-33,100.0
2378,P. Cachin,P. Kotov,grass,8.067899487106771e-32,100.0
2379,P. Cachin,A. Davidovich Fokina,hard,2.279792576740826e-46,100.0
2380,P. Cachin,A. Davidovich Fokina,clay,6.4605649200341866e-40,100.0
2381,P. Cachin,A. Davidovich Fokina,grass,1.1060760109882523e-37,100.0
2382,J. Fourlis,P. Stearns,hard,85.62737265427617,14.372627345723831
2383,J. Fourlis,P. Stearns,clay,99.9999998261611,1.7383889883149095e-07
2384,J. Fourlis,P. Stearns,grass,100.0,0.0
2385,J. Fourlis,C. Garcia,hard,3.719182126872306e-34,100.0
2386,J. Fourlis,C. Garcia,clay,7.240967279067989e-30,100.0
2387,J. Fourlis,C. Garcia,grass,2.2154406025212863e-32,100.0
2388,B. Andreescu,S. Sorribes Tormo,hard,100.0,0.0
2389,B. Andreescu,S. Sorribes Tormo,clay,100.0,0.0
2390,B. Andreescu,S. Sorribes Tormo,grass,100.0,0.0
2391,B. Andreescu,E. Raducanu,hard,100.0,0.0
2392,B. Andreescu,E. Raducanu,clay,99.99914077631087,0.0008592236891313831
2393,B. Andreescu,E. Raducanu,grass,99.99999999973717,2.6283419884975956e-10
2394,B. Andreescu,C. Bucsa,hard,2.655912246811363e-40,100.0
2395,B. Andreescu,C. Bucsa,clay,1.4019671968142502e-36,100.0
2396,B. Andreescu,C. Bucsa,grass,1.4019671968142502e-36,100.0
2397,B. Andreescu,E. Alexandrova,hard,2.3272344043153427e-09,99.99999999767276
2398,B. Andreescu,E. Alexandrova,clay,2.105483655956146e-20,100.0
2399,B. Andreescu,E. Alexandrova,grass,4.637636372944199e-16,100.0
2400,A. Sabalenka,P. Martic,hard,100.0,0.0
2401,A. Sabalenka,P. Martic,clay,100.0,0.0
2402,A. Sabalenka,P. Martic,grass,100.0,0.0
2403,A. Sabalenka,I. Begu,hard,100.0,0.0
2404,A. Sabalenka,I. Begu,clay,100.0,0.0
2405,A. Sabalenka,I. Begu,grass,100.0,0.0
2406,A. Sabalenka,D. Collins,hard,100.0,0.0
2407,A. Sabalenka,D. Collins,clay,100.0,0.0
2408,A. Sabalenka,D. Collins,grass,99.99999999999997,2.220446049250313e-14
2409,A. Sabalenka,C. Gauff,hard,100.0,0.0
2410,A. Sabalenka,C. Gauff,clay,100.0,0.0
2411,A. Sabalenka,C. Gauff,grass,99.99999999999993,6.661338147750939e-14
2412,A. Sabalenka,A. Anisimova,hard,100.0,0.0
2413,A. Sabalenka,A. Anisimova,clay,0.0027352088780245084,99.99726479112198
2414,A. Sabalenka,A. Anisimova,grass,37.59697146677287,62.40302853322712
2415,A. Sabalenka,A. Potapova,hard,100.0,0.0
2416,A. Sabalenka,A. Potapova,clay,100.0,0.0
2417,A. Sabalenka,A. Potapova,grass,100.0,0.0
2418,A. Sabalenka,M. Keys,hard,100.0,0.0
2419,A. Sabalenka,M. Keys,clay,0.6516386968954777,99.34836130310453
2420,A. Sabalenka,M. Keys,grass,100.0,0.0
2421,A. Sabalenka,S. Rogers,hard,100.0,0.0
2422,A. Sabalenka,S. Rogers,clay,99.99990755037085,9.244962915211374e-05
2423,A. Sabalenka,S. Rogers,grass,99.99994779199804,5.220800195493425e-05
2424,A. Sabalenka,Q. Zheng,hard,100.0,0.0
2425,A. Sabalenka,Q. Zheng,clay,100.0,0.0
2426,A. Sabalenka,Q. Zheng,grass,99.99999999999997,2.220446049250313e-14
2427,A. Sabalenka,L. Noskova,hard,100.0,0.0
2428,A. Sabalenka,L. Noskova,clay,99.9999999999983,1.709743457922741e-12
2429,A. Sabalenka,L. Noskova,grass,99.99999984291779,1.570822139029815e-07
2430,A. Sabalenka,M. Vondrousova,hard,100.0,0.0
2431,A. Sabalenka,M. Vondrousova,clay,99.99999999999926,7.327471962526033e-13
2432,A. Sabalenka,M. Vondrousova,grass,99.99999993332534,6.66746657884687e-08
2433,A. Sabalenka,J. Ostapenko,hard,100.0,0.0
2434,A. Sabalenka,J. Ostapenko,clay,100.0,0.0
2435,A. Sabalenka,J. Ostapenko,grass,99.99999999999997,2.220446049250313e-14
2436,A. Sabalenka,D. Kasatkina,hard,100.0,0.0
2437,A. Sabalenka,D. Kasatkina,clay,99.99999999960667,3.9332981316420046e-10
2438,A. Sabalenka,D. Kasatkina,grass,99.99996384893076,3.615106923815503e-05
2439,A. Sabalenka,E. Andreeva,hard,99.99455271280348,0.005447287196513884
2440,A. Sabalenka,E. Andreeva,clay,100.0,0.0
2441,A. Sabalenka,E. Andreeva,grass,99.99955283707918,0.0004471629208246952
2442,A. Sabalenka,M. Bouzkova,hard,100.0,0.0
2443,A. Sabalenka,M. Bouzkova,clay,100.0,0.0
2444,A. Sabalenka,M. Bouzkova,grass,99.99999999999989,1.1102230246251565e-13
2445,A. Sabalenka,M. Sakkari,hard,100.0,0.0
2446,A. Sabalenka,M. Sakkari,clay,99.99999999982528,1.7472689961550714e-10
2447,A. Sabalenka,M. Sakkari,grass,99.99998394153478,1.6058465224233487e-05
2448,A. Sabalenka,E. Navarro,hard,0.010147988581892453,99.98985201141811
2449,A. Sabalenka,E. Navarro,clay,100.0,0.0
2450,A. Sabalenka,E. Navarro,grass,5.4053325470961155,94.59466745290388
2451,A. Sabalenka,L. Bronzetti,hard,100.0,0.0
2452,A. Sabalenka,L. Bronzetti,clay,99.99999999999997,2.220446049250313e-14
2453,A. Sabalenka,L. Bronzetti,grass,99.99999999892499,1.0750067502840466e-09
2454,A. Sabalenka,B. Bencic,hard,100.0,0.0
2455,A. Sabalenka,B. Bencic,clay,99.99999999999918,8.215650382226158e-13
2456,A. Sabalenka,B. Bencic,grass,99.99999992488715,7.511284927375073e-08
2457,A. Sabalenka,B. Krejcikova,hard,99.99999989546637,1.0453362619955442e-07
2458,A. Sabalenka,B. Krejcikova,clay,100.0,0.0
2459,A. Sabalenka,B. Krejcikova,grass,99.65944151775028,0.34055848224971985
2460,A. Sabalenka,P. Stearns,hard,100.0,0.0
2461,A. Sabalenka,P. Stearns,clay,99.97743611556261,0.02256388443738766
2462,A. Sabalenka,P. Stearns,grass,4.599122631078019,95.40087736892198
2463,A. Sabalenka,I. Swiatek,hard,2.4894739977685947,97.5105260022314
2464,A. Sabalenka,I. Swiatek,clay,99.99971285269763,0.00028714730238021957
2465,A. Sabalenka,I. Swiatek,grass,7.809781138720501e-07,99.99999921902189
2466,A. Sabalenka,E. Rybakina,hard,5.0830354971811555e-25,100.0
2467,A. Sabalenka,E. Rybakina,clay,3.1478660270700066e-22,100.0
2468,A. Sabalenka,E. Rybakina,grass,3.4249223774476676e-27,100.0
2469,A. Sabalenka,K. Muchova,hard,5.909515748323338e-26,100.0
2470,A. Sabalenka,K. Muchova,clay,2.248594838589688e-28,100.0
2471,A. Sabalenka,K. Muchova,grass,3.9818003902464105e-28,100.0
2472,C. Bucsa,H. Watson,hard,100.0,0.0
2473,C. Bucsa,H. Watson,clay,100.0,0.0
2474,C. Bucsa,H. Watson,grass,100.0,0.0
2475,C. Bucsa,E. Lys,hard,100.0,0.0
2476,C. Bucsa,E. Lys,clay,100.0,0.0
2477,C. Bucsa,E. Lys,grass,100.0,0.0
2478,C. Bucsa,B. Andreescu,hard,100.0,0.0
2479,C. Bucsa,B. Andreescu,clay,99.99999999983989,1.6011636461144008e-10
2480,C. Bucsa,B. Andreescu,grass,99.99999999983989,1.6011636461144008e-10
2481,C. Bucsa,M. Bouzkova,hard,100.0,0.0
2482,C. Bucsa,M. Bouzkova,clay,100.0,0.0
2483,C. Bucsa,M. Bouzkova,grass,100.0,0.0
2484,C. Bucsa,P. Martic,hard,99.9999999899915,1.0008505135772339e-08
2485,C. Bucsa,P. Martic,clay,0.0934093021857099,99.9065906978143
2486,C. Bucsa,P. Martic,grass,0.0934093021857099,99.9065906978143
2487,C. Bucsa,A. Parks,hard,1.4182674526604049e-09,99.99999999858173
2488,C. Bucsa,A. Parks,clay,1.3271612091161676e-22,100.0
2489,C. Bucsa,A. Parks,grass,1.3271612091161676e-22,100.0
2490,C. Alcaraz,J. Sinner,hard,100.0,0.0
2491,C. Alcaraz,J. Sinner,clay,100.0,0.0
2492,C. Alcaraz,J. Sinner,grass,99.99999999997962,2.0383694732117874e-11
2493,C. Alcaraz,S. Tsitsipas,hard,99.99999999999886,1.1324274851176597e-12
2494,C. Alcaraz,S. Tsitsipas,clay,100.0,0.0
2495,C. Alcaraz,S. Tsitsipas,grass,99.99999999983167,1.6833201499366623e-10
2496,C. Alcaraz,F. Cobolli,hard,100.0,0.0
2497,C. Alcaraz,F. Cobolli,clay,100.0,0.0
2498,C. Alcaraz,F. Cobolli,grass,100.0,0.0
2499,C. Alcaraz,F. Marozsan,hard,100.0,0.0
2500,C. Alcaraz,F. Marozsan,clay,99.99999977992123,2.2007877742424853e-07
2501,C. Alcaraz,F. Marozsan,grass,76.5747065345016,23.4252934654984
2502,C. Alcaraz,J. Chardy,hard,99.99999999999991,8.881784197001252e-14
2503,C. Alcaraz,J. Chardy,clay,99.99999999999969,3.1086244689504383e-13
2504,C. Alcaraz,J. Chardy,grass,100.0,0.0
2505,C. Alcaraz,L. Sonego,hard,100.0,0.0
2506,C. Alcaraz,L. Sonego,clay,99.99999821171404,1.7882859526530126e-06
2507,C. Alcaraz,L. Sonego,grass,99.99999920860637,7.913936284076328e-07
2508,C. Alcaraz,H. Rune,hard,99.99999999999272,7.283063041541027e-12
2509,C. Alcaraz,H. Rune,clay,99.99999994695594,5.304405803485679e-08
2510,C. Alcaraz,H. Rune,grass,100.0,0.0
2511,C. Alcaraz,A. Rublev,hard,100.0,0.0
2512,C. Alcaraz,A. Rublev,clay,99.9999807889723,1.9211027701970806e-05
2513,C. Alcaraz,A. Rublev,grass,99.9999807889723,1.9211027701970806e-05
2514,C. Alcaraz,T. Fritz,hard,100.0,0.0
2515,C. Alcaraz,T. Fritz,clay,100.0,0.0
2516,C. Alcaraz,T. Fritz,grass,99.99999999971921,2.807976073881946e-10
2517,C. Alcaraz,F. Auger-Aliassime,hard,100.0,0.0
2518,C. Alcaraz,F. Auger-Aliassime,clay,99.99999994164186,5.83581405422251e-08
2519,C. Alcaraz,F. Auger-Aliassime,grass,99.99999325471614,6.745283853692996e-06
2520,C. Alcaraz,G. Barrere,hard,100.0,0.0
2521,C. Alcaraz,G. Barrere,clay,99.99999999999243,7.571721027943568e-12
2522,C. Alcaraz,G. Barrere,grass,99.99999999998988,1.0125233984581428e-11
2523,C. Alcaraz,J-L. Struff,hard,99.99999999180392,8.196088252532263e-09
2524,C. Alcaraz,J-L. Struff,clay,100.0,0.0
2525,C. Alcaraz,J-L. Struff,grass,99.99999999180392,8.196088252532263e-09
2526,C. Alcaraz,M. Arnaldi,hard,100.0,0.0
2527,C. Alcaraz,M. Arnaldi,clay,100.0,0.0
2528,C. Alcaraz,M. Arnaldi,grass,100.0,0.0
2529,C. Alcaraz,D. Medvedev,hard,100.0,0.0
2530,C. Alcaraz,D. Medvedev,clay,99.99999936946209,6.305379107729436e-07
2531,C. Alcaraz,D. Medvedev,grass,99.9960210302485,0.003978969751505801
2532,C. Alcaraz,N. Djokovic,hard,0.0017161339867670137,99.99828386601324
2533,C. Alcaraz,N. Djokovic,clay,2.23226486617178e-08,99.99999997767736
2534,C. Alcaraz,N. Djokovic,grass,100.0,0.0
2535,C. Alcaraz,A. Zverev,hard,6.300309704705126e-05,99.99993699690295
2536,C. Alcaraz,A. Zverev,clay,3.6582849744039537e-13,99.99999999999963
2537,C. Alcaraz,A. Zverev,grass,1.7574523968961773e-14,99.99999999999997
2538,C. Alcaraz,G. Dimitrov,hard,2.3870566639966237e-16,100.0
2539,C. Alcaraz,G. Dimitrov,clay,2.092075711714348e-23,100.0
2540,C. Alcaraz,G. Dimitrov,grass,1.5050670979585567e-31,100.0
2541,J. Isner,A. Bolt,hard,100.0,0.0
2542,J. Isner,A. Bolt,clay,100.0,0.0
2543,J. Isner,A. Bolt,grass,100.0,0.0
2544,E. Makarova,S. Bandecchi,hard,99.99999999999953,4.662936703425657e-13
2545,E. Makarova,S. Bandecchi,clay,1.008986304495335e-08,99.99999998991014
2546,E. Makarova,S. Bandecchi,grass,0.0006041182402908989,99.99939588175971
2547,E. Makarova,T. Babos,hard,3.4663833651878964e-48,100.0
2548,E. Makarova,T. Babos,clay,8.079272698233917e-41,100.0
2549,E. Makarova,T. Babos,grass,2.6649527498925918e-43,100.0
2550,A. Sasnovich,B. Haddad Maia,hard,1.1704598378873349e-29,100.0
2551,A. Sasnovich,B. Haddad Maia,clay,1.4345234713756925e-40,100.0
2552,A. Sasnovich,B. Haddad Maia,grass,5.142641620612077e-31,100.0
2553,A. Sasnovich,E. Alexandrova,hard,3.6425131452510395e-10,99.99999999963575
2554,A. Sasnovich,E. Alexandrova,clay,6.041757726110431e-22,100.0
2555,A. Sasnovich,E. Alexandrova,grass,1.330785698946806e-17,100.0
2556,L. Musetti,L. Nardi,hard,100.0,0.0
2557,L. Musetti,L. Nardi,clay,100.0,0.0
2558,L. Musetti,L. Nardi,grass,99.99999999999997,2.220446049250313e-14
2559,L. Musetti,N. Djokovic,hard,99.99999999999875,1.2434497875801753e-12
2560,L. Musetti,N. Djokovic,clay,100.0,0.0
2561,L. Musetti,N. Djokovic,grass,99.99999983059375,1.6940624458783304e-07
2562,L. Musetti,B. Shelton,hard,100.0,0.0
2563,L. Musetti,B. Shelton,clay,99.9999999999419,5.808686864838819e-11
2564,L. Musetti,B. Shelton,grass,99.9999999999419,5.808686864838819e-11
2565,L. Musetti,T. Atmane,hard,1.6433213371370363e-23,100.0
2566,L. Musetti,T. Atmane,clay,1.779048073078044e-28,100.0
2567,L. Musetti,T. Atmane,grass,4.2762885385091704e-32,100.0
2568,L. Musetti,M. Kecmanovic,hard,6.414370259325848e-25,100.0
2569,L. Musetti,M. Kecmanovic,clay,8.646192313124196e-35,100.0
2570,L. Musetti,M. Kecmanovic,grass,4.1948315831475267e-26,100.0
2571,L. Musetti,S. Tsitsipas,hard,3.1551951387972522e-18,100.0
2572,L. Musetti,S. Tsitsipas,clay,1.90861735977091e-24,100.0
2573,L. Musetti,S. Tsitsipas,grass,3.450861139432953e-21,100.0
2574,G. Dimitrov,C. Alcaraz,hard,100.0,0.0
2575,G. Dimitrov,C. Alcaraz,clay,4.017409971860775,95.98259002813923
2576,G. Dimitrov,C. Alcaraz,grass,99.99998281202546,1.718797453253984e-05
2577,G. Dimitrov,K. Khachanov,hard,100.0,0.0
2578,G. Dimitrov,K. Khachanov,clay,4.208772791561942,95.79122720843806
2579,G. Dimitrov,K. Khachanov,grass,99.9999953088362,4.691163790759845e-06
2580,G. Dimitrov,A. De Minaur,hard,100.0,0.0
2581,G. Dimitrov,A. De Minaur,clay,99.99988674237188,0.00011325762812042228
2582,G. Dimitrov,A. De Minaur,grass,99.99999999930411,6.958877918350481e-10
2583,G. Dimitrov,S. Tsitsipas,hard,100.0,0.0
2584,G. Dimitrov,S. Tsitsipas,clay,99.9999999988477,1.15230047725845e-09
2585,G. Dimitrov,S. Tsitsipas,grass,99.99999999999936,6.439293542825908e-13
2586,G. Dimitrov,T. Atmane,hard,0.007646585838503409,99.9923534141615
2587,G. Dimitrov,T. Atmane,clay,100.0,0.0
2588,G. Dimitrov,T. Atmane,grass,99.94859584614093,0.05140415385906927
2589,G. Dimitrov,A. Zverev,hard,99.99344287529789,0.006557124702111228
2590,G. Dimitrov,A. Zverev,clay,4.29219549717291e-13,99.99999999999957
2591,G. Dimitrov,A. Zverev,grass,2.8662037173381872e-06,99.99999713379628
2592,G. Dimitrov,H. Rune,hard,99.99999990999507,9.000493683686273e-08
2593,G. Dimitrov,H. Rune,clay,1.5219236374848195e-12,99.99999999999848
2594,G. Dimitrov,H. Rune,grass,1.678827248149532e-05,99.99998321172751
2595,G. Dimitrov,T. Fritz,hard,4.96577006646512e-14,99.99999999999996
2596,G. Dimitrov,T. Fritz,clay,99.99999997658362,2.3416379946183952e-08
2597,G. Dimitrov,T. Fritz,grass,0.03994589550807896,99.96005410449193
2598,G. Dimitrov,J. Sinner,hard,1.866217120937287e-30,100.0
2599,G. Dimitrov,J. Sinner,clay,2.339729193067826e-18,100.0
2600,G. Dimitrov,J. Sinner,grass,2.339729193067826e-18,100.0
2601,G. Dimitrov,D. Medvedev,hard,1.3971817036635468e-21,100.0
2602,G. Dimitrov,D. Medvedev,clay,2.0736015048102991e-19,100.0
2603,G. Dimitrov,D. Medvedev,grass,4.567411261776315e-15,100.0
2604,G. Dimitrov,N. Jarry,hard,9.561293065454146e-30,100.0
2605,G. Dimitrov,N. Jarry,clay,2.5656514368147644e-24,100.0
2606,G. Dimitrov,N. Jarry,grass,6.884599447132567e-19,100.0
2607,L. Tsurenko,B. Pera,hard,100.0,0.0
2608,L. Tsurenko,B. Pera,clay,100.0,0.0
2609,L. Tsurenko,B. Pera,grass,99.99999999999913,8.659739592076221e-13
2610,L. Tsurenko,O. Jabeur,hard,100.0,0.0
2611,L. Tsurenko,O. Jabeur,clay,26.589402804568746,73.41059719543127
2612,L. Tsurenko,O. Jabeur,grass,99.98746711883446,0.012532881165538967
2613,V. Kudermetova,J. Pegula,hard,0.4737485624057955,99.5262514375942
2614,V. Kudermetova,J. Pegula,clay,100.0,0.0
2615,V. Kudermetova,J. Pegula,grass,65.75736106164216,34.24263893835784
2616,V. Kudermetova,D. Yastremska,hard,100.0,0.0
2617,V. Kudermetova,D. Yastremska,clay,0.22348447875237656,99.77651552124762
2618,V. Kudermetova,D. Yastremska,grass,0.22348447875237656,99.77651552124762
2619,V. Kudermetova,A. Krueger,hard,99.99999999999913,8.659739592076221e-13
2620,V. Kudermetova,A. Krueger,clay,1.2934428285744461e-12,99.9999999999987
2621,V. Kudermetova,A. Krueger,grass,2.2025659676046576e-06,99.99999779743403
2622,V. Kudermetova,C. Gauff,hard,100.0,0.0
2623,V. Kudermetova,C. Gauff,clay,99.9976564847879,0.002343515212099856
2624,V. Kudermetova,C. Gauff,grass,99.9976564847879,0.002343515212099856
2625,V. Kudermetova,A. Kalinina,hard,2.215877396310316e-35,100.0
2626,V. Kudermetova,A. Kalinina,clay,6.778420374788696e-42,100.0
2627,V. Kudermetova,A. Kalinina,grass,2.215877396310316e-35,100.0
2628,V. Kudermetova,I. Swiatek,hard,5.135298041147172e-29,100.0
2629,V. Kudermetova,I. Swiatek,clay,5.135298041147172e-29,100.0
2630,V. Kudermetova,I. Swiatek,grass,5.135298041147172e-29,100.0
2631,V. Kudermetova,E. Rybakina,hard,3.897794024672854e-42,100.0
2632,V. Kudermetova,E. Rybakina,clay,8.585462675965741e-38,100.0
2633,V. Kudermetova,E. Rybakina,grass,8.585462675965741e-38,100.0
2634,V. Kudermetova,M. Sakkari,hard,1.2791029331341186e-41,100.0
2635,V. Kudermetova,M. Sakkari,clay,2.8174117004715607e-37,100.0
2636,V. Kudermetova,M. Sakkari,grass,2.8174117004715607e-37,100.0
2637,V. Kudermetova,M. Bouzkova,hard,4.165367676868439e-29,100.0
2638,V. Kudermetova,M. Bouzkova,clay,4.165367676868439e-29,100.0
2639,V. Kudermetova,M. Bouzkova,grass,4.165367676868439e-29,100.0
2640,V. Kudermetova,K. Volynets,hard,1.079383449148653e-40,100.0
2641,V. Kudermetova,K. Volynets,clay,5.2211309203959966e-42,100.0
2642,V. Kudermetova,K. Volynets,grass,5.411165655285321e-35,100.0
2643,V. Kudermetova,S. Cirstea,hard,2.3405080132259855e-38,100.0
2644,V. Kudermetova,S. Cirstea,clay,1.235475856690374e-34,100.0
2645,V. Kudermetova,S. Cirstea,grass,1.235475856690374e-34,100.0
2646,A. Anisimova,A. Pavlyuchenkova,hard,100.0,0.0
2647,A. Anisimova,A. Pavlyuchenkova,clay,99.99999827554004,1.7244599637145086e-06
2648,A. Anisimova,A. Pavlyuchenkova,grass,99.99994683050369,5.3169496316840537e-05
2649,A. Anisimova,A. Sabalenka,hard,1.5523015255407444e-23,100.0
2650,A. Anisimova,A. Sabalenka,clay,3.201317209880091e-20,100.0
2651,A. Anisimova,A. Sabalenka,grass,1.4533957647598906e-24,100.0
2652,G. Hussey,J. Choinski,hard,8.706608327974278e-62,100.0
2653,G. Hussey,J. Choinski,clay,2.3063041133641962e-51,100.0
2654,G. Hussey,J. Choinski,grass,4.1698956575969515e-48,100.0
2655,S. Zhang,R. Peterson,hard,5.181840912301475e-26,100.0
2656,S. Zhang,R. Peterson,clay,5.181840912301475e-26,100.0
2657,S. Zhang,R. Peterson,grass,5.181840912301475e-26,100.0
2658,S. Zhang,P. Kvitova,hard,3.538220486613685e-51,100.0
2659,S. Zhang,P. Kvitova,clay,3.6004419855710816e-54,100.0
2660,S. Zhang,P. Kvitova,grass,6.347832114952133e-45,100.0
2661,X. Jiang,R. Bhosale,hard,1.732901435290498e-16,100.0
2662,X. Jiang,R. Bhosale,clay,1.094891039925102e-08,99.99999998905109
2663,X. Jiang,R. Bhosale,grass,6.05567121263748e-12,99.99999999999395
2664,A. Moro Canas,J. Fonseca,hard,99.99999998061931,1.9380697047211015e-08
2665,A. Moro Canas,J. Fonseca,clay,99.99999999999997,2.220446049250313e-14
2666,A. Moro Canas,J. Fonseca,grass,100.0,0.0
2667,A. Moro Canas,M. Bellucci,hard,4.0561420726452567e-25,100.0
2668,A. Moro Canas,M. Bellucci,clay,4.505966824363481e-27,100.0
2669,A. Moro Canas,M. Bellucci,grass,7.333676906402351e-22,100.0
2670,I. Swiatek,Y. Putintseva,hard,100.0,0.0
2671,I. Swiatek,Y. Putintseva,clay,3.373576024300723e-07,99.99999966264241
2672,I. Swiatek,Y. Putintseva,grass,0.12921566277690458,99.8707843372231
2673,I. Swiatek,C. Giorgi,hard,99.99999999970251,2.9749536167855695e-10
2674,I. Swiatek,C. Giorgi,clay,3.0505495023236712e-06,99.99999694945049
2675,I. Swiatek,C. Giorgi,grass,3.0505495023236712e-06,99.99999694945049
2676,I. Swiatek,K. Muchova,hard,1.94368911280209e-08,99.9999999805631
2677,I. Swiatek,K. Muchova,clay,99.99999999999997,2.220446049250313e-14
2678,I. Swiatek,K. Muchova,grass,0.00042812418476092585,99.99957187581523
2679,I. Swiatek,V. Azarenka,hard,100.0,0.0
2680,I. Swiatek,V. Azarenka,clay,99.99548398348271,0.004516016517286392
2681,I. Swiatek,V. Azarenka,grass,99.99548398348271,0.004516016517286392
2682,I. Swiatek,C. Garcia,hard,99.99623859120757,0.003761408792424259
2683,I. Swiatek,C. Garcia,clay,6.524666321460912e-16,100.0
2684,I. Swiatek,C. Garcia,grass,1.4371533955216551e-11,99.99999999998563
2685,I. Swiatek,M. Sakkari,hard,100.0,0.0
2686,I. Swiatek,M. Sakkari,clay,0.012083061877270112,99.98791693812274
2687,I. Swiatek,M. Sakkari,grass,0.012083061877270112,99.98791693812274
2688,I. Swiatek,M. Vondrousova,hard,100.0,0.0
2689,I. Swiatek,M. Vondrousova,clay,100.0,0.0
2690,I. Swiatek,M. Vondrousova,grass,2.828218538653054,97.17178146134695
2691,I. Swiatek,M. Keys,hard,6.56056656532385e-17,100.0
2692,I. Swiatek,M. Keys,clay,99.99999936770922,6.322907752931428e-07
2693,I. Swiatek,M. Keys,grass,6.011832167274323e-09,99.99999999398817
2694,I. Swiatek,O. Jabeur,hard,100.0,0.0
2695,I. Swiatek,O. Jabeur,clay,2.4941113692161483e-07,99.99999975058887
2696,I. Swiatek,O. Jabeur,grass,0.005493344105076919,99.99450665589492
2697,I. Swiatek,V. Kudermetova,hard,99.99413579559719,0.005864204402805662
2698,I. Swiatek,V. Kudermetova,clay,100.0,0.0
2699,I. Swiatek,V. Kudermetova,grass,99.99413579559719,0.005864204402805662
2700,I. Swiatek,A. Sabalenka,hard,3.429848920615592e-23,100.0
2701,I. Swiatek,A. Sabalenka,clay,0.0002871473023769285,99.99971285269763
2702,I. Swiatek,A. Sabalenka,grass,1.1212235706447089e-16,100.0
2703,I. Swiatek,J. Pegula,hard,99.95606757267547,0.043932427324533396
2704,I. Swiatek,J. Pegula,clay,3.8995238239493157e-10,99.99999999961004
2705,I. Swiatek,J. Pegula,grass,3.8995238239493157e-10,99.99999999961004
2706,I. Swiatek,L. Noskova,hard,1.0122858940576725e-39,100.0
2707,I. Swiatek,L. Noskova,clay,2.229708062002666e-35,100.0
2708,I. Swiatek,L. Noskova,grass,2.229708062002666e-35,100.0
2709,I. Swiatek,E. Rybakina,hard,3.017445940206904e-42,100.0
2710,I. Swiatek,E. Rybakina,clay,6.646366978964578e-38,100.0
2711,I. Swiatek,E. Rybakina,grass,6.646366978964578e-38,100.0
2712,F. Meligeni Alves,H. Gaston,hard,99.99999728258594,2.717414060438017e-06
2713,F. Meligeni Alves,H. Gaston,clay,100.0,0.0
2714,F. Meligeni Alves,H. Gaston,grass,99.99999728258594,2.717414060438017e-06
2715,F. Meligeni Alves,G. Barrere,hard,1.2610645670071478e-40,100.0
2716,F. Meligeni Alves,G. Barrere,clay,2.443449470852559e-36,100.0
2717,F. Meligeni Alves,G. Barrere,grass,4.122441977355387e-34,100.0
2718,M. Marterer,H. Grenier,hard,2.8613054056437704e-39,100.0
2719,M. Marterer,H. Grenier,clay,4.181985468190822e-40,100.0
2720,M. Marterer,H. Grenier,grass,1.3670983146941709e-33,100.0
2721,M. Marterer,F. Cobolli,hard,6.412577600392006e-19,100.0
2722,M. Marterer,F. Cobolli,clay,6.282904999467859e-23,100.0
2723,M. Marterer,F. Cobolli,grass,6.282904999467859e-23,100.0
2724,B. Bonzi,A. Vatutin,hard,88.49381167407707,11.506188325922938
2725,B. Bonzi,A. Vatutin,clay,100.0,0.0
2726,B. Bonzi,A. Vatutin,grass,99.99999999991161,8.839595722065496e-11
2727,C. Ruud,B. Coric,hard,99.99999114958854,8.850411459260243e-06
2728,C. Ruud,B. Coric,clay,99.99999982854814,1.714518527151654e-07
2729,C. Ruud,B. Coric,grass,89.56040582489516,10.43959417510485
2730,C. Ruud,L. Klein,hard,100.0,0.0
2731,C. Ruud,L. Klein,clay,100.0,0.0
2732,C. Ruud,L. Klein,grass,100.0,0.0
2733,C. Ruud,M. Fucsovics,hard,100.0,0.0
2734,C. Ruud,M. Fucsovics,clay,100.0,0.0
2735,C. Ruud,M. Fucsovics,grass,100.0,0.0
2736,C. Ruud,S. Baez,hard,100.0,0.0
2737,C. Ruud,S. Baez,clay,100.0,0.0
2738,C. Ruud,S. Baez,grass,99.99999999999996,4.440892098500626e-14
2739,C. Ruud,T. Griekspoor,hard,99.99999999999912,8.881784197001252e-13
2740,C. Ruud,T. Griekspoor,clay,99.99999999982354,1.7645884753392238e-10
2741,C. Ruud,T. Griekspoor,grass,99.99999998056872,1.9431278808212937e-08
2742,C. Ruud,D. Stricker,hard,3.190982637912277e-13,99.99999999999967
2743,C. Ruud,D. Stricker,clay,1.595188051043274e-15,100.0
2744,C. Ruud,D. Stricker,grass,1.4487038763452648e-17,100.0
2745,C. Ruud,A. Rublev,hard,7.597707088825868e-23,100.0
2746,C. Ruud,A. Rublev,clay,8.932349053704723e-27,100.0
2747,C. Ruud,A. Rublev,grass,3.449353681886301e-27,100.0
2748,C. Ruud,F. Marozsan,hard,6.2850230709407396e-30,100.0
2749,C. Ruud,F. Marozsan,clay,7.797191558053445e-25,100.0
2750,C. Ruud,F. Marozsan,grass,2.1661509110399203e-33,100.0
2751,C. Ruud,F. Auger-Aliassime,hard,5.433498293946079e-30,100.0
2752,C. Ruud,F. Auger-Aliassime,clay,2.9404574335241516e-24,100.0
2753,C. Ruud,F. Auger-Aliassime,grass,9.823995374329169e-27,100.0
2754,P. Udvardy,E. Lys,hard,1.1744305990094383e-17,100.0
2755,P. Udvardy,E. Lys,clay,2.586855541745569e-13,99.99999999999974
2756,P. Udvardy,E. Lys,grass,2.586855541745569e-13,99.99999999999974
2757,F. Marozsan,F. Cerundolo,hard,100.0,0.0
2758,F. Marozsan,F. Cerundolo,clay,100.0,0.0
2759,F. Marozsan,F. Cerundolo,grass,100.0,0.0
2760,F. Marozsan,C. Ruud,hard,100.0,0.0
2761,F. Marozsan,C. Ruud,clay,52.89759712375833,47.10240287624167
2762,F. Marozsan,C. Ruud,grass,99.99999975262396,2.473760307708517e-07
2763,F. Marozsan,C. Alcaraz,hard,4.191483872507937e-33,100.0
2764,F. Marozsan,C. Alcaraz,clay,1.9271221775288957e-33,100.0
2765,F. Marozsan,C. Alcaraz,grass,2.678741370788563e-25,100.0
2766,F. Marozsan,H. Hurkacz,hard,1.3900946105244495e-07,99.99999986099054
2767,F. Marozsan,H. Hurkacz,clay,1.831123800719695e-08,99.99999998168876
2768,F. Marozsan,H. Hurkacz,grass,1.831123800719695e-08,99.99999998168876
2769,L. Darderi,Y. Hanfmann,hard,51.76650583407021,48.23349416592979
2770,L. Darderi,Y. Hanfmann,clay,99.99999999993933,6.066258606551855e-11
2771,L. Darderi,Y. Hanfmann,grass,0.0013959862576236977,99.99860401374238
2772,L. Darderi,M. Navone,hard,9.473375579128499e-37,100.0
2773,L. Darderi,M. Navone,clay,1.2322301594649963e-41,100.0
2774,L. Darderi,M. Navone,grass,4.028181798175152e-35,100.0
2775,N. Podoroska,C. Tauson,hard,3.57409588789513e-40,100.0
2776,N. Podoroska,C. Tauson,clay,7.272154609976723e-44,100.0
2777,N. Podoroska,C. Tauson,grass,6.379128579345885e-32,100.0
2778,N. Podoroska,S. Sorribes Tormo,hard,5.724374154173709e-27,100.0
2779,N. Podoroska,S. Sorribes Tormo,clay,3.9366585124856616e-25,100.0
2780,N. Podoroska,S. Sorribes Tormo,grass,7.11764556180359e-22,100.0
2781,N. Podoroska,Y. Yuan,hard,5.167563364769918e-28,100.0
2782,N. Podoroska,Y. Yuan,clay,7.669344038282494e-26,100.0
2783,N. Podoroska,Y. Yuan,grass,1.3866499312270493e-22,100.0
2784,P. Martic,C. Bucsa,hard,1.0008512919838892e-08,99.99999998999148
2785,P. Martic,C. Bucsa,clay,9.365589039199096e-22,100.0
2786,P. Martic,C. Bucsa,grass,9.365589039199096e-22,100.0
2787,P. Martic,L. Siegemund,hard,0.00013231929222507722,99.99986768070778
2788,P. Martic,L. Siegemund,clay,100.0,0.0
2789,P. Martic,L. Siegemund,grass,2.831990987497078,97.16800901250292
2790,P. Martic,C. Gauff,hard,3.610957511469562e-30,100.0
2791,P. Martic,C. Gauff,clay,3.610957511469562e-30,100.0
2792,P. Martic,C. Gauff,grass,3.610957511469562e-30,100.0
2793,P. Martic,A. Sabalenka,hard,1.4293575995648902e-47,100.0
2794,P. Martic,A. Sabalenka,clay,5.083848689046493e-46,100.0
2795,P. Martic,A. Sabalenka,grass,4.672594824452595e-41,100.0
2796,C. Lestienne,D. Kudla,hard,100.0,0.0
2797,C. Lestienne,D. Kudla,clay,100.0,0.0
2798,C. Lestienne,D. Kudla,grass,100.0,0.0
2799,C. Lestienne,F. Cobolli,hard,0.0004118571744832577,99.99958814282552
2800,C. Lestienne,F. Cobolli,clay,99.99999772795405,2.2720459402769677e-06
2801,C. Lestienne,F. Cobolli,grass,0.0004118571744832577,99.99958814282552
2802,R. Te,E. Escobedo,hard,1.141350736783532e-24,100.0
2803,R. Te,E. Escobedo,clay,3.49141838888551e-31,100.0
2804,R. Te,E. Escobedo,grass,6.312632533716856e-28,100.0
2805,D. Lajovic,M. Cressy,hard,100.0,0.0
2806,D. Lajovic,M. Cressy,clay,100.0,0.0
2807,D. Lajovic,M. Cressy,grass,99.99999999999991,8.881784197001252e-14
2808,D. Schwartzman,N. Borges,hard,99.99769387397767,0.002306126022333377
2809,D. Schwartzman,N. Borges,clay,100.0,0.0
2810,D. Schwartzman,N. Borges,grass,99.99769387397767,0.002306126022333377
2811,D. Schwartzman,J. Brooksby,hard,2.883674632326002e-28,100.0
2812,D. Schwartzman,J. Brooksby,clay,2.259138189158218e-22,100.0
2813,D. Schwartzman,J. Brooksby,grass,1.5221953382157993e-24,100.0
2814,D. Schwartzman,J. M. Cerundolo,hard,2.2829392663761158e-18,100.0
2815,D. Schwartzman,J. M. Cerundolo,clay,1.6586563789848647e-16,100.0
2816,D. Schwartzman,J. M. Cerundolo,grass,2.2829392663761158e-18,100.0
2817,D. Schwartzman,M. McDonald,hard,7.072835007922622e-39,100.0
2818,D. Schwartzman,M. McDonald,clay,2.2801789785435956e-28,100.0
2819,D. Schwartzman,M. McDonald,grass,8.223609447533336e-31,100.0
2820,D. Schwartzman,M. Arnaldi,hard,2.7637819016429305e-21,100.0
2821,D. Schwartzman,M. Arnaldi,clay,1.7115786736562273e-18,100.0
2822,D. Schwartzman,M. Arnaldi,grass,2.7637819016429305e-21,100.0
2823,F. Comesana,Y. Shimizu,hard,100.0,0.0
2824,F. Comesana,Y. Shimizu,clay,99.99999997843435,2.1565660368594308e-08
2825,F. Comesana,Y. Shimizu,grass,99.99999997843435,2.1565660368594308e-08
2826,F. Comesana,F. Gaio,hard,100.0,0.0
2827,F. Comesana,F. Gaio,clay,99.91004562721815,0.08995437278184193
2828,F. Comesana,F. Gaio,grass,64.20221094298358,35.797789057016416
2829,F. Comesana,R. A. Burruchaga,hard,1.1484946413937638e-29,100.0
2830,F. Comesana,R. A. Burruchaga,clay,3.121351663788335e-33,100.0
2831,F. Comesana,R. A. Burruchaga,grass,9.07705102335849e-37,100.0
2832,F. Comesana,F. Agamenone,hard,3.334380659662826e-19,100.0
2833,F. Comesana,F. Agamenone,clay,1.130878795572062e-29,100.0
2834,F. Comesana,F. Agamenone,grass,4.3371281732200725e-24,100.0
2835,F. Comesana,T. Daniel,hard,1.4158273787021531e-28,100.0
2836,F. Comesana,T. Daniel,clay,1.1348767069744433e-35,100.0
2837,F. Comesana,T. Daniel,grass,5.106270830988895e-31,100.0
2838,Ka. Pliskova,S. Stephens,hard,8.023992943628496e-22,100.0
2839,Ka. Pliskova,S. Stephens,clay,6.786118200594052e-24,100.0
2840,Ka. Pliskova,S. Stephens,grass,6.786118200594052e-24,100.0
2841,Ka. Pliskova,M. Linette,hard,1.7192106451082674e-38,100.0
2842,Ka. Pliskova,M. Linette,clay,9.854775234480107e-35,100.0
2843,Ka. Pliskova,M. Linette,grass,9.854775234480107e-35,100.0
2844,M. Valkusz,H. Rocha,hard,4.830466048435795e-40,100.0
2845,M. Valkusz,H. Rocha,clay,1.5527507669123185e-41,100.0
2846,M. Valkusz,H. Rocha,grass,3.420161165525408e-37,100.0
2847,P. Kvitova,E. Rybakina,hard,100.0,0.0
2848,P. Kvitova,E. Rybakina,clay,100.0,0.0
2849,P. Kvitova,E. Rybakina,grass,99.99999999823066,1.7693402298846195e-09
2850,P. Kvitova,E. Alexandrova,hard,100.0,0.0
2851,P. Kvitova,E. Alexandrova,clay,100.0,0.0
2852,P. Kvitova,E. Alexandrova,grass,99.99999999999874,1.2656542480726785e-12
2853,P. Kvitova,S. Zhang,hard,100.0,0.0
2854,P. Kvitova,S. Zhang,clay,100.0,0.0
2855,P. Kvitova,S. Zhang,grass,100.0,0.0
2856,P. Kvitova,M. Sakkari,hard,2.726546633332797e-20,100.0
2857,P. Kvitova,M. Sakkari,clay,5.901831748999976e-13,99.99999999999942
2858,P. Kvitova,M. Sakkari,grass,3.3474739778993474e-22,100.0
2859,A. Krueger,V. Kudermetova,hard,8.75683105001158e-13,99.99999999999912
2860,A. Krueger,V. Kudermetova,clay,6.769924861960411e-11,99.9999999999323
2861,A. Krueger,V. Kudermetova,grass,3.975595146124757e-17,100.0
2862,O. Virtanen,F. Agamenone,hard,2.196712755381796e-08,99.99999997803287
2863,O. Virtanen,F. Agamenone,clay,1.2365271713255096e-22,100.0
2864,O. Virtanen,F. Agamenone,grass,4.742309125174623e-17,100.0
2865,M. Cilic,L. Djere,hard,1.8358674431997555e-51,100.0
2866,M. Cilic,L. Djere,clay,1.1369318112881998e-48,100.0
2867,M. Cilic,L. Djere,grass,3.7166498424173084e-42,100.0
2868,L. Hovde,J. Ponchet,hard,3.840059028652468e-47,100.0
2869,L. Hovde,J. Ponchet,clay,3.2444157235391754e-46,100.0
2870,L. Hovde,J. Ponchet,grass,1.199539270852535e-40,100.0
2871,L. Hovde,D. Semenistaja,hard,1.5658727843326012e-39,100.0
2872,L. Hovde,D. Semenistaja,clay,9.603936591438397e-49,100.0
2873,L. Hovde,D. Semenistaja,grass,3.426107700704089e-50,100.0
2874,T. Townsend,S. Stephens,hard,1.4471240926228966e-08,99.99999998552876
2875,T. Townsend,S. Stephens,clay,3.3701140310504522e-15,100.0
2876,T. Townsend,S. Stephens,grass,3.3701140310504522e-15,100.0
2877,T. Gibson,B. Fruhvirtova,hard,3.758931400199274e-40,100.0
2878,T. Gibson,B. Fruhvirtova,clay,1.476507908755795e-38,100.0
2879,T. Gibson,B. Fruhvirtova,grass,3.233152315385592e-33,100.0
2880,B. F. Maguina,M. P. Perez Garcia,hard,6.833158097471448e-19,100.0
2881,B. F. Maguina,M. P. Perez Garcia,clay,6.833158097471448e-19,100.0
2882,B. F. Maguina,M. P. Perez Garcia,grass,6.833158097471448e-19,100.0
2883,B. Shelton,F. Cerundolo,hard,100.0,0.0
2884,B. Shelton,F. Cerundolo,clay,99.99999999976441,2.355893258254582e-10
2885,B. Shelton,F. Cerundolo,grass,99.99999999976441,2.355893258254582e-10
2886,B. Shelton,T. Paul,hard,0.45965594051334824,99.54034405948666
2887,B. Shelton,T. Paul,clay,5.261791092629208e-23,100.0
2888,B. Shelton,T. Paul,grass,1.028513683817718e-14,99.99999999999999
2889,B. Shelton,A. Bublik,hard,8.191682910186512e-40,100.0
2890,B. Shelton,A. Bublik,clay,2.928812849591921e-36,100.0
2891,B. Shelton,A. Bublik,grass,2.928812849591921e-36,100.0
2892,B. Shelton,J. Sinner,hard,5.199700804202331e-29,100.0
2893,B. Shelton,J. Sinner,clay,3.6475946170916504e-28,100.0
2894,B. Shelton,J. Sinner,grass,3.6475946170916504e-28,100.0
2895,B. Shelton,N. Djokovic,hard,3.38313316733894e-32,100.0
2896,B. Shelton,N. Djokovic,clay,2.809417539553288e-41,100.0
2897,B. Shelton,N. Djokovic,grass,1.3630316095650633e-32,100.0
2898,B. Shelton,A. Davidovich Fokina,hard,1.2395619123575561e-37,100.0
2899,B. Shelton,A. Davidovich Fokina,clay,3.947767940080157e-41,100.0
2900,B. Shelton,A. Davidovich Fokina,grass,1.100018215970172e-33,100.0
2901,B. Shelton,L. Musetti,hard,9.302982064228822e-42,100.0
2902,B. Shelton,L. Musetti,clay,5.086044644847988e-37,100.0
2903,B. Shelton,L. Musetti,grass,5.086044644847988e-37,100.0
2904,B. Shelton,M. Cecchinato,hard,7.4250586586299345e-37,100.0
2905,B. Shelton,M. Cecchinato,clay,5.774923183153528e-40,100.0
2906,B. Shelton,M. Cecchinato,grass,1.8878324210420824e-33,100.0
2907,N. Parrizas-Diaz,C. Giorgi,hard,1.1979858079061277e-53,100.0
2908,N. Parrizas-Diaz,C. Giorgi,clay,1.2415891802171498e-46,100.0
2909,N. Parrizas-Diaz,C. Giorgi,grass,1.2415891802171498e-46,100.0
2910,N. Parrizas-Diaz,D. Vekic,hard,3.102303566348329e-33,100.0
2911,N. Parrizas-Diaz,D. Vekic,clay,3.102303566348329e-33,100.0
2912,N. Parrizas-Diaz,D. Vekic,grass,3.102303566348329e-33,100.0
2913,N. Parrizas-Diaz,T. Babos,hard,1.95766244302217e-46,100.0
2914,N. Parrizas-Diaz,T. Babos,clay,2.0715177800696867e-43,100.0
2915,N. Parrizas-Diaz,T. Babos,grass,1.5050493154586751e-41,100.0
2916,C. Paquet,Z. Bai,hard,8.162576188001456e-32,100.0
2917,C. Paquet,Z. Bai,clay,2.6683603362703935e-25,100.0
2918,C. Paquet,Z. Bai,grass,2.6683603362703935e-25,100.0
2919,C. Paquet,M. Andreeva,hard,6.281537629938088e-38,100.0
2920,C. Paquet,M. Andreeva,clay,5.557804914417544e-36,100.0
2921,C. Paquet,M. Andreeva,grass,7.521671022665362e-37,100.0
2922,F. Stollar,M. Stakusic,hard,9.259610395390345e-18,100.0
2923,F. Stollar,M. Stakusic,clay,1.4097928354021338e-10,99.99999999985903
2924,F. Stollar,M. Stakusic,grass,3.026982724484522e-11,99.99999999996973
2925,S. Bandecchi,M. Hontama,hard,99.94883008661566,0.05116991338434129
2926,S. Bandecchi,M. Hontama,clay,99.99987309769097,0.00012690230902778765
2927,S. Bandecchi,M. Hontama,grass,100.0,0.0
2928,S. Bandecchi,E. Makarova,hard,4.738312960347223e-13,99.99999999999952
2929,S. Bandecchi,E. Makarova,clay,8.678522912352916e-15,99.99999999999999
2930,S. Bandecchi,E. Makarova,grass,1.4494609298340978e-19,100.0
2931,C. Wozniacki,A. Kalinina,hard,1.7085557803713137e-35,100.0
2932,C. Wozniacki,A. Kalinina,clay,5.226511779223926e-42,100.0
2933,C. Wozniacki,A. Kalinina,grass,1.7085557803713137e-35,100.0
2934,D. Thiem,M. Giron,hard,100.0,0.0
2935,D. Thiem,M. Giron,clay,99.99994085027605,5.914972395215656e-05
2936,D. Thiem,M. Giron,grass,99.99998729988752,1.2700112483887693e-05
2937,D. Thiem,L. Sonego,hard,3.261894636509318e-23,100.0
2938,D. Thiem,L. Sonego,clay,5.9832843859670334e-27,100.0
2939,D. Thiem,L. Sonego,grass,1.80410294052234e-26,100.0
2940,E. Avanesyan,E. Andreeva,hard,99.99999205635815,7.943641844310179e-06
2941,E. Avanesyan,E. Andreeva,clay,9.002376172951441e-20,100.0
2942,E. Avanesyan,E. Andreeva,grass,4.3900031272899873e-10,99.999999999561
2943,E. Avanesyan,C. Tauson,hard,2.3373054612794906e-22,100.0
2944,E. Avanesyan,C. Tauson,clay,88.96289428568063,11.037105714319374
2945,E. Avanesyan,C. Tauson,grass,3.42432065329666e-15,100.0
2946,E. Avanesyan,S. Errani,hard,1.499411255739026e-22,100.0
2947,E. Avanesyan,S. Errani,clay,99.99233637438687,0.007663625613130165
2948,E. Avanesyan,S. Errani,grass,1.3739985304641159e-14,99.99999999999999
2949,E. Avanesyan,O. Jabeur,hard,99.99999999999997,2.220446049250313e-14
2950,E. Avanesyan,O. Jabeur,clay,2.5229858508498974e-13,99.99999999999974
2951,E. Avanesyan,O. Jabeur,grass,5.557246154143803e-09,99.99999999444276
2952,E. Avanesyan,A. Cornet,hard,98.1738531780878,1.8261468219122001
2953,E. Avanesyan,A. Cornet,clay,2.6040132051597921e-23,100.0
2954,E. Avanesyan,A. Cornet,grass,7.460622743655588e-24,100.0
2955,E. Avanesyan,Y. Putintseva,hard,2.915189434654366e-46,100.0
2956,E. Avanesyan,Y. Putintseva,clay,6.159293828204652e-48,100.0
2957,E. Avanesyan,Y. Putintseva,grass,2.362202465378536e-42,100.0
2958,E. Avanesyan,M. Kostyuk,hard,2.8123696400166196e-47,100.0
2959,E. Avanesyan,M. Kostyuk,clay,8.735932665709954e-51,100.0
2960,E. Avanesyan,M. Kostyuk,grass,2.855791564895244e-44,100.0
2961,E. Avanesyan,O. Dodin,hard,1.6308269596421126e-51,100.0
2962,E. Avanesyan,O. Dodin,clay,4.167829089666029e-49,100.0
2963,E. Avanesyan,O. Dodin,grass,7.535611770319984e-46,100.0
2964,E. Avanesyan,P. Stearns,hard,1.2287827017620739e-59,100.0
2965,E. Avanesyan,P. Stearns,clay,1.708034444987897e-51,100.0
2966,E. Avanesyan,P. Stearns,grass,1.708034444987897e-51,100.0
2967,D. Seguel,L. Fernandez,hard,100.0,0.0
2968,D. Seguel,L. Fernandez,clay,100.0,0.0
2969,D. Seguel,L. Fernandez,grass,100.0,0.0
2970,C. Liu,J. Niemeier,hard,1.6038108905486378e-26,100.0
2971,C. Liu,J. Niemeier,clay,4.956464500173826e-31,100.0
2972,C. Liu,J. Niemeier,grass,1.6038108905486378e-26,100.0
2973,C. Liu,L. Noskova,hard,3.698605127473821e-36,100.0
2974,C. Liu,L. Noskova,clay,8.230360471419853e-30,100.0
2975,C. Liu,L. Noskova,grass,8.146719932879768e-32,100.0
2976,C. Liu,C. Gauff,hard,2.178306000717368e-25,100.0
2977,C. Liu,C. Gauff,clay,2.200670177773433e-23,100.0
2978,C. Liu,C. Gauff,grass,2.178306000717368e-25,100.0
2979,A. Bolt,J. Isner,hard,1.9075395676691723e-60,100.0
2980,A. Bolt,J. Isner,clay,1.9075395676691723e-60,100.0
2981,A. Bolt,J. Isner,grass,9.254718071001341e-52,100.0
2982,S. Sorribes Tormo,S. Stephens,hard,100.0,0.0
2983,S. Sorribes Tormo,S. Stephens,clay,99.99999878221496,1.2177850394756717e-06
2984,S. Sorribes Tormo,S. Stephens,grass,99.99999878221496,1.2177850394756717e-06
2985,S. Sorribes Tormo,N. Podoroska,hard,99.35051808495221,0.6494819150477893
2986,S. Sorribes Tormo,N. Podoroska,clay,100.0,0.0
2987,S. Sorribes Tormo,N. Podoroska,grass,0.12287421722113435,99.87712578277886
2988,S. Sorribes Tormo,B. Andreescu,hard,2.326713259737362e-48,100.0
2989,S. Sorribes Tormo,B. Andreescu,clay,4.615099308751711e-43,100.0
2990,S. Sorribes Tormo,B. Andreescu,grass,4.615099308751711e-43,100.0
2991,K. Coppejans,T. Droguet,hard,1.226688947128549e-37,100.0
2992,K. Coppejans,T. Droguet,clay,3.75246995460554e-44,100.0
2993,K. Coppejans,T. Droguet,grass,4.63091581939021e-48,100.0
2994,R. Gasquet,C. Norrie,hard,99.99999883834305,1.1616569595140902e-06
2995,R. Gasquet,C. Norrie,clay,3.0019718504576558e-09,99.99999999699803
2996,R. Gasquet,C. Norrie,grass,3.0019718504576558e-09,99.99999999699803
2997,R. Gasquet,P. Carreno-Busta,hard,99.99999978607148,2.1392851934365353e-07
2998,R. Gasquet,P. Carreno-Busta,clay,2.167137918029142e-15,100.0
2999,R. Gasquet,P. Carreno-Busta,grass,7.0844115020785175e-09,99.99999999291559
3000,R. Gasquet,S. Napolitano,hard,6.741961654676604e-08,99.99999993258038
3001,R. Gasquet,S. Napolitano,clay,100.0,0.0
3002,R. Gasquet,S. Napolitano,grass,0.010971661730316135,99.98902833826968
3003,R. Gasquet,L. Pouille,hard,1.9918403058333714e-39,100.0
3004,R. Gasquet,L. Pouille,clay,6.093085716234946e-46,100.0
3005,R. Gasquet,L. Pouille,grass,1.9918403058333714e-39,100.0
3006,R. Gasquet,D. Altmaier,hard,1.1422072142066578e-38,100.0
3007,R. Gasquet,D. Altmaier,clay,6.2223549273399e-35,100.0
3008,R. Gasquet,D. Altmaier,grass,2.6458126409891455e-33,100.0
3009,R. Carballes Baena,D. Altmaier,hard,1.0656409190008349e-08,99.99999998934359
3010,R. Carballes Baena,D. Altmaier,clay,100.0,0.0
3011,R. Carballes Baena,D. Altmaier,grass,0.002468393285799724,99.99753160671419
3012,R. Carballes Baena,D. Medvedev,hard,8.065324172518007e-40,100.0
3013,R. Carballes Baena,D. Medvedev,clay,3.661651509439939e-44,100.0
3014,R. Carballes Baena,D. Medvedev,grass,8.065324172518007e-40,100.0
3015,R. Carballes Baena,B. Zapata Miralles,hard,5.004458347995677e-43,100.0
3016,R. Carballes Baena,B. Zapata Miralles,clay,3.099204092963522e-40,100.0
3017,R. Carballes Baena,B. Zapata Miralles,grass,1.635966127941095e-36,100.0
3018,R. Carballes Baena,T. M. Etcheverry,hard,1.2630253680089726e-51,100.0
3019,R. Carballes Baena,T. M. Etcheverry,clay,1.2630253680089726e-51,100.0
3020,R. Carballes Baena,T. M. Etcheverry,grass,1.2630253680089726e-51,100.0
3021,R. Carballes Baena,M. Giron,hard,8.379218477490305e-48,100.0
3022,R. Carballes Baena,M. Giron,clay,1.727085651808373e-56,100.0
3023,R. Carballes Baena,M. Giron,grass,8.379218477490305e-48,100.0
3024,D. Kasatkina,J. Burrage,hard,100.0,0.0
3025,D. Kasatkina,J. Burrage,clay,99.99999999998637,1.3633538742396922e-11
3026,D. Kasatkina,J. Burrage,grass,100.0,0.0
3027,D. Kasatkina,E. Mertens,hard,100.0,0.0
3028,D. Kasatkina,E. Mertens,clay,99.9999999999887,1.1302070390684094e-11
3029,D. Kasatkina,E. Mertens,grass,99.9999999999887,1.1302070390684094e-11
3030,D. Kasatkina,M. Linette,hard,100.0,0.0
3031,D. Kasatkina,M. Linette,clay,89.35104920594618,10.648950794053814
3032,D. Kasatkina,M. Linette,grass,89.35104920594618,10.648950794053814
3033,D. Kasatkina,T. Maria,hard,100.0,0.0
3034,D. Kasatkina,T. Maria,clay,17.40658840718837,82.59341159281163
3035,D. Kasatkina,T. Maria,grass,99.99934949084299,0.0006505091570185861
3036,D. Kasatkina,B. Haddad Maia,hard,5.83505298813132e-13,99.99999999999942
3037,D. Kasatkina,B. Haddad Maia,clay,9.611882693897326e-32,100.0
3038,D. Kasatkina,B. Haddad Maia,grass,3.4457761744862457e-22,100.0
3039,D. Kasatkina,B. Krejcikova,hard,3.2333092122267663e-28,100.0
3040,D. Kasatkina,B. Krejcikova,clay,7.381461816029962e-40,100.0
3041,D. Kasatkina,B. Krejcikova,grass,4.205661533107245e-33,100.0
3042,D. Kasatkina,E. Svitolina,hard,3.447897344057529e-23,100.0
3043,D. Kasatkina,E. Svitolina,clay,1.8092904751430384e-25,100.0
3044,D. Kasatkina,E. Svitolina,grass,1.8092904751430384e-25,100.0
3045,D. Kasatkina,A. Sabalenka,hard,7.444715103515194e-33,100.0
3046,D. Kasatkina,A. Sabalenka,clay,3.4441882625463426e-36,100.0
3047,D. Kasatkina,A. Sabalenka,grass,3.1655734138367547e-31,100.0
3048,D. Kasatkina,J. Ostapenko,hard,3.936992744794701e-15,100.0
3049,D. Kasatkina,J. Ostapenko,clay,5.120963649344936e-20,100.0
3050,D. Kasatkina,J. Ostapenko,grass,5.120963649344936e-20,100.0
3051,D. Kasatkina,L. Noskova,hard,3.193365621213696e-26,100.0
3052,D. Kasatkina,L. Noskova,clay,9.14914568606138e-27,100.0
3053,D. Kasatkina,L. Noskova,grass,9.14914568606138e-27,100.0
3054,D. Kasatkina,J. Paolini,hard,9.332762177950882e-38,100.0
3055,D. Kasatkina,J. Paolini,clay,7.287958798642198e-35,100.0
3056,D. Kasatkina,J. Paolini,grass,7.287958798642198e-35,100.0
3057,D. Kasatkina,D. Collins,hard,7.560347608797636e-15,99.99999999999999
3058,D. Kasatkina,D. Collins,clay,9.833969171584926e-20,100.0
3059,D. Kasatkina,D. Collins,grass,9.833969171584926e-20,100.0
3060,F. Tiafoe,G. Brouwer,hard,100.0,0.0
3061,F. Tiafoe,G. Brouwer,clay,100.0,0.0
3062,F. Tiafoe,G. Brouwer,grass,100.0,0.0
3063,F. Tiafoe,A. Tabilo,hard,100.0,0.0
3064,F. Tiafoe,A. Tabilo,clay,100.0,0.0
3065,F. Tiafoe,A. Tabilo,grass,100.0,0.0
3066,F. Tiafoe,J. Kubler,hard,100.0,0.0
3067,F. Tiafoe,J. Kubler,clay,99.99999999988134,1.1866063687193673e-10
3068,F. Tiafoe,J. Kubler,grass,99.99999998238987,1.7610135571999308e-08
3069,F. Tiafoe,J. Thompson,hard,99.99924708492777,0.0007529150722329625
3070,F. Tiafoe,J. Thompson,clay,100.0,0.0
3071,F. Tiafoe,J. Thompson,grass,99.99999952273167,4.772683359632879e-07
3072,F. Tiafoe,S. Johnson,hard,99.99999799694356,2.003056431831851e-06
3073,F. Tiafoe,S. Johnson,clay,100.0,0.0
3074,F. Tiafoe,S. Johnson,grass,98.35305711685582,1.6469428831441757
3075,F. Tiafoe,D. Medvedev,hard,2.0960155124286992e-16,100.0
3076,F. Tiafoe,D. Medvedev,clay,1.2987857766219994e-19,100.0
3077,F. Tiafoe,D. Medvedev,grass,2.5072463745536206e-22,100.0
3078,L. Tu,P. Kotov,hard,0.018623158422066428,99.98137684157793
3079,L. Tu,P. Kotov,clay,2.6900712841673404,97.30992871583265
3080,L. Tu,P. Kotov,grass,100.0,0.0
3081,L. Tu,A. Rinderknech,hard,7.984904245686979e-28,100.0
3082,L. Tu,A. Rinderknech,clay,9.602680054508607e-22,100.0
3083,L. Tu,A. Rinderknech,grass,7.984904245686979e-28,100.0
3084,N. Borges,S. Wawrinka,hard,100.0,0.0
3085,N. Borges,S. Wawrinka,clay,100.0,0.0
3086,N. Borges,S. Wawrinka,grass,100.0,0.0
3087,N. Borges,D. Medvedev,hard,2.14622159520067e-22,100.0
3088,N. Borges,D. Medvedev,clay,8.928844157628747e-19,100.0
3089,N. Borges,D. Medvedev,grass,2.14622159520067e-22,100.0
3090,N. Borges,D. Schwartzman,hard,2.0194083035758068e-29,100.0
3091,N. Borges,D. Schwartzman,clay,5.66072960747289e-28,100.0
3092,N. Borges,D. Schwartzman,grass,2.0194083035758068e-29,100.0
3093,N. Borges,M. Giron,hard,2.2297503810909625e-30,100.0
3094,N. Borges,M. Giron,clay,4.211454474058368e-31,100.0
3095,N. Borges,M. Giron,grass,2.2297503810909625e-30,100.0
3096,N. Borges,S. Tsitsipas,hard,4.0706862137309464e-33,100.0
3097,N. Borges,S. Tsitsipas,clay,6.744375501699984e-22,100.0
3098,N. Borges,S. Tsitsipas,grass,1.3307143950569182e-26,100.0
3099,H. Dart,D. Semenistaja,hard,100.0,0.0
3100,H. Dart,D. Semenistaja,clay,5.460561076667042e-07,99.99999945394389
3101,H. Dart,D. Semenistaja,grass,5.460561076667042e-07,99.99999945394389
3102,H. Dart,C. Dolehide,hard,8.290866327213759e-37,100.0
3103,H. Dart,C. Dolehide,clay,2.5623323791767504e-43,100.0
3104,H. Dart,C. Dolehide,grass,2.1420664794894517e-37,100.0
3105,O. Otte,B. Paire,hard,39.442741135576746,60.55725886442325
3106,O. Otte,B. Paire,clay,1.4022740774531895e-06,99.99999859772592
3107,O. Otte,B. Paire,grass,100.0,0.0
3108,O. Otte,D. Altmaier,hard,1.595825690502103e-23,100.0
3109,O. Otte,D. Altmaier,clay,8.388205996263341e-27,100.0
3110,O. Otte,D. Altmaier,grass,3.5667559500053183e-25,100.0
3111,Y. Watanuki,D. Yevseyev,hard,99.99999997255165,2.744835470025464e-08
3112,Y. Watanuki,D. Yevseyev,clay,100.0,0.0
3113,Y. Watanuki,D. Yevseyev,grass,99.99999998872973,1.1270273603258829e-08
3114,Y. Watanuki,A. Rinderknech,hard,100.0,0.0
3115,Y. Watanuki,A. Rinderknech,clay,99.99999999994236,5.764277943853813e-11
3116,Y. Watanuki,A. Rinderknech,grass,99.9999995328652,4.6713479751048226e-07
3117,I. Gakhov,M. Neuchrist,hard,4.403579782385217e-46,100.0
3118,I. Gakhov,M. Neuchrist,clay,5.883062296528838e-42,100.0
3119,I. Gakhov,M. Neuchrist,grass,5.883062296528838e-42,100.0
3120,J. M. Cerundolo,D. Schwartzman,hard,3.835628714698128e-05,99.99996164371285
3121,J. M. Cerundolo,D. Schwartzman,clay,100.0,0.0
3122,J. M. Cerundolo,D. Schwartzman,grass,3.835628714698128e-05,99.99996164371285
3123,J. M. Cerundolo,F. Bagnis,hard,1.9015076927161355e-41,100.0
3124,J. M. Cerundolo,F. Bagnis,clay,2.7968583945890372e-30,100.0
3125,J. M. Cerundolo,F. Bagnis,grass,6.216061681378407e-35,100.0
3126,J. M. Cerundolo,A. Davidovich Fokina,hard,2.3427597097193533e-50,100.0
3127,J. M. Cerundolo,A. Davidovich Fokina,clay,1.8353727805896678e-44,100.0
3128,J. M. Cerundolo,A. Davidovich Fokina,grass,1.1366254723641574e-41,100.0
3129,M. Purcell,M. Arnaldi,hard,100.0,0.0
3130,M. Purcell,M. Arnaldi,clay,0.016767995783321155,99.98323200421669
3131,M. Purcell,M. Arnaldi,grass,46.957335582153156,53.042664417846844
3132,M. Purcell,C. Ilkel,hard,1.279579711846406e-16,100.0
3133,M. Purcell,C. Ilkel,clay,1.279579711846406e-16,100.0
3134,M. Purcell,C. Ilkel,grass,1.279579711846406e-16,100.0
3135,O. Krutykh,N. Mejia,hard,99.95743802312603,0.04256197687396712
3136,O. Krutykh,N. Mejia,clay,100.0,0.0
3137,O. Krutykh,N. Mejia,grass,99.99085841261478,0.00914158738521964
3138,F. Auger-Aliassime,B. Van De Zandschulp,hard,100.0,0.0
3139,F. Auger-Aliassime,B. Van De Zandschulp,clay,100.0,0.0
3140,F. Auger-Aliassime,B. Van De Zandschulp,grass,100.0,0.0
3141,F. Auger-Aliassime,J-L. Struff,hard,100.0,0.0
3142,F. Auger-Aliassime,J-L. Struff,clay,99.99999999999541,4.596323321948148e-12
3143,F. Auger-Aliassime,J-L. Struff,grass,99.9999944835288,5.516471202060558e-06
3144,F. Auger-Aliassime,G. Barrere,hard,100.0,0.0
3145,F. Auger-Aliassime,G. Barrere,clay,99.99999941013138,5.898686206151638e-07
3146,F. Auger-Aliassime,G. Barrere,grass,99.9999999931902,6.809797170603815e-09
3147,F. Auger-Aliassime,J. Kubler,hard,100.0,0.0
3148,F. Auger-Aliassime,J. Kubler,clay,99.99999999998902,1.099120794378905e-11
3149,F. Auger-Aliassime,J. Kubler,grass,99.99999999982813,1.7186252421197423e-10
3150,F. Auger-Aliassime,J. Lehecka,hard,99.99999981270291,1.8729708894937858e-07
3151,F. Auger-Aliassime,J. Lehecka,clay,100.0,0.0
3152,F. Auger-Aliassime,J. Lehecka,grass,96.47711522859002,3.522884771409973
3153,F. Auger-Aliassime,M. Berrettini,hard,100.0,0.0
3154,F. Auger-Aliassime,M. Berrettini,clay,100.0,0.0
3155,F. Auger-Aliassime,M. Berrettini,grass,99.99999999483585,5.164157990122931e-09
3156,F. Auger-Aliassime,C. Ruud,hard,99.99937949432987,0.0006205056701347189
3157,F. Auger-Aliassime,C. Ruud,clay,100.0,0.0
3158,F. Auger-Aliassime,C. Ruud,grass,98.89053958841666,1.1094604115833406
3159,F. Auger-Aliassime,C. Alcaraz,hard,4.8483631382639844e-33,100.0
3160,F. Auger-Aliassime,C. Alcaraz,clay,5.1101371516733645e-34,100.0
3161,F. Auger-Aliassime,C. Alcaraz,grass,5.906515465119665e-32,100.0
3162,F. Auger-Aliassime,A. Rublev,hard,5.558905332396562e-22,100.0
3163,F. Auger-Aliassime,A. Rublev,clay,1.2076387939421904e-31,100.0
3164,F. Auger-Aliassime,A. Rublev,grass,1.3958406596508386e-29,100.0
3165,F. Auger-Aliassime,D. Medvedev,hard,1.0231474480852086e-12,99.99999999999898
3166,F. Auger-Aliassime,D. Medvedev,clay,1.4026932906631193e-18,100.0
3167,F. Auger-Aliassime,D. Medvedev,grass,2.5691223783435944e-20,100.0
3168,F. Auger-Aliassime,M. Fucsovics,hard,4.705829390032965e-13,99.99999999999953
3169,F. Auger-Aliassime,M. Fucsovics,clay,2.7432474186681243e-17,100.0
3170,F. Auger-Aliassime,M. Fucsovics,grass,1.753699402362747e-18,100.0
3171,F. Auger-Aliassime,M. McDonald,hard,1.712754286339605e-29,100.0
3172,F. Auger-Aliassime,M. McDonald,clay,5.100615169593018e-27,100.0
3173,F. Auger-Aliassime,M. McDonald,grass,5.000467159316979e-29,100.0
3174,F. Auger-Aliassime,A. De Minaur,hard,1.7772894170904692e-26,100.0
3175,F. Auger-Aliassime,A. De Minaur,clay,1.0779805226481716e-26,100.0
3176,F. Auger-Aliassime,A. De Minaur,grass,1.4588879935614209e-27,100.0
3177,N. Bains,T. Babos,hard,8.1482645208076e-36,100.0
3178,N. Bains,T. Babos,clay,1.263208172598321e-25,100.0
3179,N. Bains,T. Babos,grass,6.264379225810588e-31,100.0
3180,J. Chardy,C. Alcaraz,hard,8.015748189382049e-40,100.0
3181,J. Chardy,C. Alcaraz,clay,2.797771024159714e-39,100.0
3182,J. Chardy,C. Alcaraz,grass,3.888962036657214e-31,100.0
3183,J. Chardy,D. Evans,hard,2.5317420620930594e-23,100.0
3184,J. Chardy,D. Evans,clay,1.1346480728597618e-22,100.0
3185,J. Chardy,D. Evans,grass,4.5774970307267074e-20,100.0
3186,G. Olmos,Ar. Rodionova,hard,3.910848626168209e-22,100.0
3187,G. Olmos,Ar. Rodionova,clay,1.3205889533476472e-25,100.0
3188,G. Olmos,Ar. Rodionova,grass,1.3270721495159044e-14,99.99999999999999
3189,D. Svrcina,O. Jasika,hard,4.257772942777836e-26,100.0
3190,D. Svrcina,O. Jasika,clay,1.272619186653441e-16,100.0
3191,D. Svrcina,O. Jasika,grass,4.257772942777836e-26,100.0
3192,L. Fruhvirtova,L. Miyazaki,hard,100.0,0.0
3193,L. Fruhvirtova,L. Miyazaki,clay,100.0,0.0
3194,L. Fruhvirtova,L. Miyazaki,grass,100.0,0.0
3195,L. Fruhvirtova,A. Rus,hard,99.99995512616442,4.487383558071656e-05
3196,L. Fruhvirtova,A. Rus,clay,1.0544472529149944e-12,99.99999999999895
3197,L. Fruhvirtova,A. Rus,grass,1.0544472529149944e-12,99.99999999999895
3198,L. Fruhvirtova,J. Ostapenko,hard,2.2593060124946976e-15,100.0
3199,L. Fruhvirtova,J. Ostapenko,clay,1.8593516989161496e-17,100.0
3200,L. Fruhvirtova,J. Ostapenko,grass,1.14242516776624e-22,100.0
3201,L. Fruhvirtova,L. Stefanini,hard,2.078593015095766e-30,100.0
3202,L. Fruhvirtova,L. Stefanini,clay,4.062891683985258e-24,100.0
3203,L. Fruhvirtova,L. Stefanini,grass,2.4963269274976678e-29,100.0
3204,L. Fruhvirtova,T. Maria,hard,4.392990985247757e-31,100.0
3205,L. Fruhvirtova,T. Maria,clay,1.3810822842949889e-31,100.0
3206,L. Fruhvirtova,T. Maria,grass,6.189581378762293e-31,100.0
3207,Y. Yuan,Xiy. Wang,hard,100.0,0.0
3208,Y. Yuan,Xiy. Wang,clay,0.0005932190363126322,99.99940678096368
3209,Y. Yuan,Xiy. Wang,grass,78.55356339179843,21.44643660820157
3210,Y. Yuan,N. Podoroska,hard,100.0,0.0
3211,Y. Yuan,N. Podoroska,clay,91.94688066747054,8.053119332529468
3212,Y. Yuan,N. Podoroska,grass,0.6275240316513321,99.37247596834867
3213,Y. Yuan,C. Gauff,hard,3.930907385821204e-19,100.0
3214,Y. Yuan,C. Gauff,clay,1.7846291921911688e-23,100.0
3215,Y. Yuan,C. Gauff,grass,1.7846291921911688e-23,100.0
3216,H. Sakatsume,K. Juvan,hard,3.464325807488022e-47,100.0
3217,H. Sakatsume,K. Juvan,clay,3.46625885644903e-35,100.0
3218,H. Sakatsume,K. Juvan,grass,1.1324941248581817e-40,100.0
3219,H. Dellien,P. Cachin,hard,99.99999999987284,1.2716494524056543e-10
3220,H. Dellien,P. Cachin,clay,100.0,0.0
3221,H. Dellien,P. Cachin,grass,99.99958428084666,0.0004157191533349369
3222,H. Dellien,M. Martineau,hard,99.99999999999577,4.241051954068098e-12
3223,H. Dellien,M. Martineau,clay,100.0,0.0
3224,H. Dellien,M. Martineau,grass,99.99999999999577,4.241051954068098e-12
3225,H. Dellien,C. Norrie,hard,7.260173450188257e-38,100.0
3226,H. Dellien,C. Norrie,clay,8.844701921057814e-37,100.0
3227,H. Dellien,C. Norrie,grass,8.844701921057814e-37,100.0
3228,A. Bublik,B. Coric,hard,99.99999999934491,6.550981979103199e-10
3229,A. Bublik,B. Coric,clay,71.15464469150174,28.845355308498256
3230,A. Bublik,B. Coric,grass,100.0,0.0
3231,A. Bublik,J. Sinner,hard,99.99999999999993,6.661338147750939e-14
3232,A. Bublik,J. Sinner,clay,99.99999999996353,3.645972412869014e-11
3233,A. Bublik,J. Sinner,grass,100.0,0.0
3234,A. Bublik,B. Shelton,hard,99.99999999999991,8.881784197001252e-14
3235,A. Bublik,B. Shelton,clay,100.0,0.0
3236,A. Bublik,B. Shelton,grass,99.99999999966553,3.3446578839857466e-10
3237,A. Bublik,D. Goffin,hard,99.99999999999294,7.061018436615996e-12
3238,A. Bublik,D. Goffin,clay,99.99999999321847,6.781530892396859e-09
3239,A. Bublik,D. Goffin,grass,100.0,0.0
3240,A. Bublik,A. Rublev,hard,100.0,0.0
3241,A. Bublik,A. Rublev,clay,8.892308666806979e-18,100.0
3242,A. Bublik,A. Rublev,grass,1.2360500743054614e-09,99.99999999876395
3243,A. Bublik,G. Monfils,hard,1.1690145713402282e-25,100.0
3244,A. Bublik,G. Monfils,clay,5.107768490702677e-31,100.0
3245,A. Bublik,G. Monfils,grass,8.313137953208806e-26,100.0
3246,A. Bublik,S. Nagal,hard,3.090732091836589e-06,99.9999969092679
3247,A. Bublik,S. Nagal,clay,4.836906292934688e-21,100.0
3248,A. Bublik,S. Nagal,grass,1.581193070062317e-14,99.99999999999999
3249,I. Begu,L. Samsonova,hard,2.0698900189025643e-10,99.999999999793
3250,I. Begu,L. Samsonova,clay,100.0,0.0
3251,I. Begu,L. Samsonova,grass,9.839311841034322e-06,99.99999016068816
3252,I. Begu,E. Mertens,hard,99.62228454072597,0.3777154592740306
3253,I. Begu,E. Mertens,clay,100.0,0.0
3254,I. Begu,E. Mertens,grass,99.62228454072597,0.3777154592740306
3255,I. Begu,M. Sakkari,hard,1.210857982443157e-43,100.0
3256,I. Begu,M. Sakkari,clay,2.667092193265287e-39,100.0
3257,I. Begu,M. Sakkari,grass,2.667092193265287e-39,100.0
3258,I. Begu,A. Sabalenka,hard,2.885823223213438e-48,100.0
3259,I. Begu,A. Sabalenka,clay,1.0264113483301717e-46,100.0
3260,I. Begu,A. Sabalenka,grass,9.433806250568189e-42,100.0
3261,E. Navarro,E. Andreeva,hard,99.9999999999749,2.5091040356528538e-11
3262,E. Navarro,E. Andreeva,clay,100.0,0.0
3263,E. Navarro,E. Andreeva,grass,99.99999999883995,1.1600498339703336e-09
3264,E. Navarro,R. Marino,hard,100.0,0.0
3265,E. Navarro,R. Marino,clay,99.99999999999909,9.103828801926284e-13
3266,E. Navarro,R. Marino,grass,99.99999702863592,2.9713640881112724e-06
3267,E. Navarro,K. Volynets,hard,100.0,0.0
3268,E. Navarro,K. Volynets,clay,100.0,0.0
3269,E. Navarro,K. Volynets,grass,99.99999999999977,2.220446049250313e-13
3270,E. Navarro,M. Sakkari,hard,99.99999999998902,1.099120794378905e-11
3271,E. Navarro,M. Sakkari,clay,97.087666148403,2.9123338515970043
3272,E. Navarro,M. Sakkari,grass,0.001019767685161552,99.99898023231484
3273,E. Navarro,K. Siniakova,hard,2.570961261473303e-19,100.0
3274,E. Navarro,K. Siniakova,clay,5.562884191995374e-21,100.0
3275,E. Navarro,K. Siniakova,grass,3.74824188477152e-23,100.0
3276,E. Navarro,J. Pegula,hard,2.4315137936124175e-10,99.99999999975685
3277,E. Navarro,J. Pegula,clay,1.7422557652165482e-10,99.99999999982577
3278,E. Navarro,J. Pegula,grass,5.3296008148835484e-17,100.0
3279,E. Navarro,C. Gauff,hard,0.0021796113398211345,99.99782038866017
3280,E. Navarro,C. Gauff,clay,3.871299658399171e-06,99.99999612870035
3281,E. Navarro,C. Gauff,grass,1.184239594707681e-12,99.9999999999988
3282,E. Navarro,A. Sabalenka,hard,8.627938514443312e-21,100.0
3283,E. Navarro,A. Sabalenka,clay,5.450383282733099e-22,100.0
3284,E. Navarro,A. Sabalenka,grass,1.532411218788094e-23,100.0
3285,L. Neumayer,H. Medjedovic,hard,1.7686541110846453e-59,100.0
3286,L. Neumayer,H. Medjedovic,clay,1.0126152686401868e-62,100.0
3287,L. Neumayer,H. Medjedovic,grass,3.751634228357566e-57,100.0
3288,P. Kudermetova,M. Andreeva,hard,1.4222909170991708e-42,100.0
3289,P. Kudermetova,M. Andreeva,clay,2.0490585737921554e-42,100.0
3290,P. Kudermetova,M. Andreeva,grass,1.6603693595955989e-38,100.0
3291,C. Alves,D. Yastremska,hard,1.1162742807692396e-07,99.99999988837257
3292,C. Alves,D. Yastremska,clay,100.0,0.0
3293,C. Alves,D. Yastremska,grass,0.0003593622729329332,99.99964063772707
3294,R. Peterson,S. Zhang,hard,100.0,0.0
3295,R. Peterson,S. Zhang,clay,94.41292571463133,5.587074285368676
3296,R. Peterson,S. Zhang,grass,94.41292571463133,5.587074285368676
3297,H. Grenier,M. Marterer,hard,100.0,0.0
3298,H. Grenier,M. Marterer,clay,99.99999999999996,4.440892098500626e-14
3299,H. Grenier,M. Marterer,grass,99.99999984387635,1.5612364734352013e-07
3300,H. Grenier,D. Kuzmanov,hard,1.905913037398778e-06,99.99999809408696
3301,H. Grenier,D. Kuzmanov,clay,4.761366594844956e-15,100.0
3302,H. Grenier,D. Kuzmanov,grass,3.908367703857258e-16,100.0
3303,F. Jones,T. Maria,hard,1.380910555647992e-38,100.0
3304,F. Jones,T. Maria,clay,3.8582574047170337e-38,100.0
3305,F. Jones,T. Maria,grass,1.7291510041270993e-37,100.0
3306,C. Eubanks,G. Barrere,hard,99.9999999999816,1.8407497748285095e-11
3307,C. Eubanks,G. Barrere,clay,1.492750343136153e-13,99.99999999999986
3308,C. Eubanks,G. Barrere,grass,1.5550035808082474e-05,99.9999844499642
3309,C. Eubanks,A. Mannarino,hard,5.645714451887739e-16,100.0
3310,C. Eubanks,A. Mannarino,clay,9.665701679985081e-14,99.9999999999999
3311,C. Eubanks,A. Mannarino,grass,100.0,0.0
3312,C. Eubanks,L. Harris,hard,1.6190771628495777e-25,100.0
3313,C. Eubanks,L. Harris,clay,9.569591292759582e-16,100.0
3314,C. Eubanks,L. Harris,grass,99.9999999084965,9.150349367104127e-08
3315,C. Eubanks,J. Thompson,hard,3.1113416392077338e-49,100.0
3316,C. Eubanks,J. Thompson,clay,1.7549018385560436e-42,100.0
3317,C. Eubanks,J. Thompson,grass,4.103286309139956e-40,100.0
3318,C. Eubanks,D. Medvedev,hard,2.720507997802789e-37,100.0
3319,C. Eubanks,D. Medvedev,clay,1.235108720185249e-41,100.0
3320,C. Eubanks,D. Medvedev,grass,2.720507997802789e-37,100.0
3321,J. Munar,N. Jarry,hard,1.5867208953111062e-47,100.0
3322,J. Munar,N. Jarry,clay,1.3024598250812176e-48,100.0
3323,J. Munar,N. Jarry,grass,3.494985352647467e-43,100.0
3324,M. Giron,N. Borges,hard,99.99974536150715,0.0002546384928470147
3325,M. Giron,N. Borges,clay,100.0,0.0
3326,M. Giron,N. Borges,grass,99.99974536150715,0.0002546384928470147
3327,M. Giron,A. Vavassori,hard,99.97738682635739,0.022613173642616058
3328,M. Giron,A. Vavassori,clay,99.9987009893309,0.0012990106690979886
3329,M. Giron,A. Vavassori,grass,100.0,0.0
3330,M. Giron,F. Coria,hard,100.0,0.0
3331,M. Giron,F. Coria,clay,99.99999998694844,1.3051559832888415e-08
3332,M. Giron,F. Coria,grass,99.99999977274993,2.272500632116703e-07
3333,M. Giron,R. Carballes Baena,hard,100.0,0.0
3334,M. Giron,R. Carballes Baena,clay,100.0,0.0
3335,M. Giron,R. Carballes Baena,grass,100.0,0.0
3336,M. Giron,D. Thiem,hard,3.4018995007786076e-38,100.0
3337,M. Giron,D. Thiem,clay,5.179455007469773e-31,100.0
3338,M. Giron,D. Thiem,grass,1.1120868567449153e-31,100.0
3339,M. Giron,L. Sonego,hard,2.7912911677141584e-32,100.0
3340,M. Giron,L. Sonego,clay,7.795382744772832e-29,100.0
3341,M. Giron,L. Sonego,grass,5.046772822323791e-29,100.0
3342,M. Giron,S. Baez,hard,7.597680211614986e-25,100.0
3343,M. Giron,S. Baez,clay,1.3179202663113898e-12,99.99999999999868
3344,M. Giron,S. Baez,grass,2.7164361309929646e-21,100.0
3345,B. Bencic,L. Samsonova,hard,100.0,0.0
3346,B. Bencic,L. Samsonova,clay,87.2773280001039,12.722671999896097
3347,B. Bencic,L. Samsonova,grass,87.2773280001039,12.722671999896097
3348,B. Bencic,E. Alexandrova,hard,99.99995800082307,4.199917692515598e-05
3349,B. Bencic,E. Alexandrova,clay,100.0,0.0
3350,B. Bencic,E. Alexandrova,grass,99.9977069742551,0.002293025744903865
3351,B. Bencic,S. Rogers,hard,100.0,0.0
3352,B. Bencic,S. Rogers,clay,0.01946719563957616,99.98053280436042
3353,B. Bencic,S. Rogers,grass,96.94095705781763,3.0590429421823773
3354,B. Bencic,B. Haddad Maia,hard,99.99999999998856,1.1435297153639112e-11
3355,B. Bencic,B. Haddad Maia,clay,4.700896007890529e-17,100.0
3356,B. Bencic,B. Haddad Maia,grass,1.6852302458615462e-07,99.99999983147697
3357,B. Bencic,C. Gauff,hard,1.1195780350313308e-18,100.0
3358,B. Bencic,C. Gauff,clay,5.082876415404323e-23,100.0
3359,B. Bencic,C. Gauff,grass,5.082876415404323e-23,100.0
3360,B. Bencic,A. Sabalenka,hard,4.431725844446945e-36,100.0
3361,B. Bencic,A. Sabalenka,clay,7.156155817109677e-39,100.0
3362,B. Bencic,A. Sabalenka,grass,6.577264328509052e-34,100.0
3363,E. Tse,B. Fruhvirtova,hard,2.3810178834795027e-105,100.0
3364,E. Tse,B. Fruhvirtova,clay,1.5698826472327427e-102,100.0
3365,E. Tse,B. Fruhvirtova,grass,7.084714572128647e-101,100.0
3366,K. Volodko,E. Routliffe,hard,100.0,0.0
3367,K. Volodko,E. Routliffe,clay,99.999999999999,9.992007221626409e-13
3368,K. Volodko,E. Routliffe,grass,99.99999995591658,4.408342579864666e-08
3369,C. H. Tseng,N. D. Ionel,hard,1.541394895249102e-10,99.99999999984585
3370,C. H. Tseng,N. D. Ionel,clay,89.42587414290013,10.574125857099869
3371,C. H. Tseng,N. D. Ionel,grass,2.0532501206814393,97.94674987931856
3372,C. H. Tseng,A. Mannarino,hard,2.020230998775132e-53,100.0
3373,C. H. Tseng,A. Mannarino,clay,1.395347570320543e-48,100.0
3374,C. H. Tseng,A. Mannarino,grass,5.6292338679743605e-46,100.0
3375,C. H. Tseng,P. Cachin,hard,2.9948892095591217e-40,100.0
3376,C. H. Tseng,P. Cachin,clay,7.423588147069474e-43,100.0
3377,C. H. Tseng,P. Cachin,grass,2.9948892095591217e-40,100.0
3378,K. Rakhimova,S. Bejlek,hard,99.9999993087682,6.912318051277566e-07
3379,K. Rakhimova,S. Bejlek,clay,100.0,0.0
3380,K. Rakhimova,S. Bejlek,grass,99.99999988163543,1.183645625957297e-07
3381,K. Rakhimova,A. Kalinskaya,hard,1.9063785195682747e-20,100.0
3382,K. Rakhimova,A. Kalinskaya,clay,7.690879860898847e-18,100.0
3383,K. Rakhimova,A. Kalinskaya,grass,7.690879860898847e-18,100.0
3384,A. Parks,C. Bucsa,hard,99.99999999858173,1.4182655050376525e-09
3385,A. Parks,C. Bucsa,clay,0.6554678205399153,99.34453217946009
3386,A. Parks,C. Bucsa,grass,0.6554678205399153,99.34453217946009
3387,A. Parks,L. Fernandez,hard,100.0,0.0
3388,A. Parks,L. Fernandez,clay,100.0,0.0
3389,A. Parks,L. Fernandez,grass,100.0,0.0
3390,A. Parks,E. Arango,hard,2.7894680920908315e-08,99.99999997210533
3391,A. Parks,E. Arango,clay,1.2664165549094104e-12,99.99999999999874
3392,A. Parks,E. Arango,grass,2.7894680920908315e-08,99.99999997210533
3393,L. Siegemund,M. Chwalinska,hard,99.99999999997837,2.162714451969805e-11
3394,L. Siegemund,M. Chwalinska,clay,100.0,0.0
3395,L. Siegemund,M. Chwalinska,grass,99.99999999990976,9.023892744153272e-11
3396,L. Siegemund,P. Martic,hard,6.617704061814697e-19,100.0
3397,L. Siegemund,P. Martic,clay,8.330460004845664e-21,100.0
3398,L. Siegemund,P. Martic,grass,3.004432995952979e-23,100.0
3399,L. Siegemund,B. Pera,hard,9.504140290569787e-20,100.0
3400,L. Siegemund,B. Pera,clay,1.8294223311777102e-20,100.0
3401,L. Siegemund,B. Pera,grass,6.59792713982949e-23,100.0
3402,L. Siegemund,A. Bogdan,hard,1.6608876961175432e-30,100.0
3403,L. Siegemund,A. Bogdan,clay,5.878278909988777e-34,100.0
3404,L. Siegemund,A. Bogdan,grass,6.930442366440864e-30,100.0
3405,L. Siegemund,D. Yastremska,hard,9.801156378248615e-31,100.0
3406,L. Siegemund,D. Yastremska,clay,3.9719345469358875e-29,100.0
3407,L. Siegemund,D. Yastremska,grass,1.4325032715646313e-31,100.0
3408,I. Khromacheva,A. Hartono,hard,1.9718003206207397e-22,100.0
3409,I. Khromacheva,A. Hartono,clay,2.5825487729412197e-20,100.0
3410,I. Khromacheva,A. Hartono,grass,1.2115159888254388e-27,100.0
3411,I. Khromacheva,K. Deichmann,hard,1.8604076653726562,98.13959233462735
3412,I. Khromacheva,K. Deichmann,clay,71.2878343185491,28.712165681450898
3413,I. Khromacheva,K. Deichmann,grass,1.164742807311294e-05,99.99998835257192
3414,J. Duckworth,Y. Hanfmann,hard,100.0,0.0
3415,J. Duckworth,Y. Hanfmann,clay,95.81548892583565,4.184511074164343
3416,J. Duckworth,Y. Hanfmann,grass,99.98523752963312,0.014762470366869174
3417,J. Duckworth,J. McCabe,hard,100.0,0.0
3418,J. Duckworth,J. McCabe,clay,100.0,0.0
3419,J. Duckworth,J. McCabe,grass,100.0,0.0
3420,T. Seyboth Wild,C. O&apos;Connell,hard,2.5693878122430868e-21,100.0
3421,T. Seyboth Wild,C. O&apos;Connell,clay,4.3471419019267135e-31,100.0
3422,T. Seyboth Wild,C. O&apos;Connell,grass,9.575217240795976e-27,100.0
3423,T. Seyboth Wild,A. Davidovich Fokina,hard,3.6311020299708153e-41,100.0
3424,T. Seyboth Wild,A. Davidovich Fokina,clay,2.3561275927671057e-45,100.0
3425,T. Seyboth Wild,A. Davidovich Fokina,grass,6.565186481404745e-38,100.0
3426,H. Rune,T. Fritz,hard,100.0,0.0
3427,H. Rune,T. Fritz,clay,99.99999999999983,1.7763568394002505e-13
3428,H. Rune,T. Fritz,grass,99.99999809271507,1.9072849188894736e-06
3429,H. Rune,S. Nagal,hard,100.0,0.0
3430,H. Rune,S. Nagal,clay,100.0,0.0
3431,H. Rune,S. Nagal,grass,99.99999999999996,4.440892098500626e-14
3432,H. Rune,D. Medvedev,hard,3.066253002867193,96.93374699713281
3433,H. Rune,D. Medvedev,clay,100.0,0.0
3434,H. Rune,D. Medvedev,grass,0.0005992475299832574,99.99940075247001
3435,H. Rune,N. Djokovic,hard,2.749052307915551e-12,99.99999999999724
3436,H. Rune,N. Djokovic,clay,99.99999999966427,3.3573144264664734e-10
3437,H. Rune,N. Djokovic,grass,1.147106371302179e-11,99.99999999998853
3438,H. Rune,G. Dimitrov,hard,9.000494321769491e-08,99.99999990999505
3439,H. Rune,G. Dimitrov,clay,5.753580893955128e-11,99.99999999994247
3440,H. Rune,G. Dimitrov,grass,99.99998321172751,1.67882724833035e-05
3441,H. Rune,C. Alcaraz,hard,6.368111000834395e-38,100.0
3442,H. Rune,C. Alcaraz,clay,4.644808536912973e-34,100.0
3443,H. Rune,C. Alcaraz,grass,5.852967765966074e-33,100.0
3444,H. Rune,A. Rublev,hard,7.301376813228264e-27,100.0
3445,H. Rune,A. Rublev,clay,1.0976713174465714e-31,100.0
3446,H. Rune,A. Rublev,grass,1.3831861502110974e-30,100.0
3447,H. Rune,A. Davidovich Fokina,hard,4.2791041582905554e-35,100.0
3448,H. Rune,A. Davidovich Fokina,clay,1.5569810405004728e-30,100.0
3449,H. Rune,A. Davidovich Fokina,grass,3.9329494574458156e-30,100.0
3450,H. Rune,M. Kecmanovic,hard,5.181727575919601e-35,100.0
3451,H. Rune,M. Kecmanovic,clay,4.362651288541527e-32,100.0
3452,H. Rune,M. Kecmanovic,grass,1.9187876686775948e-30,100.0
3453,B. Strycova,M. Zanevska,hard,100.0,0.0
3454,B. Strycova,M. Zanevska,clay,100.0,0.0
3455,B. Strycova,M. Zanevska,grass,100.0,0.0
3456,C. Naef,A. Potapova,hard,0.016378385731856644,99.98362161426815
3457,C. Naef,A. Potapova,clay,0.3953080778457339,99.60469192215426
3458,C. Naef,A. Potapova,grass,0.3953080778457339,99.60469192215426
3459,C. Naef,D. Collins,hard,0.0005447767898543931,99.99945522321015
3460,C. Naef,D. Collins,clay,0.01319706346838995,99.9868029365316
3461,C. Naef,D. Collins,grass,0.01319706346838995,99.9868029365316
3462,Y. Y. Yang,E. Mandlik,hard,1.4852284915287641e-37,100.0
3463,Y. Y. Yang,E. Mandlik,clay,1.4852284915287641e-37,100.0
3464,Y. Y. Yang,E. Mandlik,grass,1.4852284915287641e-37,100.0
3465,I. Burillo Escorihuela,K. Kanepi,hard,3.8615213853388495e-25,100.0
3466,I. Burillo Escorihuela,K. Kanepi,clay,0.07115822630978982,99.92884177369021
3467,I. Burillo Escorihuela,K. Kanepi,grass,2.0383679161619438e-21,100.0
3468,J. Niemeier,C. Liu,hard,100.0,0.0
3469,J. Niemeier,C. Liu,clay,99.99994339684118,5.660315882671796e-05
3470,J. Niemeier,C. Liu,grass,98.20137900379085,1.7986209962091548
3471,J. Niemeier,J. Pegula,hard,6.023379260483389e-35,100.0
3472,J. Niemeier,J. Pegula,clay,7.943727343485363e-26,100.0
3473,J. Niemeier,J. Pegula,grass,2.4300046278059768e-32,100.0
3474,J. Sousa,F. Misolic,hard,99.71933337325751,0.2806666267424873
3475,J. Sousa,F. Misolic,clay,99.9592996058961,0.040700394103898585
3476,J. Sousa,F. Misolic,grass,0.0020527606377535833,99.99794723936225
3477,T. Paul,H. Hurkacz,hard,100.0,0.0
3478,T. Paul,H. Hurkacz,clay,100.0,0.0
3479,T. Paul,H. Hurkacz,grass,100.0,0.0
3480,T. Paul,J. Thompson,hard,100.0,0.0
3481,T. Paul,J. Thompson,clay,99.99999999999977,2.220446049250313e-13
3482,T. Paul,J. Thompson,grass,99.99999981528886,1.8471113527596117e-07
3483,T. Paul,B. Shelton,hard,99.54034405948664,0.45965594051335934
3484,T. Paul,B. Shelton,clay,1.6369279657012155,98.36307203429878
3485,T. Paul,B. Shelton,grass,8.51375232019067e-09,99.99999999148625
3486,T. Paul,D. Medvedev,hard,8.430150643945764e-18,100.0
3487,T. Paul,D. Medvedev,clay,5.749078161505949e-18,100.0
3488,T. Paul,D. Medvedev,grass,6.478382100140161e-22,100.0
3489,T. Paul,F. Cerundolo,hard,8.977687831342805e-17,100.0
3490,T. Paul,F. Cerundolo,clay,1.362411394883255e-10,99.99999999986375
3491,T. Paul,F. Cerundolo,grass,6.969984215954793e-19,100.0
3492,T. Paul,J. Lehecka,hard,7.939762609878974e-30,100.0
3493,T. Paul,J. Lehecka,clay,4.4048809262658635e-22,100.0
3494,T. Paul,J. Lehecka,grass,1.2463760237562683e-33,100.0
3495,E. Routliffe,K. Volodko,hard,4.5016869871324e-29,100.0
3496,E. Routliffe,K. Volodko,clay,8.793222931901063e-39,100.0
3497,E. Routliffe,K. Volodko,grass,3.86016917739519e-34,100.0
3498,D. Collins,D. Kasatkina,hard,1.1582153645280585e-08,99.99999998841784
3499,D. Collins,D. Kasatkina,clay,100.0,0.0
3500,D. Collins,D. Kasatkina,grass,0.0008904271143794137,99.99910957288563
3501,D. Collins,E. Alexandrova,hard,100.0,0.0
3502,D. Collins,E. Alexandrova,clay,3.8521274063904084e-05,99.99996147872594
3503,D. Collins,E. Alexandrova,grass,0.8413491074166674,99.15865089258334
3504,D. Collins,C. Naef,hard,1.6073487751926243e-19,100.0
3505,D. Collins,C. Naef,clay,6.6343207194423755e-21,100.0
3506,D. Collins,C. Naef,grass,6.6343207194423755e-21,100.0
3507,D. Collins,E. Rybakina,hard,100.0,0.0
3508,D. Collins,E. Rybakina,clay,0.0006108438135332161,99.99938915618647
3509,D. Collins,E. Rybakina,grass,0.0006108438135332161,99.99938915618647
3510,D. Collins,A. Kerber,hard,99.99999999994398,5.60218538225854e-11
3511,D. Collins,A. Kerber,clay,1.9892942234219816e-15,100.0
3512,D. Collins,A. Kerber,grass,3.443026666963801e-08,99.99999996556973
3513,D. Collins,C. Garcia,hard,99.97732859494731,0.02267140505268772
3514,D. Collins,C. Garcia,clay,1.0823015229148738e-16,100.0
3515,D. Collins,C. Garcia,grass,2.3839277474151117e-12,99.99999999999761
3516,D. Collins,A. Sabalenka,hard,3.9146468156762224e-47,100.0
3517,D. Collins,A. Sabalenka,clay,1.3923368153647332e-45,100.0
3518,D. Collins,A. Sabalenka,grass,1.2797048447538017e-40,100.0
3519,D. Altmaier,J. Sinner,hard,10.982449835154025,89.01755016484597
3520,D. Altmaier,J. Sinner,clay,100.0,0.0
3521,D. Altmaier,J. Sinner,grass,16.961851448093128,83.03814855190687
3522,D. Altmaier,M. Landaluce,hard,100.0,0.0
3523,D. Altmaier,M. Landaluce,clay,100.0,0.0
3524,D. Altmaier,M. Landaluce,grass,100.0,0.0
3525,D. Altmaier,O. Otte,hard,5.201710008411931,94.79828999158806
3526,D. Altmaier,O. Otte,clay,100.0,0.0
3527,D. Altmaier,O. Otte,grass,71.0567333065268,28.943266693473202
3528,D. Altmaier,C. O&apos;Connell,hard,100.0,0.0
3529,D. Altmaier,C. O&apos;Connell,clay,99.42673790748802,0.5732620925119836
3530,D. Altmaier,C. O&apos;Connell,grass,99.99888697559271,0.0011130244072954376
3531,D. Altmaier,R. Gasquet,hard,99.99999999999869,1.3100631690576847e-12
3532,D. Altmaier,R. Gasquet,clay,100.0,0.0
3533,D. Altmaier,R. Gasquet,grass,99.99999969784623,3.0215376867204213e-07
3534,D. Altmaier,B. Coric,hard,2.4310965786969704e-38,100.0
3535,D. Altmaier,B. Coric,clay,1.4096423876388623e-44,100.0
3536,D. Altmaier,B. Coric,grass,1.755208768220853e-45,100.0
3537,D. Altmaier,J-L. Struff,hard,4.375839624438743e-40,100.0
3538,D. Altmaier,J-L. Struff,clay,3.8970964432002893e-35,100.0
3539,D. Altmaier,J-L. Struff,grass,9.165092372754142e-37,100.0
3540,D. Altmaier,F. Coria,hard,3.4600998605736156e-29,100.0
3541,D. Altmaier,F. Coria,clay,2.2794522062838623e-40,100.0
3542,D. Altmaier,F. Coria,grass,1.4937380528747908e-34,100.0
3543,D. Altmaier,R. Carballes Baena,hard,8.217130747919969e-15,99.99999999999999
3544,D. Altmaier,R. Carballes Baena,clay,1.5083784403095826e-18,100.0
3545,D. Altmaier,R. Carballes Baena,grass,3.5473660813884174e-20,100.0
3546,D. Galfi,A. Tomljanovic,hard,100.0,0.0
3547,D. Galfi,A. Tomljanovic,clay,99.9999999930871,6.912892480670507e-09
3548,D. Galfi,A. Tomljanovic,grass,98.56334359703838,1.4366564029616224
3549,Y. Putintseva,S. Stephens,hard,99.99999999999211,7.882583474838611e-12
3550,Y. Putintseva,S. Stephens,clay,100.0,0.0
3551,Y. Putintseva,S. Stephens,grass,99.99999999582845,4.171551992726563e-09
3552,Y. Putintseva,E. Avanesyan,hard,100.0,0.0
3553,Y. Putintseva,E. Avanesyan,clay,100.0,0.0
3554,Y. Putintseva,E. Avanesyan,grass,100.0,0.0
3555,Y. Putintseva,H. Watson,hard,3.900313361253813e-40,100.0
3556,Y. Putintseva,H. Watson,clay,8.956225043939066e-30,100.0
3557,Y. Putintseva,H. Watson,grass,2.3352791492538375e-35,100.0
3558,Y. Putintseva,I. Swiatek,hard,5.4840919018877e-18,100.0
3559,Y. Putintseva,I. Swiatek,clay,2.5956168380615705e-16,100.0
3560,Y. Putintseva,I. Swiatek,grass,6.76790707205307e-22,100.0
3561,Y. Putintseva,E. Rybakina,hard,4.1625355480165435e-31,100.0
3562,Y. Putintseva,E. Rybakina,clay,4.339489413414486e-25,100.0
3563,Y. Putintseva,E. Rybakina,grass,1.1314944740488181e-30,100.0
3564,K. Zavatska,L. Tanasie,hard,100.0,0.0
3565,K. Zavatska,L. Tanasie,clay,100.0,0.0
3566,K. Zavatska,L. Tanasie,grass,100.0,0.0
3567,L. Bronzetti,J. Grabher,hard,49.735591437179366,50.26440856282064
3568,L. Bronzetti,J. Grabher,clay,100.0,0.0
3569,L. Bronzetti,J. Grabher,grass,99.92017424578623,0.07982575421376925
3570,L. Bronzetti,V. Gracheva,hard,100.0,0.0
3571,L. Bronzetti,V. Gracheva,clay,99.99999999991633,8.36664071357518e-11
3572,L. Bronzetti,V. Gracheva,grass,100.0,0.0
3573,L. Bronzetti,K. Siniakova,hard,1.8899811719809156e-36,100.0
3574,L. Bronzetti,K. Siniakova,clay,1.0453190460963292e-39,100.0
3575,L. Bronzetti,K. Siniakova,grass,2.3024684213500777e-35,100.0
3576,L. Bronzetti,A. Sabalenka,hard,6.342624289858811e-38,100.0
3577,L. Bronzetti,A. Sabalenka,clay,1.024179051249018e-40,100.0
3578,L. Bronzetti,A. Sabalenka,grass,9.41328907858696e-36,100.0
3579,G. Barrere,F. Meligeni Alves,hard,99.99999999999997,2.220446049250313e-14
3580,G. Barrere,F. Meligeni Alves,clay,100.0,0.0
3581,G. Barrere,F. Meligeni Alves,grass,99.99999995292141,4.7078585474480406e-08
3582,G. Barrere,P. Martinez,hard,99.98234301894259,0.017656981057412313
3583,G. Barrere,P. Martinez,clay,100.0,0.0
3584,G. Barrere,P. Martinez,grass,99.98234301894259,0.017656981057412313
3585,G. Barrere,C. Alcaraz,hard,5.969493846885712e-40,100.0
3586,G. Barrere,C. Alcaraz,clay,6.639458550701167e-38,100.0
3587,G. Barrere,C. Alcaraz,grass,8.859514400597011e-38,100.0
3588,G. Barrere,C. Eubanks,hard,1.8408434364751267e-11,99.9999999999816
3589,G. Barrere,C. Eubanks,clay,5.866024953809977e-10,99.9999999994134
3590,G. Barrere,C. Eubanks,grass,5.631182788984002e-18,100.0
3591,G. Barrere,F. Auger-Aliassime,hard,4.8947288105996576e-36,100.0
3592,G. Barrere,F. Auger-Aliassime,clay,5.165190866416984e-33,100.0
3593,G. Barrere,F. Auger-Aliassime,grass,5.963000417441163e-35,100.0
3594,G. Barrere,A. Shevchenko,hard,3.0914454446813084e-10,99.99999999969086
3595,G. Barrere,A. Shevchenko,clay,9.851188732779846e-09,99.99999999014881
3596,G. Barrere,A. Shevchenko,grass,9.456803352357345e-17,100.0
3597,E. Svitolina,D. Kasatkina,hard,100.0,0.0
3598,E. Svitolina,D. Kasatkina,clay,82.87597471866702,17.124025281332976
3599,E. Svitolina,D. Kasatkina,grass,82.87597471866702,17.124025281332976
3600,E. Svitolina,V. Azarenka,hard,99.99999999987583,1.241673430740775e-10
3601,E. Svitolina,V. Azarenka,clay,99.99999994990843,5.009157533208963e-08
3602,E. Svitolina,V. Azarenka,grass,100.0,0.0
3603,E. Svitolina,A. Pavlyuchenkova,hard,100.0,0.0
3604,E. Svitolina,A. Pavlyuchenkova,clay,1.3708281624195698e-10,99.99999999986292
3605,E. Svitolina,A. Pavlyuchenkova,grass,0.009000043402997409,99.99099995659701
3606,E. Svitolina,M. Vondrousova,hard,2.431616613356769e-30,100.0
3607,E. Svitolina,M. Vondrousova,clay,4.73614245262902e-30,100.0
3608,E. Svitolina,M. Vondrousova,grass,4.73614245262902e-30,100.0
3609,J. Bradshaw,A. Rinderknech,hard,1.0768629737871822e-75,100.0
3610,J. Bradshaw,A. Rinderknech,clay,2.6692764402463856e-78,100.0
3611,J. Bradshaw,A. Rinderknech,grass,1.0768629737871822e-75,100.0
3612,G. Brouwer,F. Tiafoe,hard,1.3057391411540417e-60,100.0
3613,G. Brouwer,F. Tiafoe,clay,9.56684135921688e-62,100.0
3614,G. Brouwer,F. Tiafoe,grass,1.0915758111451794e-54,100.0
3615,R. Hijikata,L. Djere,hard,100.0,0.0
3616,R. Hijikata,L. Djere,clay,0.013531867670757855,99.98646813232924
3617,R. Hijikata,L. Djere,grass,99.77447965424184,0.22552034575815672
3618,R. Hijikata,J. Thompson,hard,2.698745272580909e-29,100.0
3619,R. Hijikata,J. Thompson,clay,3.294248742539259e-28,100.0
3620,R. Hijikata,J. Thompson,grass,7.702565161869806e-26,100.0
3621,R. Hijikata,A. Mannarino,hard,8.838418260016383e-31,100.0
3622,R. Hijikata,A. Mannarino,clay,3.2747518386134436e-34,100.0
3623,R. Hijikata,A. Mannarino,grass,5.32981552442523e-29,100.0
3624,R. Hijikata,B. Nakashima,hard,1.8066321030047202e-30,100.0
3625,R. Hijikata,B. Nakashima,clay,3.4171463420180113e-37,100.0
3626,R. Hijikata,B. Nakashima,grass,5.457626262592145e-29,100.0
3627,E. Mertens,A. Eala,hard,99.99999897772561,1.0222743873633533e-06
3628,E. Mertens,A. Eala,clay,2.386777093400269e-09,99.99999999761322
3629,E. Mertens,A. Eala,grass,2.386777093400269e-09,99.99999999761322
3630,E. Mertens,G. Ruse,hard,100.0,0.0
3631,E. Mertens,G. Ruse,clay,0.735302599385697,99.2646974006143
3632,E. Mertens,G. Ruse,grass,0.735302599385697,99.2646974006143
3633,E. Mertens,D. Kasatkina,hard,1.2869479739333764e-42,100.0
3634,E. Mertens,D. Kasatkina,clay,9.894045697731259e-38,100.0
3635,E. Mertens,D. Kasatkina,grass,9.894045697731259e-38,100.0
3636,E. Mertens,I. Begu,hard,3.320009674158525e-27,100.0
3637,E. Mertens,I. Begu,clay,3.320009674158525e-27,100.0
3638,E. Mertens,I. Begu,grass,3.320009674158525e-27,100.0
3639,E. Mertens,C. Gauff,hard,6.088415594799254e-29,100.0
3640,E. Mertens,C. Gauff,clay,6.088415594799254e-29,100.0
3641,E. Mertens,C. Gauff,grass,6.088415594799254e-29,100.0
3642,E. Mertens,A. Pavlyuchenkova,hard,4.7978715794224395e-48,100.0
3643,E. Mertens,A. Pavlyuchenkova,clay,2.802425919096699e-50,100.0
3644,E. Mertens,A. Pavlyuchenkova,grass,1.8400719935754174e-42,100.0
3645,F. Agamenone,O. Virtanen,hard,3.986188334965559e-15,100.0
3646,F. Agamenone,O. Virtanen,clay,100.0,0.0
3647,F. Agamenone,O. Virtanen,grass,1.8464655866751546e-06,99.9999981535344
3648,F. Agamenone,F. Comesana,hard,100.0,0.0
3649,F. Agamenone,F. Comesana,clay,99.99870854473726,0.0012914552627418807
3650,F. Agamenone,F. Comesana,grass,16.798161486607533,83.20183851339247
3651,E. Lys,P. Udvardy,hard,7.455962163451841e-06,99.99999254403784
3652,E. Lys,P. Udvardy,clay,99.99999999999973,2.6645352591003757e-13
3653,E. Lys,P. Udvardy,grass,3.3850018376975797e-10,99.9999999996615
3654,E. Lys,C. Bucsa,hard,3.1659494355938956e-66,100.0
3655,E. Lys,C. Bucsa,clay,1.5360084765774275e-57,100.0
3656,E. Lys,C. Bucsa,grass,1.5360084765774275e-57,100.0
3657,E. Lys,M. Bouzkova,hard,3.909076004793437e-27,100.0
3658,E. Lys,M. Bouzkova,clay,1.7747177605383692e-31,100.0
3659,E. Lys,M. Bouzkova,grass,1.7747177605383692e-31,100.0
3660,Z. Li,X. You,hard,2.6637570236346633e-48,100.0
3661,Z. Li,X. You,clay,1.0582108730034336e-57,100.0
3662,Z. Li,X. You,grass,1.831528093420445e-50,100.0
3663,E. Cocciaretto,S. Kenin,hard,100.0,0.0
3664,E. Cocciaretto,S. Kenin,clay,99.99999999828782,1.7121859485769164e-09
3665,E. Cocciaretto,S. Kenin,grass,99.99999999828782,1.7121859485769164e-09
3666,E. Cocciaretto,A. Potapova,hard,7.701087001365464e-14,99.99999999999993
3667,E. Cocciaretto,A. Potapova,clay,2.355780384104144e-20,100.0
3668,E. Cocciaretto,A. Potapova,grass,2.355780384104144e-20,100.0
3669,E. Cocciaretto,L. Davis,hard,9.820343811298987e-35,100.0
3670,E. Cocciaretto,L. Davis,clay,3.0040659600020615e-41,100.0
3671,E. Cocciaretto,L. Davis,grass,1.4574682485082785e-32,100.0
3672,E. Cocciaretto,C. Garcia,hard,4.489935677156445e-42,100.0
3673,E. Cocciaretto,C. Garcia,clay,3.8496122050328695e-44,100.0
3674,E. Cocciaretto,C. Garcia,grass,8.479335155742697e-40,100.0
3675,E. Escobedo,R. Te,hard,43.413499710451816,56.58650028954819
3676,E. Escobedo,R. Te,clay,99.99996012775989,3.9872240109595225e-05
3677,E. Escobedo,R. Te,grass,99.9279612032675,0.07203879673249869
3678,P. Brown,T. Atmane,hard,5.360199151308998e-97,100.0
3679,P. Brown,T. Atmane,clay,1.734451194813853e-92,100.0
3680,P. Brown,T. Atmane,grass,1.2753346895104985e-102,100.0
3681,E. Mandlik,J. Ponchet,hard,6.262945422547489e-19,100.0
3682,E. Mandlik,J. Ponchet,clay,99.99999507579318,4.924206820078325e-06
3683,E. Mandlik,J. Ponchet,grass,1.842981705740462e-10,99.9999999998157
3684,E. Mandlik,V. Tomova,hard,2.842171151243794e-21,100.0
3685,E. Mandlik,V. Tomova,clay,1.1315202746895435e-20,100.0
3686,E. Mandlik,V. Tomova,grass,99.99999999977835,2.2164492463616625e-10
3687,E. Mandlik,Y. Y. Yang,hard,100.0,0.0
3688,E. Mandlik,Y. Y. Yang,clay,99.99999999998303,1.6964207816272392e-11
3689,E. Mandlik,Y. Y. Yang,grass,99.99999999998303,1.6964207816272392e-11
3690,V. Azarenka,C. Giorgi,hard,99.99999999970095,2.9904967391303217e-10
3691,V. Azarenka,C. Giorgi,clay,3.0345760848323007e-06,99.99999696542392
3692,V. Azarenka,C. Giorgi,grass,3.0345760848323007e-06,99.99999696542392
3693,V. Azarenka,B. Krejcikova,hard,100.0,0.0
3694,V. Azarenka,B. Krejcikova,clay,9.914900146518968e-14,99.9999999999999
3695,V. Azarenka,B. Krejcikova,grass,5.649113272482018e-07,99.99999943508867
3696,V. Azarenka,N. Stevanovic,hard,100.0,0.0
3697,V. Azarenka,N. Stevanovic,clay,100.0,0.0
3698,V. Azarenka,N. Stevanovic,grass,100.0,0.0
3699,V. Azarenka,F. Ferro,hard,99.99999999999427,5.728750807065808e-12
3700,V. Azarenka,F. Ferro,clay,0.00012087097482260596,99.99987912902519
3701,V. Azarenka,F. Ferro,grass,0.00012087097482260596,99.99987912902519
3702,V. Azarenka,D. Yastremska,hard,9.670254957895728e-40,100.0
3703,V. Azarenka,D. Yastremska,clay,3.113157174568943e-36,100.0
3704,V. Azarenka,D. Yastremska,grass,3.113157174568943e-36,100.0
3705,V. Azarenka,I. Swiatek,hard,3.95463331571088e-29,100.0
3706,V. Azarenka,I. Swiatek,clay,3.95463331571088e-29,100.0
3707,V. Azarenka,I. Swiatek,grass,3.95463331571088e-29,100.0
3708,V. Azarenka,E. Rybakina,hard,3.001645860520774e-42,100.0
3709,V. Azarenka,E. Rybakina,clay,6.6115649874884e-38,100.0
3710,V. Azarenka,E. Rybakina,grass,6.6115649874884e-38,100.0
3711,V. Azarenka,E. Svitolina,hard,1.0872485082340066e-36,100.0
3712,V. Azarenka,E. Svitolina,clay,4.386273539036214e-34,100.0
3713,V. Azarenka,E. Svitolina,grass,4.386273539036214e-34,100.0
3714,M. Kubka,G. Ruse,hard,2.526372497434181e-39,100.0
3715,M. Kubka,G. Ruse,clay,1.7901702872239144e-40,100.0
3716,M. Kubka,G. Ruse,grass,1.7901702872239144e-40,100.0
3717,P. Llamas Ruiz,C. Hemery,hard,98.8052787002356,1.1947212997644008
3718,P. Llamas Ruiz,C. Hemery,clay,17.012213702272213,82.98778629772778
3719,P. Llamas Ruiz,C. Hemery,grass,98.8052787002356,1.1947212997644008
3720,L. Broady,A. Rublev,hard,2.5656965839723366e-34,100.0
3721,L. Broady,A. Rublev,clay,3.486258801999146e-43,100.0
3722,L. Broady,A. Rublev,grass,7.848525387407452e-41,100.0
3723,S. Napolitano,R. Gasquet,hard,1.2988075585863007e-15,100.0
3724,S. Napolitano,R. Gasquet,clay,4.4136959300608165e-24,100.0
3725,S. Napolitano,R. Gasquet,grass,7.980149446062058e-21,100.0
3726,T. Atmane,P. Brown,hard,100.0,0.0
3727,T. Atmane,P. Brown,clay,100.0,0.0
3728,T. Atmane,P. Brown,grass,100.0,0.0
3729,T. Atmane,L. Musetti,hard,5.058974717368262,94.94102528263174
3730,T. Atmane,L. Musetti,clay,100.0,0.0
3731,T. Atmane,L. Musetti,grass,99.99999511644711,4.883552884304976e-06
3732,T. Atmane,M. Kukushkin,hard,100.0,0.0
3733,T. Atmane,M. Kukushkin,clay,99.99999999999972,2.886579864025407e-13
3734,T. Atmane,M. Kukushkin,grass,100.0,0.0
3735,T. Atmane,D. Medvedev,hard,4.024360991940039e-13,99.9999999999996
3736,T. Atmane,D. Medvedev,clay,5.646391061149408e-22,100.0
3737,T. Atmane,D. Medvedev,grass,5.1741195024049815e-14,99.99999999999994
3738,T. Atmane,G. Dimitrov,hard,1.1450654414282082e-20,100.0
3739,T. Atmane,G. Dimitrov,clay,1.0825100097975059e-31,100.0
3740,T. Atmane,G. Dimitrov,grass,4.503525264198784e-28,100.0
3741,S. Stephens,T. Townsend,hard,99.99999998552876,1.4471246423397588e-08
3742,S. Stephens,T. Townsend,clay,2.598283227138114e-08,99.99999997401717
3743,S. Stephens,T. Townsend,grass,2.598283227138114e-08,99.99999997401717
3744,S. Stephens,Ka. Pliskova,hard,100.0,0.0
3745,S. Stephens,Ka. Pliskova,clay,11.428836403542665,88.57116359645734
3746,S. Stephens,Ka. Pliskova,grass,11.428836403542665,88.57116359645734
3747,S. Stephens,M. Linette,hard,99.99999999999814,1.865174681370263e-12
3748,S. Stephens,M. Linette,clay,3.198674024960054e-05,99.99996801325976
3749,S. Stephens,M. Linette,grass,3.198674024960054e-05,99.99996801325976
3750,S. Stephens,C. Garcia,hard,99.99998427402859,1.572597140286902e-05
3751,S. Stephens,C. Garcia,clay,1.0206295343377321e-14,99.99999999999999
3752,S. Stephens,C. Garcia,grass,2.2480861527209026e-10,99.99999999977518
3753,S. Stephens,V. Gracheva,hard,99.99990598944373,9.401055626190313e-05
3754,S. Stephens,V. Gracheva,clay,6.509520713792964e-07,99.99999934904793
3755,S. Stephens,V. Gracheva,grass,6.509520713792964e-07,99.99999934904793
3756,S. Stephens,Y. Putintseva,hard,6.893140503292006e-38,100.0
3757,S. Stephens,Y. Putintseva,clay,9.524491004500174e-41,100.0
3758,S. Stephens,Y. Putintseva,grass,3.6528174754838863e-35,100.0
3759,S. Stephens,S. Rogers,hard,1.6046748783441077e-35,100.0
3760,S. Stephens,S. Rogers,clay,6.447832912134092e-42,100.0
3761,S. Stephens,S. Rogers,grass,1.0494157007189729e-36,100.0
3762,S. Stephens,S. Sorribes Tormo,hard,1.5976037948479856e-35,100.0
3763,S. Stephens,S. Sorribes Tormo,clay,1.0663547995589072e-32,100.0
3764,S. Stephens,S. Sorribes Tormo,grass,1.0663547995589072e-32,100.0
3765,S. Stephens,E. Rybakina,hard,7.21753368512079e-40,100.0
3766,S. Stephens,E. Rybakina,clay,1.039666720191667e-36,100.0
3767,S. Stephens,E. Rybakina,grass,1.039666720191667e-36,100.0
3768,S. Stephens,S. Cirstea,hard,4.333911776462203e-36,100.0
3769,S. Stephens,S. Cirstea,clay,1.4961140479907627e-33,100.0
3770,S. Stephens,S. Cirstea,grass,1.4961140479907627e-33,100.0
3771,L. Zhu,Xin. Wang,hard,100.0,0.0
3772,L. Zhu,Xin. Wang,clay,99.98508231623224,0.014917683767756706
3773,L. Zhu,Xin. Wang,grass,99.99995078661695,4.9213383057633564e-05
3774,L. Zhu,S. J. Jang,hard,100.0,0.0
3775,L. Zhu,S. J. Jang,clay,100.0,0.0
3776,L. Zhu,S. J. Jang,grass,100.0,0.0
3777,A. Kalinskaya,C. Kuhl,hard,100.0,0.0
3778,A. Kalinskaya,C. Kuhl,clay,100.0,0.0
3779,A. Kalinskaya,C. Kuhl,grass,100.0,0.0
3780,A. Kalinskaya,K. Rakhimova,hard,100.0,0.0
3781,A. Kalinskaya,K. Rakhimova,clay,1.1385576064237126e-05,99.99998861442394
3782,A. Kalinskaya,K. Rakhimova,grass,1.1385576064237126e-05,99.99998861442394
3783,A. Kalinskaya,L. Noskova,hard,7.472308565665017e-35,100.0
3784,A. Kalinskaya,L. Noskova,clay,4.0797422416212165e-33,100.0
3785,A. Kalinskaya,L. Noskova,grass,4.0797422416212165e-33,100.0
3786,A. Kalinskaya,Q. Zheng,hard,1.1947783155620832e-23,100.0
3787,A. Kalinskaya,Q. Zheng,clay,2.961559350333279e-26,100.0
3788,A. Kalinskaya,Q. Zheng,grass,2.961559350333279e-26,100.0
3789,A. Kalinskaya,J. Paolini,hard,2.183817546614423e-46,100.0
3790,A. Kalinskaya,J. Paolini,clay,3.249810898881306e-41,100.0
3791,A. Kalinskaya,J. Paolini,grass,3.249810898881306e-41,100.0
3792,G. Minnen,S. Vickery,hard,100.0,0.0
3793,G. Minnen,S. Vickery,clay,8.315004161977757e-06,99.99999168499583
3794,G. Minnen,S. Vickery,grass,1.1444595335509543e-07,99.99999988555405
3795,G. Minnen,E. Arango,hard,2.4687772209385544e-30,100.0
3796,G. Minnen,E. Arango,clay,8.14327587339707e-33,100.0
3797,G. Minnen,E. Arango,grass,2.4687772209385544e-30,100.0
3798,C. Monnet,T. Maria,hard,9.282386301464693e-61,100.0
3799,C. Monnet,T. Maria,clay,3.545948255420423e-59,100.0
3800,C. Monnet,T. Maria,grass,2.5864727041365543e-53,100.0
3801,H. Watson,Y. Putintseva,hard,100.0,0.0
3802,H. Watson,Y. Putintseva,clay,99.99897720294274,0.0010227970572596057
3803,H. Watson,Y. Putintseva,grass,99.99999999733309,2.6669111363730735e-09
3804,H. Watson,C. Bucsa,hard,3.672053823184718e-46,100.0
3805,H. Watson,C. Bucsa,clay,8.088236793306743e-42,100.0
3806,H. Watson,C. Bucsa,grass,8.088236793306743e-42,100.0
3807,H. Watson,Xin. Wang,hard,4.038685436642367e-13,99.9999999999996
3808,H. Watson,Xin. Wang,clay,3.779249560584561e-26,100.0
3809,H. Watson,Xin. Wang,grass,8.324351117625414e-22,100.0
3810,R. Vicens Mas,I. Shymanovich,hard,0.010042907587432433,99.98995709241257
3811,R. Vicens Mas,I. Shymanovich,clay,100.0,0.0
3812,R. Vicens Mas,I. Shymanovich,grass,99.4463844092373,0.5536155907627016
3813,J. Choinski,G. Hussey,hard,100.0,0.0
3814,J. Choinski,G. Hussey,clay,100.0,0.0
3815,J. Choinski,G. Hussey,grass,100.0,0.0
3816,Y. Wang,E. Arango,hard,100.0,0.0
3817,Y. Wang,E. Arango,clay,99.99999999999953,4.662936703425657e-13
3818,Y. Wang,E. Arango,grass,100.0,0.0
3819,J-L. Struff,A. Karatsev,hard,99.9999409178717,5.908212830085802e-05
3820,J-L. Struff,A. Karatsev,clay,100.0,0.0
3821,J-L. Struff,A. Karatsev,grass,99.99723428281433,0.0027657171856709795
3822,J-L. Struff,D. Altmaier,hard,100.0,0.0
3823,J-L. Struff,D. Altmaier,clay,99.99999999554949,4.45050662989388e-09
3824,J-L. Struff,D. Altmaier,grass,99.99999999989532,1.0467182676165976e-10
3825,J-L. Struff,C. Alcaraz,hard,7.176910722745035e-35,100.0
3826,J-L. Struff,C. Alcaraz,clay,5.1631650486196475e-43,100.0
3827,J-L. Struff,C. Alcaraz,grass,7.176910722745035e-35,100.0
3828,J-L. Struff,H. Gaston,hard,2.517297795720501e-09,99.9999999974827
3829,J-L. Struff,H. Gaston,clay,5.188537470536555e-18,100.0
3830,J-L. Struff,H. Gaston,grass,5.188537470536555e-18,100.0
3831,J-L. Struff,F. Auger-Aliassime,hard,5.884758839989185e-31,100.0
3832,J-L. Struff,F. Auger-Aliassime,clay,4.016702980714664e-38,100.0
3833,J-L. Struff,F. Auger-Aliassime,grass,4.8305042128248843e-32,100.0
3834,J-L. Struff,J. Draper,hard,7.521488085314588e-06,99.99999247851191
3835,J-L. Struff,J. Draper,clay,1.5502943579226778e-14,99.99999999999999
3836,J-L. Struff,J. Draper,grass,1.5502943579226778e-14,99.99999999999999
3837,S. Baez,A. Tabilo,hard,99.99999999999996,4.440892098500626e-14
3838,S. Baez,A. Tabilo,clay,100.0,0.0
3839,S. Baez,A. Tabilo,grass,99.99999999986183,1.3817835764484698e-10
3840,S. Baez,J. P. Varillas,hard,22.98994966404509,77.01005033595492
3841,S. Baez,J. P. Varillas,clay,100.0,0.0
3842,S. Baez,J. P. Varillas,grass,64.77817974818161,35.22182025181838
3843,S. Baez,B. Zapata Miralles,hard,99.99854725278934,0.0014527472106617978
3844,S. Baez,B. Zapata Miralles,clay,100.0,0.0
3845,S. Baez,B. Zapata Miralles,grass,99.99999841109617,1.5889038307292935e-06
3846,S. Baez,T. Monteiro,hard,0.6726924576049794,99.32730754239502
3847,S. Baez,T. Monteiro,clay,100.0,0.0
3848,S. Baez,T. Monteiro,grass,86.09609425950127,13.903905740498724
3849,S. Baez,C. O&apos;Connell,hard,100.0,0.0
3850,S. Baez,C. O&apos;Connell,clay,99.6859213687977,0.31407863120230806
3851,S. Baez,C. O&apos;Connell,grass,99.9999856959282,1.4304071793702633e-05
3852,S. Baez,M. Giron,hard,53.5429161641249,46.4570838358751
3853,S. Baez,M. Giron,clay,99.99999999999869,1.3100631690576847e-12
3854,S. Baez,M. Giron,grass,0.03222490264267124,99.96777509735733
3855,S. Baez,C. Ruud,hard,5.691996314746321e-41,100.0
3856,S. Baez,C. Ruud,clay,9.741850190813104e-49,100.0
3857,S. Baez,C. Ruud,grass,3.506638050031449e-40,100.0
3858,S. Baez,J. Draper,hard,9.94335655915947e-17,100.0
3859,S. Baez,J. Draper,clay,2.781086678409856e-20,100.0
3860,S. Baez,J. Draper,grass,2.781086678409856e-20,100.0
3861,E. Andreeva,E. Arango,hard,100.0,0.0
3862,E. Andreeva,E. Arango,clay,100.0,0.0
3863,E. Andreeva,E. Arango,grass,99.99999999999996,4.440892098500626e-14
3864,E. Andreeva,A. Sabalenka,hard,4.7701827419204436e-29,100.0
3865,E. Andreeva,A. Sabalenka,clay,2.0774997387310964e-25,100.0
3866,E. Andreeva,A. Sabalenka,grass,3.915604438062853e-30,100.0
3867,E. Andreeva,E. Avanesyan,hard,7.943641846825536e-06,99.99999205635815
3868,E. Andreeva,E. Avanesyan,clay,0.0009726793706124304,99.99902732062938
3869,E. Andreeva,E. Avanesyan,grass,1.9946479555388344e-13,99.9999999999998
3870,E. Andreeva,E. Navarro,hard,2.197931949776654e-37,100.0
3871,E. Andreeva,E. Navarro,clay,1.5153055040832755e-32,100.0
3872,E. Andreeva,E. Navarro,grass,1.0158036197053089e-35,100.0
3873,M. Andreeva,L. Noskova,hard,99.99999999985813,1.418642980866025e-10
3874,M. Andreeva,L. Noskova,clay,100.0,0.0
3875,M. Andreeva,L. Noskova,grass,99.99999999999993,6.661338147750939e-14
3876,M. Andreeva,T. Korpatsch,hard,100.0,0.0
3877,M. Andreeva,T. Korpatsch,clay,99.99999999999451,5.484501741648273e-12
3878,M. Andreeva,T. Korpatsch,grass,100.0,0.0
3879,M. Andreeva,C. Paquet,hard,99.99999999999282,7.172040739078511e-12
3880,M. Andreeva,C. Paquet,clay,99.99999999936529,6.34714503178202e-10
3881,M. Andreeva,C. Paquet,grass,100.0,0.0
3882,M. Andreeva,P. Kudermetova,hard,100.0,0.0
3883,M. Andreeva,P. Kudermetova,clay,100.0,0.0
3884,M. Andreeva,P. Kudermetova,grass,99.99999999999811,1.887379141862766e-12
3885,M. Andreeva,A. Kalinina,hard,2.1559663039095224e-17,100.0
3886,M. Andreeva,A. Kalinina,clay,7.453966003425978e-26,100.0
3887,M. Andreeva,A. Kalinina,grass,1.80050196639511e-18,100.0
3888,M. Andreeva,M. Keys,hard,1.4881901405124723e-33,100.0
3889,M. Andreeva,M. Keys,clay,3.5505364790537195e-35,100.0
3890,M. Andreeva,M. Keys,grass,1.1388736783173544e-26,100.0
3891,M. Andreeva,K. Volynets,hard,1.0501999565666657e-22,100.0
3892,M. Andreeva,K. Volynets,clay,5.741475185696406e-26,100.0
3893,M. Andreeva,K. Volynets,grass,4.396820157583592e-18,100.0
3894,H. Mayot,A. Vavassori,hard,99.99999991150379,8.849621035977862e-08
3895,H. Mayot,A. Vavassori,clay,100.0,0.0
3896,H. Mayot,A. Vavassori,grass,97.59345670232646,2.4065432976735357
3897,M. Fucsovics,M. Navone,hard,1.122728861473345e-05,99.99998877271139
3898,M. Fucsovics,M. Navone,clay,100.0,0.0
3899,M. Fucsovics,M. Navone,grass,0.24668746443283213,99.75331253556716
3900,M. Fucsovics,T. Fritz,hard,0.0007230996753042816,99.9992769003247
3901,M. Fucsovics,T. Fritz,clay,99.89167078051851,0.10832921948148444
3902,M. Fucsovics,T. Fritz,grass,100.0,0.0
3903,M. Fucsovics,F. Auger-Aliassime,hard,99.99999999999953,4.662936703425657e-13
3904,M. Fucsovics,F. Auger-Aliassime,clay,3.1920235934963342e-06,99.99999680797642
3905,M. Fucsovics,F. Auger-Aliassime,grass,4.9931626700851214e-05,99.9999500683733
3906,M. Fucsovics,B. Van De Zandschulp,hard,1.5427070725242153e-20,100.0
3907,M. Fucsovics,B. Van De Zandschulp,clay,7.991420482740975e-18,100.0
3908,M. Fucsovics,B. Van De Zandschulp,grass,1.0394678489782537e-22,100.0
3909,M. Fucsovics,J. Sinner,hard,1.1545097207144665e-37,100.0
3910,M. Fucsovics,J. Sinner,clay,2.2936349713096564e-29,100.0
3911,M. Fucsovics,J. Sinner,grass,2.983399278160355e-34,100.0
3912,M. Fucsovics,S. Ofner,hard,1.1958065841868559e-34,100.0
3913,M. Fucsovics,S. Ofner,clay,2.4990120120225804e-29,100.0
3914,M. Fucsovics,S. Ofner,grass,2.633939282379644e-30,100.0
3915,M. Fucsovics,T. Machac,hard,9.058064622615826e-39,100.0
3916,M. Fucsovics,T. Machac,clay,1.5338862528051986e-29,100.0
3917,M. Fucsovics,T. Machac,grass,1.995171505771963e-34,100.0
3918,M. Fucsovics,C. Ruud,hard,2.457214602371119e-44,100.0
3919,M. Fucsovics,C. Ruud,clay,7.78895014833264e-46,100.0
3920,M. Fucsovics,C. Ruud,grass,3.646829817308795e-42,100.0
3921,M. Fucsovics,S. Korda,hard,1.0725610255703274e-26,100.0
3922,M. Fucsovics,S. Korda,clay,2.2414518551510818e-21,100.0
3923,M. Fucsovics,S. Korda,grass,2.9155231457212187e-26,100.0
3924,M. Fucsovics,M. Arnaldi,hard,5.6539946533510875e-28,100.0
3925,M. Fucsovics,M. Arnaldi,clay,5.548451252413042e-29,100.0
3926,M. Fucsovics,M. Arnaldi,grass,3.8096316307392234e-30,100.0
3927,M. Capurro Taborda,K. Weedon,hard,100.0,0.0
3928,M. Capurro Taborda,K. Weedon,clay,100.0,0.0
3929,M. Capurro Taborda,K. Weedon,grass,100.0,0.0
3930,J. Reis Da Silva,G. A. Olivieri,hard,7.413023872030967e-23,100.0
3931,J. Reis Da Silva,G. A. Olivieri,clay,4.965042580085844e-19,100.0
3932,J. Reis Da Silva,G. A. Olivieri,grass,7.413023872030967e-23,100.0
3933,A. Kalinina,M. Andreeva,hard,100.0,0.0
3934,A. Kalinina,M. Andreeva,clay,92.1552950174817,7.844704982518291
3935,A. Kalinina,M. Andreeva,grass,4.8633695866567466e-05,99.99995136630413
3936,A. Kalinina,C. Wozniacki,hard,100.0,0.0
3937,A. Kalinina,C. Wozniacki,clay,100.0,0.0
3938,A. Kalinina,C. Wozniacki,grass,99.99999999804882,1.9511725568577276e-09
3939,A. Kalinina,M. Keys,hard,1.5204119455242006e-10,99.99999999984796
3940,A. Kalinina,M. Keys,clay,100.0,0.0
3941,A. Kalinina,M. Keys,grass,0.01393048609516308,99.98606951390484
3942,A. Kalinina,D. Saville,hard,99.99999999999989,1.1102230246251565e-13
3943,A. Kalinina,D. Saville,clay,99.98396857510158,0.016031424898421687
3944,A. Kalinina,D. Saville,grass,0.19042029963206272,99.80957970036793
3945,A. Kalinina,V. Kudermetova,hard,99.99999999746944,2.530553544488612e-09
3946,A. Kalinina,V. Kudermetova,clay,100.0,0.0
3947,A. Kalinina,V. Kudermetova,grass,99.99999999746944,2.530553544488612e-09
3948,A. Kalinina,B. Krejcikova,hard,2.3753177057932077e-35,100.0
3949,A. Kalinina,B. Krejcikova,clay,1.3628466590370609e-35,100.0
3950,A. Kalinina,B. Krejcikova,grass,2.3753177057932077e-35,100.0
3951,A. Kalinina,Q. Zheng,hard,3.7510741233331513e-22,100.0
3952,A. Kalinina,Q. Zheng,clay,1.2262326474606665e-15,100.0
3953,A. Kalinina,Q. Zheng,grass,3.7510741233331513e-22,100.0
3954,A. Kalinina,J. Brady,hard,1.2075303571766764e-43,100.0
3955,A. Kalinina,J. Brady,clay,6.680524713866449e-41,100.0
3956,A. Kalinina,J. Brady,grass,3.947437715398008e-37,100.0
3957,A. Kalinina,C. Garcia,hard,9.737009394387816e-49,100.0
3958,A. Kalinina,C. Garcia,clay,8.921480064104043e-38,100.0
3959,A. Kalinina,C. Garcia,grass,6.011245982533066e-40,100.0
3960,R. Nadal,A. De Minaur,hard,1.499217532679035e-05,99.99998500782468
3961,R. Nadal,A. De Minaur,clay,100.0,0.0
3962,R. Nadal,A. De Minaur,grass,0.12133547132612581,99.87866452867388
3963,M. Sakkari,I. Begu,hard,100.0,0.0
3964,M. Sakkari,I. Begu,clay,100.0,0.0
3965,M. Sakkari,I. Begu,grass,99.99999999999969,3.1086244689504383e-13
3966,M. Sakkari,E. Alexandrova,hard,100.0,0.0
3967,M. Sakkari,E. Alexandrova,clay,99.7643057445325,0.235694255467489
3968,M. Sakkari,E. Alexandrova,grass,99.99998927421845,1.0725781551812474e-05
3969,M. Sakkari,A. Kerber,hard,27.448203932309656,72.55179606769035
3970,M. Sakkari,A. Kerber,clay,2.1858702990083107e-06,99.9999978141297
3971,M. Sakkari,A. Kerber,grass,27.448203932309656,72.55179606769035
3972,M. Sakkari,P. Kvitova,hard,100.0,0.0
3973,M. Sakkari,P. Kvitova,clay,1.4836937301994875e-10,99.99999999985162
3974,M. Sakkari,P. Kvitova,grass,0.2609031409576209,99.73909685904238
3975,M. Sakkari,C. Dolehide,hard,100.0,0.0
3976,M. Sakkari,C. Dolehide,clay,0.0013340442992041625,99.9986659557008
3977,M. Sakkari,C. Dolehide,grass,91.77126297911813,8.228737020881871
3978,M. Sakkari,E. Arango,hard,100.0,0.0
3979,M. Sakkari,E. Arango,clay,99.99999996663738,3.336262377473531e-08
3980,M. Sakkari,E. Arango,grass,99.9999999999985,1.5099033134902129e-12
3981,M. Sakkari,V. Kudermetova,hard,100.0,0.0
3982,M. Sakkari,V. Kudermetova,clay,100.0,0.0
3983,M. Sakkari,V. Kudermetova,grass,99.99999999996783,3.2174263253637037e-11
3984,M. Sakkari,C. Gauff,hard,100.0,0.0
3985,M. Sakkari,C. Gauff,clay,99.99999999998339,1.6608936448392342e-11
3986,M. Sakkari,C. Gauff,grass,99.99999999998339,1.6608936448392342e-11
3987,M. Sakkari,E. Navarro,hard,1.0981350162215128e-11,99.99999999998902
3988,M. Sakkari,E. Navarro,clay,2.6266861412750213e-26,100.0
3989,M. Sakkari,E. Navarro,grass,8.586682627859776e-20,100.0
3990,M. Sakkari,K. Muchova,hard,1.4084077597645177e-30,100.0
3991,M. Sakkari,K. Muchova,clay,8.65355635606846e-36,100.0
3992,M. Sakkari,K. Muchova,grass,1.4084077597645177e-30,100.0
3993,M. Sakkari,I. Swiatek,hard,1.596049755860431e-16,100.0
3994,M. Sakkari,I. Swiatek,clay,7.246054681349468e-21,100.0
3995,M. Sakkari,I. Swiatek,grass,7.246054681349468e-21,100.0
3996,M. Sakkari,A. Sabalenka,hard,9.474641400517529e-34,100.0
3997,M. Sakkari,A. Sabalenka,clay,1.5299233877090616e-36,100.0
3998,M. Sakkari,A. Sabalenka,grass,1.4061614616148672e-31,100.0
3999,M. Sakkari,J. Pegula,hard,2.6701304391982086e-23,100.0
4000,M. Sakkari,J. Pegula,clay,4.890514491017158e-25,100.0
4001,M. Sakkari,J. Pegula,grass,4.890514491017158e-25,100.0
4002,M. Sakkari,J. Paolini,hard,1.1877496140939746e-38,100.0
4003,M. Sakkari,J. Paolini,clay,3.2373429571063426e-35,100.0
4004,M. Sakkari,J. Paolini,grass,3.2373429571063426e-35,100.0
4005,M. Sakkari,E. Rybakina,hard,1.2114337184767632e-29,100.0
4006,M. Sakkari,E. Rybakina,clay,1.2114337184767632e-29,100.0
4007,M. Sakkari,E. Rybakina,grass,1.2114337184767632e-29,100.0
4008,D. Kuzmanov,H. Grenier,hard,4.59439146696641e-17,100.0
4009,D. Kuzmanov,H. Grenier,clay,100.0,0.0
4010,D. Kuzmanov,H. Grenier,grass,2.240452129014364e-07,99.99999977595479
4011,A. Rublev,U. Humbert,hard,100.0,0.0
4012,A. Rublev,U. Humbert,clay,99.99999619107356,3.8089264298157843e-06
4013,A. Rublev,U. Humbert,grass,99.99983804058309,0.00016195941691110605
4014,A. Rublev,Y. Hanfmann,hard,99.99948543634152,0.0005145636584824587
4015,A. Rublev,Y. Hanfmann,clay,99.99642062386542,0.0035793761345881414
4016,A. Rublev,Y. Hanfmann,grass,100.0,0.0
4017,A. Rublev,A. De Minaur,hard,100.0,0.0
4018,A. Rublev,A. De Minaur,clay,99.99999994913942,5.0860582412326494e-08
4019,A. Rublev,A. De Minaur,grass,99.99995656209342,4.3437906582788344e-05
4020,A. Rublev,H. Rune,hard,99.17307248111322,0.8269275188867775
4021,A. Rublev,H. Rune,clay,100.0,0.0
4022,A. Rublev,H. Rune,grass,99.999842039369,0.00015796063099760005
4023,A. Rublev,A. Zverev,hard,100.0,0.0
4024,A. Rublev,A. Zverev,clay,99.99995555177681,4.444822319094044e-05
4025,A. Rublev,A. Zverev,grass,99.99907478100015,0.0009252189998476545
4026,A. Rublev,T. Fritz,hard,99.9836664400123,0.016333559987702362
4027,A. Rublev,T. Fritz,clay,100.0,0.0
4028,A. Rublev,T. Fritz,grass,99.99999993363946,6.636053928588126e-08
4029,A. Rublev,F. Auger-Aliassime,hard,0.1572744719303548,99.84272552806964
4030,A. Rublev,F. Auger-Aliassime,clay,100.0,0.0
4031,A. Rublev,F. Auger-Aliassime,grass,99.99840596506155,0.0015940349384457875
4032,A. Rublev,L. Broady,hard,100.0,0.0
4033,A. Rublev,L. Broady,clay,100.0,0.0
4034,A. Rublev,L. Broady,grass,100.0,0.0
4035,A. Rublev,C. Ruud,hard,1.1393885003498065,98.86061149965019
4036,A. Rublev,C. Ruud,clay,100.0,0.0
4037,A. Rublev,C. Ruud,grass,99.60762689172199,0.3923731082780102
4038,A. Rublev,D. Evans,hard,100.0,0.0
4039,A. Rublev,D. Evans,clay,100.0,0.0
4040,A. Rublev,D. Evans,grass,99.99999999999088,9.126033262418787e-12
4041,A. Rublev,D. Dzumhur,hard,99.99999960780099,3.9219900660469875e-07
4042,A. Rublev,D. Dzumhur,clay,100.0,0.0
4043,A. Rublev,D. Dzumhur,grass,99.99999960780099,3.9219900660469875e-07
4044,A. Rublev,A. Bublik,hard,3.624253341974239e-22,100.0
4045,A. Rublev,A. Bublik,clay,9.847285141038853e-06,99.99999015271486
4046,A. Rublev,A. Bublik,grass,99.99999999876394,1.2360557022361718e-09
4047,A. Rublev,J. Lehecka,hard,6.891399012879199e-32,100.0
4048,A. Rublev,J. Lehecka,clay,3.537919040157923e-20,100.0
4049,A. Rublev,J. Lehecka,grass,1.4077247315613826e-31,100.0
4050,A. Rublev,H. Hurkacz,hard,1.149922813282807e-14,99.99999999999999
4051,A. Rublev,H. Hurkacz,clay,1.598417474426711e-06,99.99999840158253
4052,A. Rublev,H. Hurkacz,grass,1.149922813282807e-14,99.99999999999999
4053,A. Rublev,C. Alcaraz,hard,3.467305666328248e-40,100.0
4054,A. Rublev,C. Alcaraz,clay,1.6822160311495696e-31,100.0
4055,A. Rublev,C. Alcaraz,grass,1.6822160311495696e-31,100.0
4056,A. Rublev,J. Sinner,hard,9.773373443067184e-29,100.0
4057,A. Rublev,J. Sinner,clay,5.210173974183519e-15,100.0
4058,A. Rublev,J. Sinner,grass,3.748268468141533e-23,100.0
4059,A. Rublev,D. Medvedev,hard,7.317036375095792e-20,100.0
4060,A. Rublev,D. Medvedev,clay,4.617553443877216e-16,100.0
4061,A. Rublev,D. Medvedev,grass,7.317036375095792e-20,100.0
4062,F. Fognini,H. Gaston,hard,99.99999979230465,2.0769534980757953e-07
4063,F. Fognini,H. Gaston,clay,100.0,0.0
4064,F. Fognini,H. Gaston,grass,99.99999999999993,6.661338147750939e-14
4065,B. Haddad Maia,A. Sasnovich,hard,100.0,0.0
4066,B. Haddad Maia,A. Sasnovich,clay,99.99999999999997,2.220446049250313e-14
4067,B. Haddad Maia,A. Sasnovich,grass,99.99994127068716,5.872931284622851e-05
4068,B. Haddad Maia,M. Keys,hard,100.0,0.0
4069,B. Haddad Maia,M. Keys,clay,99.99999999819242,1.8075763108527099e-09
4070,B. Haddad Maia,M. Keys,grass,99.9999998507267,1.49273304828057e-07
4071,B. Haddad Maia,E. Rybakina,hard,100.0,0.0
4072,B. Haddad Maia,E. Rybakina,clay,100.0,0.0
4073,B. Haddad Maia,E. Rybakina,grass,99.99999999999976,2.4424906541753444e-13
4074,B. Haddad Maia,O. Jabeur,hard,100.0,0.0
4075,B. Haddad Maia,O. Jabeur,clay,100.0,0.0
4076,B. Haddad Maia,O. Jabeur,grass,99.99999999999984,1.5543122344752192e-13
4077,B. Haddad Maia,C. Garcia,hard,100.0,0.0
4078,B. Haddad Maia,C. Garcia,clay,99.99999999961634,3.836708728499616e-10
4079,B. Haddad Maia,C. Garcia,grass,99.99993755673755,6.244326244964071e-05
4080,B. Haddad Maia,S. Park,hard,100.0,0.0
4081,B. Haddad Maia,S. Park,clay,100.0,0.0
4082,B. Haddad Maia,S. Park,grass,100.0,0.0
4083,B. Haddad Maia,D. Kasatkina,hard,99.99999999999942,5.773159728050814e-13
4084,B. Haddad Maia,D. Kasatkina,clay,99.99998902316015,1.097683984818687e-05
4085,B. Haddad Maia,D. Kasatkina,grass,0.25347888008376174,99.74652111991624
4086,B. Haddad Maia,B. Bencic,hard,1.1445022716924166e-11,99.99999999998856
4087,B. Haddad Maia,B. Bencic,clay,1.8627322503812521e-06,99.99999813726775
4088,B. Haddad Maia,B. Bencic,grass,5.196032274784602e-16,100.0
4089,B. Haddad Maia,E. Raducanu,hard,2.260645945950444e-19,100.0
4090,B. Haddad Maia,E. Raducanu,clay,1.6704039714447977e-18,100.0
4091,B. Haddad Maia,E. Raducanu,grass,1.5232112567511628e-21,100.0
4092,B. Nakashima,R. Hijikata,hard,99.99979368170443,0.0002063182955702736
4093,B. Nakashima,R. Hijikata,clay,100.0,0.0
4094,B. Nakashima,R. Hijikata,grass,99.99376773891227,0.006232261087735225
4095,B. Nakashima,D. Ajdukovic,hard,100.0,0.0
4096,B. Nakashima,D. Ajdukovic,clay,100.0,0.0
4097,B. Nakashima,D. Ajdukovic,grass,99.9999999999796,2.0405899192610377e-11
4098,B. Nakashima,J. Lehecka,hard,4.8904962055432785e-28,100.0
4099,B. Nakashima,J. Lehecka,clay,2.0666522072023465e-23,100.0
4100,B. Nakashima,J. Lehecka,grass,7.156794848441905e-35,100.0
4101,B. Nakashima,M. Kecmanovic,hard,2.002173048788339e-33,100.0
4102,B. Nakashima,M. Kecmanovic,clay,9.229622899173343e-33,100.0
4103,B. Nakashima,M. Kecmanovic,grass,2.803711877532159e-32,100.0
4104,B. Fruhvirtova,T. Gibson,hard,100.0,0.0
4105,B. Fruhvirtova,T. Gibson,clay,99.99999999999831,1.687538997430238e-12
4106,B. Fruhvirtova,T. Gibson,grass,99.99999963077161,3.692283812029018e-07
4107,B. Fruhvirtova,E. Tse,hard,100.0,0.0
4108,B. Fruhvirtova,E. Tse,clay,100.0,0.0
4109,B. Fruhvirtova,E. Tse,grass,100.0,0.0
4110,B. Fruhvirtova,A. Bogdan,hard,100.0,0.0
4111,B. Fruhvirtova,A. Bogdan,clay,99.99990590424957,9.409575042473861e-05
4112,B. Fruhvirtova,A. Bogdan,grass,99.99999999975464,2.453592884421596e-10
4113,B. Fruhvirtova,C. Gauff,hard,5.807406072527898e-14,99.99999999999994
4114,B. Fruhvirtova,C. Gauff,clay,2.469027548867503e-15,100.0
4115,B. Fruhvirtova,C. Gauff,grass,2.896642530968666e-16,100.0
4116,S. Errani,A. Potapova,hard,0.00010708783333745453,99.99989291216667
4117,S. Errani,A. Potapova,clay,1.4053931610013008e-06,99.99999859460684
4118,S. Errani,A. Potapova,grass,1.1686247914280934e-12,99.99999999999883
4119,S. Errani,E. Avanesyan,hard,0.5806058819973102,99.41939411800269
4120,S. Errani,E. Avanesyan,clay,0.007663625613127869,99.99233637438687
4121,S. Errani,E. Avanesyan,grass,6.3730131932387955e-09,99.99999999362699
4122,S. Errani,V. Gracheva,hard,0.002627069301695351,99.9973729306983
4123,S. Errani,V. Gracheva,clay,3.4477838758407315e-05,99.99996552216123
4124,S. Errani,V. Gracheva,grass,2.8669322984792514e-11,99.99999999997134
4125,F. Diaz Acosta,P. Martinez,hard,1.6052100972079197e-48,100.0
4126,F. Diaz Acosta,P. Martinez,clay,5.247459694240335e-42,100.0
4127,F. Diaz Acosta,P. Martinez,grass,5.247459694240335e-42,100.0
4128,A. Muller,A. Escoffier,hard,100.0,0.0
4129,A. Muller,A. Escoffier,clay,100.0,0.0
4130,A. Muller,A. Escoffier,grass,100.0,0.0
4131,A. Muller,T. Maulenov,hard,100.0,0.0
4132,A. Muller,T. Maulenov,clay,100.0,0.0
4133,A. Muller,T. Maulenov,grass,100.0,0.0
4134,A. Muller,M. Mmoh,hard,3.7385378685763065e-17,100.0
4135,A. Muller,M. Mmoh,clay,1.4816667142777328e-11,99.99999999998518
4136,A. Muller,M. Mmoh,grass,2.3997026577209483e-17,100.0
4137,A. K. Schmiedlova,M. Trevisan,hard,100.0,0.0
4138,A. K. Schmiedlova,M. Trevisan,clay,100.0,0.0
4139,A. K. Schmiedlova,M. Trevisan,grass,100.0,0.0
4140,A. K. Schmiedlova,C. Gauff,hard,0.0034752133184894184,99.9965247866815
4141,A. K. Schmiedlova,C. Gauff,clay,3.800999427069987e-06,99.99999619900058
4142,A. K. Schmiedlova,C. Gauff,grass,1.1627345891623409e-12,99.99999999999883
4143,S. Wawrinka,N. Borges,hard,1.973634856509179e-41,100.0
4144,S. Wawrinka,N. Borges,clay,2.1537798279661455e-49,100.0
4145,S. Wawrinka,N. Borges,grass,1.973634856509179e-41,100.0
4146,S. Tsitsipas,K. Khachanov,hard,100.0,0.0
4147,S. Tsitsipas,K. Khachanov,clay,1.1151780364747447e-06,99.99999888482196
4148,S. Tsitsipas,K. Khachanov,grass,0.29835105444569804,99.7016489455543
4149,S. Tsitsipas,N. Borges,hard,99.99999953512462,4.648753826330676e-07
4150,S. Tsitsipas,N. Borges,clay,100.0,0.0
4151,S. Tsitsipas,N. Borges,grass,98.50306306327055,1.4969369367294538
4152,S. Tsitsipas,L. Sonego,hard,99.9881968908687,0.011803109131292011
4153,S. Tsitsipas,L. Sonego,clay,100.0,0.0
4154,S. Tsitsipas,L. Sonego,grass,82.41098880882578,17.58901119117422
4155,S. Tsitsipas,L. Musetti,hard,2.775266805167905e-05,99.99997224733195
4156,S. Tsitsipas,L. Musetti,clay,100.0,0.0
4157,S. Tsitsipas,L. Musetti,grass,0.025368419709095792,99.9746315802909
4158,S. Tsitsipas,C. Alcaraz,hard,9.932306572583221e-39,100.0
4159,S. Tsitsipas,C. Alcaraz,clay,1.9173862305324946e-41,100.0
4160,S. Tsitsipas,C. Alcaraz,grass,1.4740849956123611e-36,100.0
4161,S. Tsitsipas,N. Djokovic,hard,1.8215588997242894e-30,100.0
4162,S. Tsitsipas,N. Djokovic,clay,4.573932859345627e-38,100.0
4163,S. Tsitsipas,N. Djokovic,grass,1.2273567322054702e-32,100.0
4164,S. Tsitsipas,H. Hurkacz,hard,3.2940233759162906e-13,99.99999999999967
4165,S. Tsitsipas,H. Hurkacz,clay,1.821872844120908e-16,100.0
4166,S. Tsitsipas,H. Hurkacz,grass,1.0076493944800547e-19,100.0
4167,S. Tsitsipas,G. Dimitrov,hard,5.96384816006812e-26,100.0
4168,S. Tsitsipas,G. Dimitrov,clay,1.009022231281132e-35,100.0
4169,S. Tsitsipas,G. Dimitrov,grass,5.580744252532866e-39,100.0
4170,S. Tsitsipas,T. Fritz,hard,3.164809992112772e-28,100.0
4171,S. Tsitsipas,T. Fritz,clay,4.309043428617179e-26,100.0
4172,S. Tsitsipas,T. Fritz,grass,2.3832645706564105e-29,100.0
4173,J. Grabher,J. Riera,hard,100.0,0.0
4174,J. Grabher,J. Riera,clay,100.0,0.0
4175,J. Grabher,J. Riera,grass,100.0,0.0
4176,J. Grabher,L. Bronzetti,hard,8.849614970736916e-25,100.0
4177,J. Grabher,L. Bronzetti,clay,1.8771628790460105e-22,100.0
4178,J. Grabher,L. Bronzetti,grass,6.995534997705095e-28,100.0
4179,Q. Zheng,D. Parry,hard,0.0009166003719853315,99.99908339962802
4180,Q. Zheng,D. Parry,clay,99.99999999999969,3.1086244689504383e-13
4181,Q. Zheng,D. Parry,grass,0.0009166003719853315,99.99908339962802
4182,Q. Zheng,J. Ostapenko,hard,100.0,0.0
4183,Q. Zheng,J. Ostapenko,clay,99.99411229318719,0.005887706812812699
4184,Q. Zheng,J. Ostapenko,grass,99.99411229318719,0.005887706812812699
4185,Q. Zheng,M. Vondrousova,hard,0.0009097516465600651,99.99909024835344
4186,Q. Zheng,M. Vondrousova,clay,0.7097898379572114,99.2902101620428
4187,Q. Zheng,M. Vondrousova,grass,0.7097898379572114,99.2902101620428
4188,Q. Zheng,A. Kalinskaya,hard,100.0,0.0
4189,Q. Zheng,A. Kalinskaya,clay,96.72852271135098,3.2714772886490273
4190,Q. Zheng,A. Kalinskaya,grass,96.72852271135098,3.2714772886490273
4191,Q. Zheng,A. Kontaveit,hard,100.0,0.0
4192,Q. Zheng,A. Kontaveit,clay,99.97694932780068,0.023050672199320665
4193,Q. Zheng,A. Kontaveit,grass,99.97694932780068,0.023050672199320665
4194,Q. Zheng,A. Bondar,hard,1.8946361120704186e-15,100.0
4195,Q. Zheng,A. Bondar,clay,99.99999775668776,2.2433122359721835e-06
4196,Q. Zheng,A. Bondar,grass,2.5629611663697537e-09,99.99999999743704
4197,Q. Zheng,A. Kalinina,hard,100.0,0.0
4198,Q. Zheng,A. Kalinina,clay,7.140986479667453e-08,99.99999992859013
4199,Q. Zheng,A. Kalinina,grass,0.23289641515467346,99.76710358484533
4200,Q. Zheng,C. Gauff,hard,1.464315478078877e-29,100.0
4201,Q. Zheng,C. Gauff,clay,1.464315478078877e-29,100.0
4202,Q. Zheng,C. Gauff,grass,1.464315478078877e-29,100.0
4203,Q. Zheng,A. Sabalenka,hard,5.796330890364595e-47,100.0
4204,Q. Zheng,A. Sabalenka,clay,2.06160230352645e-45,100.0
4205,Q. Zheng,A. Sabalenka,grass,1.89483063771986e-40,100.0
4206,D. Vekic,C. Burel,hard,100.0,0.0
4207,D. Vekic,C. Burel,clay,99.8084769058126,0.19152309418740687
4208,D. Vekic,C. Burel,grass,99.8084769058126,0.19152309418740687
4209,D. Vekic,E. Alexandrova,hard,0.0003663933133499949,99.99963360668666
4210,D. Vekic,E. Alexandrova,clay,100.0,0.0
4211,D. Vekic,E. Alexandrova,grass,0.14759598617157643,99.85240401382842
4212,D. Vekic,V. Gracheva,hard,99.9999646718396,3.532816039708564e-05
4213,D. Vekic,V. Gracheva,clay,99.9999646718396,3.532816039708564e-05
4214,D. Vekic,V. Gracheva,grass,100.0,0.0
4215,D. Vekic,N. Parrizas-Diaz,hard,100.0,0.0
4216,D. Vekic,N. Parrizas-Diaz,clay,99.99999964571464,3.5428535660742e-07
4217,D. Vekic,N. Parrizas-Diaz,grass,99.99999964571464,3.5428535660742e-07
4218,D. Vekic,J. Paolini,hard,8.549192474748824e-53,100.0
4219,D. Vekic,J. Paolini,clay,5.132556347055867e-45,100.0
4220,D. Vekic,J. Paolini,grass,5.132556347055867e-45,100.0
4221,M. Trevisan,M. Stakusic,hard,2.636278530031288e-30,100.0
4222,M. Trevisan,M. Stakusic,clay,4.403033520833123e-35,100.0
4223,M. Trevisan,M. Stakusic,grass,2.136198618530844e-26,100.0
4224,M. Trevisan,A. K. Schmiedlova,hard,2.47892399038491e-49,100.0
4225,M. Trevisan,A. K. Schmiedlova,clay,5.6181723667097115e-49,100.0
4226,M. Trevisan,A. K. Schmiedlova,grass,1.83659030683168e-42,100.0
4227,A. Escoffier,A. Muller,hard,5.5663035392580155e-56,100.0
4228,A. Escoffier,A. Muller,clay,3.85400523875188e-57,100.0
4229,A. Escoffier,A. Muller,grass,2.3796078487219088e-51,100.0
4230,J. Brady,A. Kalinina,hard,100.0,0.0
4231,J. Brady,A. Kalinina,clay,100.0,0.0
4232,J. Brady,A. Kalinina,grass,99.99999999995492,4.5075054799781356e-11
4233,T. Maria,F. Jones,hard,99.99999999999842,1.5765166949677223e-12
4234,T. Maria,F. Jones,clay,100.0,0.0
4235,T. Maria,F. Jones,grass,99.99999999998026,1.9739765377835283e-11
4236,T. Maria,C. Monnet,hard,100.0,0.0
4237,T. Maria,C. Monnet,clay,100.0,0.0
4238,T. Maria,C. Monnet,grass,100.0,0.0
4239,T. Maria,L. Fruhvirtova,hard,99.99994983174348,5.016825651571466e-05
4240,T. Maria,L. Fruhvirtova,clay,100.0,0.0
4241,T. Maria,L. Fruhvirtova,grass,99.99992931457322,7.068542677846068e-05
4242,T. Maria,P. Stearns,hard,0.0011025841361512493,99.99889741586385
4243,T. Maria,P. Stearns,clay,100.0,0.0
4244,T. Maria,P. Stearns,grass,0.005500040855702392,99.9944999591443
4245,T. Maria,D. Kasatkina,hard,2.0645369739634774e-27,100.0
4246,T. Maria,D. Kasatkina,clay,4.154921576945012e-24,100.0
4247,T. Maria,D. Kasatkina,grass,5.696227489126053e-30,100.0
4248,T. Maria,V. Gracheva,hard,2.8962881906569146e-10,99.99999999971038
4249,T. Maria,V. Gracheva,clay,7.581742284317465e-12,99.99999999999241
4250,T. Maria,V. Gracheva,grass,1.0394258475308242e-17,100.0
4251,M. Bassols,Ar. Rodionova,hard,99.99999996424003,3.57599727607294e-08
4252,M. Bassols,Ar. Rodionova,clay,5.770141368917245e-15,99.99999999999999
4253,M. Bassols,Ar. Rodionova,grass,9.391181549474793e-10,99.99999999906089
4254,H. Rocha,M. Valkusz,hard,99.99999999999996,4.440892098500626e-14
4255,H. Rocha,M. Valkusz,clay,100.0,0.0
4256,H. Rocha,M. Valkusz,grass,99.99999999996095,3.905764600631301e-11
4257,H. Rocha,R. Peniston,hard,4.332027212742445e-11,99.99999999995669
4258,H. Rocha,R. Peniston,clay,99.99999999978368,2.163158541179655e-10
4259,H. Rocha,R. Peniston,grass,6.007871311066336e-11,99.99999999993993
4260,S. Kwon,S. C. Hong,hard,0.000102697813658408,99.99989730218634
4261,S. Kwon,S. C. Hong,clay,48.92873539262471,51.0712646073753
4262,S. Kwon,S. C. Hong,grass,2.672445008263377e-08,99.99999997327555
4263,T. Maulenov,A. Muller,hard,4.1214070369666403e-119,100.0
4264,T. Maulenov,A. Muller,clay,9.472448604638292e-111,100.0
4265,T. Maulenov,A. Muller,grass,1.789114440548845e-111,100.0
4266,M. Martineau,H. Dellien,hard,3.716331601440035e-38,100.0
4267,M. Martineau,H. Dellien,clay,3.716331601440035e-38,100.0
4268,M. Martineau,H. Dellien,grass,3.716331601440035e-38,100.0
4269,A. Davidovich Fokina,J. M. Cerundolo,hard,100.0,0.0
4270,A. Davidovich Fokina,J. M. Cerundolo,clay,100.0,0.0
4271,A. Davidovich Fokina,J. M. Cerundolo,grass,100.0,0.0
4272,A. Davidovich Fokina,T. Seyboth Wild,hard,100.0,0.0
4273,A. Davidovich Fokina,T. Seyboth Wild,clay,100.0,0.0
4274,A. Davidovich Fokina,T. Seyboth Wild,grass,99.9999999999925,7.505107646466058e-12
4275,A. Davidovich Fokina,H. Rune,hard,99.99999999511324,4.886757665190089e-09
4276,A. Davidovich Fokina,H. Rune,clay,100.0,0.0
4277,A. Davidovich Fokina,H. Rune,grass,99.99955085628288,0.0004491437171183499
4278,A. Davidovich Fokina,M. McDonald,hard,100.0,0.0
4279,A. Davidovich Fokina,M. McDonald,clay,99.99999847531306,1.524686932263819e-06
4280,A. Davidovich Fokina,M. McDonald,grass,99.99639668250182,0.00360331749817977
4281,A. Davidovich Fokina,B. Shelton,hard,100.0,0.0
4282,A. Davidovich Fokina,B. Shelton,clay,100.0,0.0
4283,A. Davidovich Fokina,B. Shelton,grass,99.99999987437711,1.2562288986828207e-07
4284,A. Davidovich Fokina,P. Cachin,hard,100.0,0.0
4285,A. Davidovich Fokina,P. Cachin,clay,100.0,0.0
4286,A. Davidovich Fokina,P. Cachin,grass,99.99999999998737,1.2634338020234281e-11
4287,A. Davidovich Fokina,T. M. Etcheverry,hard,100.0,0.0
4288,A. Davidovich Fokina,T. M. Etcheverry,clay,99.99999983926683,1.6073316011500083e-07
4289,A. Davidovich Fokina,T. M. Etcheverry,grass,95.71327240650176,4.286727593498241
4290,A. Davidovich Fokina,N. Djokovic,hard,1.0850184829462645e-23,100.0
4291,A. Davidovich Fokina,N. Djokovic,clay,2.8291172088112823e-29,100.0
4292,A. Davidovich Fokina,N. Djokovic,grass,4.925976291675863e-28,100.0
4293,M. Berrettini,F. Auger-Aliassime,hard,3.711890167841388e-36,100.0
4294,M. Berrettini,F. Auger-Aliassime,clay,3.7601794828070323e-41,100.0
4295,M. Berrettini,F. Auger-Aliassime,grass,4.522007955252232e-35,100.0
4296,S. Kraus,A. Robbe,hard,100.0,0.0
4297,S. Kraus,A. Robbe,clay,99.99999986102843,1.3897156758702067e-07
4298,S. Kraus,A. Robbe,grass,99.99999986102843,1.3897156758702067e-07
4299,K. Boulter,E. Rybakina,hard,1.2008660272781023e-28,100.0
4300,K. Boulter,E. Rybakina,clay,1.1418924186059759e-29,100.0
4301,K. Boulter,E. Rybakina,grass,1.1418924186059759e-29,100.0
4302,K. Boulter,P. Stearns,hard,4.834273062069232e-40,100.0
4303,K. Boulter,P. Stearns,clay,2.900938522378141e-37,100.0
4304,K. Boulter,P. Stearns,grass,2.900938522378141e-37,100.0
4305,K. Birrell,E. Alexandrova,hard,1.3848378996859631e-28,100.0
4306,K. Birrell,E. Alexandrova,clay,2.536419089008155e-30,100.0
4307,K. Birrell,E. Alexandrova,grass,5.586834830533215e-26,100.0
4308,K. Birrell,A. Zakharova,hard,4.1316089924931286e-20,100.0
4309,K. Birrell,A. Zakharova,clay,7.82699548686539e-24,100.0
4310,K. Birrell,A. Zakharova,grass,4.1316089924931286e-20,100.0
4311,K. Birrell,S. Bejlek,hard,4.463874422203517e-30,100.0
4312,K. Birrell,S. Bejlek,clay,1.1084556018649606e-27,100.0
4313,K. Birrell,S. Bejlek,grass,2.606837713732976e-29,100.0
4314,M. Cressy,M. Huesler,hard,3.0108198522778945e-24,100.0
4315,M. Cressy,M. Huesler,clay,3.0108198522778945e-24,100.0
4316,M. Cressy,M. Huesler,grass,3.0108198522778945e-24,100.0
4317,M. Cressy,D. Lajovic,hard,2.190400631190466e-46,100.0
4318,M. Cressy,D. Lajovic,clay,2.190400631190466e-46,100.0
4319,M. Cressy,D. Lajovic,grass,7.1604577160355085e-40,100.0
4320,M. Cressy,Z. Zhang,hard,3.1335925147881087e-53,100.0
4321,M. Cressy,Z. Zhang,clay,4.240856305369782e-54,100.0
4322,M. Cressy,Z. Zhang,grass,2.0575158780995712e-45,100.0
4323,N. Mejia,O. Krutykh,hard,3.7285310222975418e-28,100.0
4324,N. Mejia,O. Krutykh,clay,5.535373251933545e-41,100.0
4325,N. Mejia,O. Krutykh,grass,8.005572669098965e-29,100.0
4326,K. Deichmann,I. Khromacheva,hard,98.13959233462735,1.8604076653726542
4327,K. Deichmann,I. Khromacheva,clay,3.5268063648348633e-25,100.0
4328,K. Deichmann,I. Khromacheva,grass,7.517977091442121e-18,100.0
4329,P. Stearns,M. Sherif,hard,100.0,0.0
4330,P. Stearns,M. Sherif,clay,100.0,0.0
4331,P. Stearns,M. Sherif,grass,100.0,0.0
4332,P. Stearns,K. Boulter,hard,100.0,0.0
4333,P. Stearns,K. Boulter,clay,99.99999999996687,3.312905505481467e-11
4334,P. Stearns,K. Boulter,grass,99.99999999996687,3.312905505481467e-11
4335,P. Stearns,E. Avanesyan,hard,100.0,0.0
4336,P. Stearns,E. Avanesyan,clay,100.0,0.0
4337,P. Stearns,E. Avanesyan,grass,100.0,0.0
4338,P. Stearns,M. Bjorklund,hard,100.0,0.0
4339,P. Stearns,M. Bjorklund,clay,99.99999999998359,1.6409096303959814e-11
4340,P. Stearns,M. Bjorklund,grass,100.0,0.0
4341,P. Stearns,A. Sabalenka,hard,7.723475477209315e-22,100.0
4342,P. Stearns,A. Sabalenka,clay,1.9762548891114192e-28,100.0
4343,P. Stearns,A. Sabalenka,grass,1.8163873339812473e-23,100.0
4344,P. Stearns,J. Pegula,hard,2.1766192614916544e-11,99.99999999997823
4345,P. Stearns,J. Pegula,clay,6.317246504490174e-17,100.0
4346,P. Stearns,J. Pegula,grass,6.317246504490174e-17,100.0
4347,P. Stearns,J. Fourlis,hard,1.469787780937746e-25,100.0
4348,P. Stearns,J. Fourlis,clay,1.5222221944415006e-33,100.0
4349,P. Stearns,J. Fourlis,grass,1.0958707694630982e-26,100.0
4350,P. Stearns,T. Maria,hard,7.941719754252649e-20,100.0
4351,P. Stearns,T. Maria,clay,2.1825579191468436e-26,100.0
4352,P. Stearns,T. Maria,grass,1.5919934743664434e-20,100.0
4353,N. Stevanovic,V. Azarenka,hard,6.239577788952986e-43,100.0
4354,N. Stevanovic,V. Azarenka,clay,6.239577788952986e-43,100.0
4355,N. Stevanovic,V. Azarenka,grass,6.239577788952986e-43,100.0
4356,A. Bogdan,A. Bondar,hard,0.00018615718443043994,99.99981384281557
4357,A. Bogdan,A. Bondar,clay,100.0,0.0
4358,A. Bogdan,A. Bondar,grass,0.002739803517404222,99.9972601964826
4359,A. Bogdan,L. Siegemund,hard,100.0,0.0
4360,A. Bogdan,L. Siegemund,clay,99.99999993286961,6.713039013561684e-08
4361,A. Bogdan,L. Siegemund,grass,99.99920854462435,0.0007914553756482867
4362,A. Bogdan,B. Fruhvirtova,hard,9.849031463523781e-34,100.0
4363,A. Bogdan,B. Fruhvirtova,clay,8.239512265271603e-31,100.0
4364,A. Bogdan,B. Fruhvirtova,grass,2.148400816048171e-36,100.0
4365,A. Bogdan,S. Cirstea,hard,4.372563164549129e-28,100.0
4366,A. Bogdan,S. Cirstea,clay,8.209409952863221e-23,100.0
4367,A. Bogdan,S. Cirstea,grass,2.5112775545316435e-29,100.0
4368,J. Thompson,D. Kudla,hard,100.0,0.0
4369,J. Thompson,D. Kudla,clay,100.0,0.0
4370,J. Thompson,D. Kudla,grass,100.0,0.0
4371,J. Thompson,R. Hijikata,hard,99.99691810793901,0.003081892060996516
4372,J. Thompson,R. Hijikata,clay,99.96239358366725,0.037606416332747195
4373,J. Thompson,R. Hijikata,grass,100.0,0.0
4374,J. Thompson,C. Eubanks,hard,100.0,0.0
4375,J. Thompson,C. Eubanks,clay,100.0,0.0
4376,J. Thompson,C. Eubanks,grass,99.99999999999996,4.440892098500626e-14
4377,J. Thompson,T. Machac,hard,99.99999999999989,1.1102230246251565e-13
4378,J. Thompson,T. Machac,clay,4.969664261232229e-10,99.99999999950303
4379,J. Thompson,T. Machac,grass,2.1254361241279554e-12,99.99999999999788
4380,J. Thompson,F. Tiafoe,hard,6.592958572734597e-30,100.0
4381,J. Thompson,F. Tiafoe,clay,8.564211197033389e-38,100.0
4382,J. Thompson,F. Tiafoe,grass,4.179205312913883e-33,100.0
4383,J. Thompson,N. Djokovic,hard,3.0209155894031554e-29,100.0
4384,J. Thompson,N. Djokovic,clay,2.431580453236512e-40,100.0
4385,J. Thompson,N. Djokovic,grass,5.045442828680012e-34,100.0
4386,J. Thompson,T. Paul,hard,1.6392285292287114e-28,100.0
4387,J. Thompson,T. Paul,clay,1.9347581261236685e-39,100.0
4388,J. Thompson,T. Paul,grass,1.6174250310262012e-33,100.0
4389,F. A. Gomez,R. Olivo,hard,1.284760944434312,98.71523905556569
4390,F. A. Gomez,R. Olivo,clay,100.0,0.0
4391,F. A. Gomez,R. Olivo,grass,1.284760944434312,98.71523905556569
4392,S. Nagal,A. Bublik,hard,99.99999690926792,3.0907320813788886e-06
4393,S. Nagal,A. Bublik,clay,0.018100259300725285,99.98189974069928
4394,S. Nagal,A. Bublik,grass,5.537913698209216e-09,99.99999999446209
4395,S. Nagal,S. C. Hong,hard,6.788566138181076e-26,100.0
4396,S. Nagal,S. C. Hong,clay,8.511017391479396e-14,99.99999999999991
4397,S. Nagal,S. C. Hong,grass,2.603539969884964e-20,100.0
4398,S. Nagal,M. Raonic,hard,5.675501892953813e-41,100.0
4399,S. Nagal,M. Raonic,clay,1.8553314285564364e-34,100.0
4400,S. Nagal,M. Raonic,grass,3.824123094793204e-43,100.0
4401,S. Nagal,H. Rune,hard,7.188522855275595e-44,100.0
4402,S. Nagal,H. Rune,clay,1.1245215873646828e-40,100.0
4403,S. Nagal,H. Rune,grass,3.794580656324505e-40,100.0
4404,J. Ostapenko,R. Sramkova,hard,1.3745075389942676e-05,99.99998625492461
4405,J. Ostapenko,R. Sramkova,clay,100.0,0.0
4406,J. Ostapenko,R. Sramkova,grass,45.01660026875214,54.983399731247864
4407,J. Ostapenko,D. Kasatkina,hard,100.0,0.0
4408,J. Ostapenko,D. Kasatkina,clay,0.0017099049386547847,99.99829009506135
4409,J. Ostapenko,D. Kasatkina,grass,0.0017099049386547847,99.99829009506135
4410,J. Ostapenko,B. Krejcikova,hard,1.808953667300442e-07,99.99999981910463
4411,J. Ostapenko,B. Krejcikova,clay,3.174939861704594e-14,99.99999999999997
4412,J. Ostapenko,B. Krejcikova,grass,100.0,0.0
4413,J. Ostapenko,J. Pegula,hard,100.0,0.0
4414,J. Ostapenko,J. Pegula,clay,32.136628214777964,67.86337178522204
4415,J. Ostapenko,J. Pegula,grass,32.136628214777964,67.86337178522204
4416,J. Ostapenko,L. Fruhvirtova,hard,3.875752426132813e-08,99.99999996124248
4417,J. Ostapenko,L. Fruhvirtova,clay,100.0,0.0
4418,J. Ostapenko,L. Fruhvirtova,grass,0.7606541109902206,99.23934588900978
4419,J. Ostapenko,Q. Zheng,hard,5.155880370527447e-29,100.0
4420,J. Ostapenko,Q. Zheng,clay,5.155880370527447e-29,100.0
4421,J. Ostapenko,Q. Zheng,grass,5.155880370527447e-29,100.0
4422,J. Ostapenko,E. Rybakina,hard,9.611841725540693e-43,100.0
4423,J. Ostapenko,E. Rybakina,clay,2.11714902992718e-38,100.0
4424,J. Ostapenko,E. Rybakina,grass,2.11714902992718e-38,100.0
4425,J. Ostapenko,A. Sabalenka,hard,7.517435923984189e-47,100.0
4426,J. Ostapenko,A. Sabalenka,clay,2.6737540541829276e-45,100.0
4427,J. Ostapenko,A. Sabalenka,grass,2.4574628631950246e-40,100.0
4428,J. Brooksby,D. Schwartzman,hard,100.0,0.0
4429,J. Brooksby,D. Schwartzman,clay,0.3861074662329726,99.61389253376703
4430,J. Brooksby,D. Schwartzman,grass,36.518230316162935,63.481769683837065
4431,J. Brooksby,C. Norrie,hard,1.6544625414426833e-39,100.0
4432,J. Brooksby,C. Norrie,clay,2.7493565220957428e-31,100.0
4433,J. Brooksby,C. Norrie,grass,1.248205929951781e-35,100.0
4434,R. Bonadio,G. Blancaneaux,hard,2.1154599225101564e-58,100.0
4435,R. Bonadio,G. Blancaneaux,clay,6.4712409922446945e-65,100.0
4436,R. Bonadio,G. Blancaneaux,grass,2.1154599225101564e-58,100.0
4437,M. McDonald,D. Schwartzman,hard,100.0,0.0
4438,M. McDonald,D. Schwartzman,clay,99.9739669665171,0.026033033482897316
4439,M. McDonald,D. Schwartzman,grass,99.9999060858606,9.3914139398521e-05
4440,M. McDonald,F. Auger-Aliassime,hard,100.0,0.0
4441,M. McDonald,F. Auger-Aliassime,clay,99.420879321701,0.5791206782990055
4442,M. McDonald,F. Auger-Aliassime,grass,99.99428975563906,0.005710244360945804
4443,M. McDonald,J. Sinner,hard,3.1720403902346995e-21,100.0
4444,M. McDonald,J. Sinner,clay,1.233578304813399e-19,100.0
4445,M. McDonald,J. Sinner,grass,1.0462993485260354e-23,100.0
4446,M. McDonald,K. Khachanov,hard,3.0466282606557113e-31,100.0
4447,M. McDonald,K. Khachanov,clay,4.180924458265818e-36,100.0
4448,M. McDonald,K. Khachanov,grass,1.7204861898132383e-31,100.0
4449,M. McDonald,A. Davidovich Fokina,hard,7.56185903815266e-30,100.0
4450,M. McDonald,A. Davidovich Fokina,clay,1.3350937794736768e-32,100.0
4451,M. McDonald,A. Davidovich Fokina,grass,3.155362543149173e-29,100.0
4452,J. Paolini,D. Kasatkina,hard,99.99999999998934,1.0658141036401503e-11
4453,J. Paolini,D. Kasatkina,clay,100.0,0.0
4454,J. Paolini,D. Kasatkina,grass,99.9999999916771,8.322897926404949e-09
4455,J. Paolini,A. Kalinskaya,hard,100.0,0.0
4456,J. Paolini,A. Kalinskaya,clay,100.0,0.0
4457,J. Paolini,A. Kalinskaya,grass,100.0,0.0
4458,J. Paolini,D. Vekic,hard,100.0,0.0
4459,J. Paolini,D. Vekic,clay,100.0,0.0
4460,J. Paolini,D. Vekic,grass,100.0,0.0
4461,J. Paolini,C. Garcia,hard,75.77599679006863,24.224003209931368
4462,J. Paolini,C. Garcia,clay,100.0,0.0
4463,J. Paolini,C. Garcia,grass,96.98499170938771,3.0150082906122866
4464,J. Paolini,M. Sakkari,hard,100.0,0.0
4465,J. Paolini,M. Sakkari,clay,99.99999999630293,3.6970648764622638e-09
4466,J. Paolini,M. Sakkari,grass,99.99999999630293,3.6970648764622638e-09
4467,J. Paolini,S. Cirstea,hard,100.0,0.0
4468,J. Paolini,S. Cirstea,clay,99.99999999999156,8.43769498715119e-12
4469,J. Paolini,S. Cirstea,grass,99.99999999999156,8.43769498715119e-12
4470,J. Paolini,A. Potapova,hard,9.683640992691393e-05,99.99990316359008
4471,J. Paolini,A. Potapova,clay,1.6129855236506457e-12,99.9999999999984
4472,J. Paolini,A. Potapova,grass,1.6129855236506457e-12,99.9999999999984
4473,H. Baptiste,M. Frech,hard,0.00011065720871054647,99.99988934279129
4474,H. Baptiste,M. Frech,clay,0.00021242948722104645,99.99978757051278
4475,H. Baptiste,M. Frech,grass,3.385033438263448e-11,99.99999999996615
4476,C. Burel,J. Pegula,hard,100.0,0.0
4477,C. Burel,J. Pegula,clay,64.48551537768672,35.51448462231327
4478,C. Burel,J. Pegula,grass,64.48551537768672,35.51448462231327
4479,C. Burel,B. Pera,hard,99.99843244692919,0.0015675530708136876
4480,C. Burel,B. Pera,clay,100.0,0.0
4481,C. Burel,B. Pera,grass,99.99989748459785,0.0001025154021450092
4482,C. Burel,D. Vekic,hard,1.6802921831375098e-27,100.0
4483,C. Burel,D. Vekic,clay,1.6802921831375098e-27,100.0
4484,C. Burel,D. Vekic,grass,1.6802921831375098e-27,100.0
4485,C. Gauff,P. Martic,hard,100.0,0.0
4486,C. Gauff,P. Martic,clay,99.99958762768428,0.00041237231572788247
4487,C. Gauff,P. Martic,grass,99.99958762768428,0.00041237231572788247
4488,C. Gauff,B. Bencic,hard,100.0,0.0
4489,C. Gauff,B. Bencic,clay,1.6935711822078123,98.3064288177922
4490,C. Gauff,B. Bencic,grass,1.6935711822078123,98.3064288177922
4491,C. Gauff,Y. Yuan,hard,100.0,0.0
4492,C. Gauff,Y. Yuan,clay,4.677137818199251,95.32286218180074
4493,C. Gauff,Y. Yuan,grass,4.677137818199251,95.32286218180074
4494,C. Gauff,O. Jabeur,hard,100.0,0.0
4495,C. Gauff,O. Jabeur,clay,1.663098621716467e-07,99.99999983369014
4496,C. Gauff,O. Jabeur,grass,0.003663084309773083,99.99633691569024
4497,C. Gauff,Q. Zheng,hard,99.99832776886704,0.0016722311329542272
4498,C. Gauff,Q. Zheng,clay,100.0,0.0
4499,C. Gauff,Q. Zheng,grass,99.99832776886704,0.0016722311329542272
4500,C. Gauff,B. Fruhvirtova,hard,99.99999999999993,6.661338147750939e-14
4501,C. Gauff,B. Fruhvirtova,clay,3.5465423476572274e-08,99.99999996453458
4502,C. Gauff,B. Fruhvirtova,grass,3.022986316954148e-07,99.99999969770137
4503,C. Gauff,E. Mertens,hard,100.0,0.0
4504,C. Gauff,E. Mertens,clay,99.9930474678091,0.006952532190895866
4505,C. Gauff,E. Mertens,grass,99.9930474678091,0.006952532190895866
4506,C. Gauff,M. Kostyuk,hard,100.0,0.0
4507,C. Gauff,M. Kostyuk,clay,3.190590146323426e-10,99.99999999968094
4508,C. Gauff,M. Kostyuk,grass,0.0010429985831063894,99.99895700141688
4509,C. Gauff,E. Navarro,hard,99.99782038866016,0.0021796113398364625
4510,C. Gauff,E. Navarro,clay,2.2619045789203185e-17,100.0
4511,C. Gauff,E. Navarro,grass,7.394205363359269e-11,99.99999999992606
4512,C. Gauff,A. K. Schmiedlova,hard,99.9965247866815,0.003475213318493431
4513,C. Gauff,A. K. Schmiedlova,clay,2.3037389502085725e-17,100.0
4514,C. Gauff,A. K. Schmiedlova,grass,7.530962649866813e-11,99.9999999999247
4515,C. Gauff,C. Liu,hard,100.0,0.0
4516,C. Gauff,C. Liu,clay,3.8267527900498894,96.1732472099501
4517,C. Gauff,C. Liu,grass,80.07917235517277,19.920827644827234
4518,C. Gauff,M. Sakkari,hard,6.60280191644162e-42,100.0
4519,C. Gauff,M. Sakkari,clay,1.454363905623856e-37,100.0
4520,C. Gauff,M. Sakkari,grass,1.454363905623856e-37,100.0
4521,C. Gauff,C. Garcia,hard,2.8016109324930685e-55,100.0
4522,C. Gauff,C. Garcia,clay,7.852390974987124e-51,100.0
4523,C. Gauff,C. Garcia,grass,1.7296042121800284e-46,100.0
4524,C. Gauff,J. Pegula,hard,4.4348045006931426e-36,100.0
4525,C. Gauff,J. Pegula,clay,1.7891278290907863e-33,100.0
4526,C. Gauff,J. Pegula,grass,1.7891278290907863e-33,100.0
4527,C. Gauff,M. Keys,hard,7.895596671190123e-52,100.0
4528,C. Gauff,M. Keys,clay,1.6667015682071193e-51,100.0
4529,C. Gauff,M. Keys,grass,7.23519860333811e-44,100.0
4530,C. Gauff,V. Kudermetova,hard,2.0521497101611486e-29,100.0
4531,C. Gauff,V. Kudermetova,clay,2.0521497101611486e-29,100.0
4532,C. Gauff,V. Kudermetova,grass,2.0521497101611486e-29,100.0
4533,C. Gauff,E. Alexandrova,hard,1.5259221713088327e-37,100.0
4534,C. Gauff,E. Alexandrova,clay,2.7948239462006154e-39,100.0
4535,C. Gauff,E. Alexandrova,grass,6.156009405349371e-35,100.0
4536,C. Gauff,A. Sabalenka,hard,1.573637815914567e-46,100.0
4537,C. Gauff,A. Sabalenka,clay,5.597015435400191e-45,100.0
4538,C. Gauff,A. Sabalenka,grass,5.144249358203716e-40,100.0
4539,T. Daniel,F. Comesana,hard,100.0,0.0
4540,T. Daniel,F. Comesana,clay,99.99999999870397,1.2960299500264227e-09
4541,T. Daniel,F. Comesana,grass,99.99994168604377,5.8313956230460207e-05
4542,T. Daniel,A. Vukic,hard,100.0,0.0
4543,T. Daniel,A. Vukic,clay,7.800170090123553e-10,99.99999999921998
4544,T. Daniel,A. Vukic,grass,3.6954581660148163e-07,99.99999963045418
4545,T. Daniel,A. Tabilo,hard,5.12072406777781e-21,100.0
4546,T. Daniel,A. Tabilo,clay,1.954230421862349e-20,100.0
4547,T. Daniel,A. Tabilo,grass,4.343307786130348e-25,100.0
4548,T. Daniel,A. Rai,hard,2.1638344031364697e-25,100.0
4549,T. Daniel,A. Rai,clay,1.0347360454257389e-24,100.0
4550,T. Daniel,A. Rai,grass,6.408002553172784e-22,100.0
4551,T. Daniel,C. O&apos;Connell,hard,4.9467030962286026e-26,100.0
4552,T. Daniel,C. O&apos;Connell,clay,8.570682774783128e-30,100.0
4553,T. Daniel,C. O&apos;Connell,grass,4.19570626910355e-30,100.0
